code,weather_csv,rows,train_rows,test_rows,test_start,test_end,task,model,metric,calendar_score,both_score,gain,evaluation_wall_s,resolution_deg,scheme,capacity_layout,capacity_years,capacity_dir,run_id,workers,calendar_mae,both_mae,mae_reduction,era,era_label,source_model_results
at,data/country_weather_by_era/covid/weather_era5_at_capacity_0p25deg.csv,17543,14034,3509,2021-08-07 18:00:00+00:00,2021-12-31 22:00:00+00:00,classification,LogReg,auc,0.8252015639443886,0.9201131329291512,0.0949115689847625,4.770152417011559,0.25,capacity,annual,"2020,2021",data/capacity_weights_pre_and_covid_by_year,20260723T010736Z-c3284c32,8,,,,covid,COVID (2020-2021),results/covid_era_spatial_resolution/covid/model_results.csv
be,data/country_weather_by_era/covid/weather_era5_be_capacity_0p25deg.csv,17543,14034,3509,2021-08-07 18:00:00+00:00,2021-12-31 22:00:00+00:00,classification,LogReg,auc,0.6305685207454361,0.9724367989455732,0.3418682782001372,4.731248083990067,0.25,capacity,annual,"2020,2021",data/capacity_weights_pre_and_covid_by_year,20260723T010736Z-c3284c32,8,,,,covid,COVID (2020-2021),results/covid_era_spatial_resolution/covid/model_results.csv
bg,data/country_weather_by_era/covid/weather_era5_bg_capacity_0p25deg.csv,17541,14032,3509,2021-08-07 17:00:00+00:00,2021-12-31 21:00:00+00:00,classification,LogReg,auc,,,,0.5330742920050398,0.25,capacity,annual,"2020,2021",data/capacity_weights_pre_and_covid_by_year,20260723T010736Z-c3284c32,8,,,,covid,COVID (2020-2021),results/covid_era_spatial_resolution/covid/model_results.csv
cz,data/country_weather_by_era/covid/weather_era5_cz_capacity_0p25deg.csv,17543,14034,3509,2021-08-07 18:00:00+00:00,2021-12-31 22:00:00+00:00,classification,LogReg,auc,,,,0.5099879589979537,0.25,capacity,annual,"2020,2021",data/capacity_weights_pre_and_covid_by_year,20260723T010736Z-c3284c32,8,,,,covid,COVID (2020-2021),results/covid_era_spatial_resolution/covid/model_results.csv
de,data/country_weather_by_era/covid/weather_era5_de_capacity_0p25deg.csv,17543,14034,3509,2021-08-07 18:00:00+00:00,2021-12-31 22:00:00+00:00,classification,LogReg,auc,0.585276150891114,0.9689356641957746,0.3836595133046606,4.63103162497282,0.25,capacity,annual,"2020,2021",data/capacity_weights_pre_and_covid_by_year,20260723T010736Z-c3284c32,8,,,,covid,COVID (2020-2021),results/covid_era_spatial_resolution/covid/model_results.csv
dk,data/country_weather_by_era/covid/weather_era5_dk_capacity_0p25deg.csv,17542,14033,3509,2021-08-07 18:00:00+00:00,2021-12-31 22:00:00+00:00,classification,LogReg,auc,0.5858872060903142,0.9840418672469756,0.3981546611566615,5.238850541994907,0.25,capacity,annual,"2020,2021",data/capacity_weights_pre_and_covid_by_year,20260723T010736Z-c3284c32,8,,,,covid,COVID (2020-2021),results/covid_era_spatial_resolution/covid/model_results.csv
es,data/country_weather_by_era/covid/weather_era5_es_capacity_0p25deg.csv,17542,14033,3509,2021-08-07 18:00:00+00:00,2021-12-31 22:00:00+00:00,classification,LogReg,auc,0.7331941398997199,0.9493429075436008,0.2161487676438809,4.781319625035394,0.25,capacity,annual,"2020,2021",data/capacity_weights_pre_and_covid_by_year,20260723T010736Z-c3284c32,8,,,,covid,COVID (2020-2021),results/covid_era_spatial_resolution/covid/model_results.csv
fr,data/country_weather_by_era/covid/weather_era5_fr_capacity_0p25deg.csv,17532,14025,3507,2021-08-07 16:00:00+00:00,2021-12-31 22:00:00+00:00,classification,LogReg,auc,,,,1.6137695409706794,0.25,capacity,annual,"2020,2021",data/capacity_weights_pre_and_covid_by_year,20260723T010736Z-c3284c32,8,,,,covid,COVID (2020-2021),results/covid_era_spatial_resolution/covid/model_results.csv
gr,data/country_weather_by_era/covid/weather_era5_gr_capacity_0p25deg.csv,17538,14030,3508,2021-08-07 18:00:00+00:00,2021-12-31 21:00:00+00:00,classification,LogReg,auc,0.6948988555054071,0.9420364242525038,0.2471375687470967,4.699759291019291,0.25,capacity,annual,"2020,2021",data/capacity_weights_pre_and_covid_by_year,20260723T010736Z-c3284c32,8,,,,covid,COVID (2020-2021),results/covid_era_spatial_resolution/covid/model_results.csv
hr,data/country_weather_by_era/covid/weather_era5_hr_capacity_0p25deg.csv,17543,14034,3509,2021-08-07 18:00:00+00:00,2021-12-31 22:00:00+00:00,classification,LogReg,auc,0.8521859156885896,0.9134641294534342,0.0612782137648446,5.0896780409966595,0.25,capacity,annual,"2020,2021",data/capacity_weights_pre_and_covid_by_year,20260723T010736Z-c3284c32,8,,,,covid,COVID (2020-2021),results/covid_era_spatial_resolution/covid/model_results.csv
ie,data/country_weather_by_era/covid/weather_era5_ie_capacity_0p25deg.csv,17235,13788,3447,2021-08-03 14:00:00+00:00,2021-12-31 23:00:00+00:00,classification,LogReg,auc,0.6518501278508062,0.9847104104227578,0.3328602825719515,4.452663499978371,0.25,capacity,annual,"2020,2021",data/capacity_weights_pre_and_covid_by_year,20260723T010736Z-c3284c32,8,,,,covid,COVID (2020-2021),results/covid_era_spatial_resolution/covid/model_results.csv
lt,data/country_weather_by_era/covid/weather_era5_lt_capacity_0p25deg.csv,17542,14033,3509,2021-08-07 17:00:00+00:00,2021-12-31 21:00:00+00:00,classification,LogReg,auc,0.8506846515430206,0.9953607193950542,0.1446760678520335,4.344740541011561,0.25,capacity,annual,"2020,2021",data/capacity_weights_pre_and_covid_by_year,20260723T010736Z-c3284c32,8,,,,covid,COVID (2020-2021),results/covid_era_spatial_resolution/covid/model_results.csv
lv,data/country_weather_by_era/covid/weather_era5_lv_capacity_0p25deg.csv,17531,14024,3507,2021-08-07 16:00:00+00:00,2021-12-31 21:00:00+00:00,classification,LogReg,auc,0.8064592563679278,0.8089653997483344,0.0025061433804065,4.829269415989984,0.25,capacity,annual,"2020,2021",data/capacity_weights_pre_and_covid_by_year,20260723T010736Z-c3284c32,8,,,,covid,COVID (2020-2021),results/covid_era_spatial_resolution/covid/model_results.csv
nl,data/country_weather_by_era/covid/weather_era5_nl_capacity_0p25deg.csv,17543,14034,3509,2021-08-07 18:00:00+00:00,2021-12-31 22:00:00+00:00,classification,LogReg,auc,,,,0.37310275004711,0.25,capacity,annual,"2020,2021",data/capacity_weights_pre_and_covid_by_year,20260723T010736Z-c3284c32,8,,,,covid,COVID (2020-2021),results/covid_era_spatial_resolution/covid/model_results.csv
pt,data/country_weather_by_era/covid/weather_era5_pt_capacity_0p25deg.csv,17544,14035,3509,2021-08-07 19:00:00+00:00,2021-12-31 23:00:00+00:00,classification,LogReg,auc,0.7708984124158149,0.9272180004580026,0.1563195880421877,5.190962875029072,0.25,capacity,annual,"2020,2021",data/capacity_weights_pre_and_covid_by_year,20260723T010736Z-c3284c32,8,,,,covid,COVID (2020-2021),results/covid_era_spatial_resolution/covid/model_results.csv
ro,data/country_weather_by_era/covid/weather_era5_ro_capacity_0p25deg.csv,17465,13972,3493,2021-08-07 23:00:00+00:00,2021-12-31 21:00:00+00:00,classification,LogReg,auc,0.3779077669256085,0.8807112686378233,0.5028035017122148,5.2478584999917075,0.25,capacity,annual,"2020,2021",data/capacity_weights_pre_and_covid_by_year,20260723T010736Z-c3284c32,8,,,,covid,COVID (2020-2021),results/covid_era_spatial_resolution/covid/model_results.csv
rs,data/country_weather_by_era/covid/weather_era5_rs_capacity_0p25deg.csv,17543,14034,3509,2021-08-07 18:00:00+00:00,2021-12-31 22:00:00+00:00,classification,LogReg,auc,,,,0.4616895420476794,0.25,capacity,annual,"2020,2021",data/capacity_weights_pre_and_covid_by_year,20260723T010736Z-c3284c32,8,,,,covid,COVID (2020-2021),results/covid_era_spatial_resolution/covid/model_results.csv
si,data/country_weather_by_era/covid/weather_era5_si_capacity_0p25deg.csv,17543,14034,3509,2021-08-07 18:00:00+00:00,2021-12-31 22:00:00+00:00,classification,LogReg,auc,0.6493098365049584,0.5987670865719646,-0.0505427499329937,5.11185912496876,0.25,capacity,annual,"2020,2021",data/capacity_weights_pre_and_covid_by_year,20260723T010736Z-c3284c32,8,,,,covid,COVID (2020-2021),results/covid_era_spatial_resolution/covid/model_results.csv
sk,data/country_weather_by_era/covid/weather_era5_sk_capacity_0p25deg.csv,17521,14016,3505,2021-08-07 18:00:00+00:00,2021-12-31 22:00:00+00:00,classification,LogReg,auc,,,,0.5246366250212304,0.25,capacity,annual,"2020,2021",data/capacity_weights_pre_and_covid_by_year,20260723T010736Z-c3284c32,8,,,,covid,COVID (2020-2021),results/covid_era_spatial_resolution/covid/model_results.csv
at,data/country_weather_by_era/covid/weather_era5_at_capacity_0p5deg.csv,17543,14034,3509,2021-08-07 18:00:00+00:00,2021-12-31 22:00:00+00:00,classification,LogReg,auc,0.8252015639443886,0.919874718477086,0.0946731545326974,4.928450209030416,0.5,capacity,annual,"2020,2021",data/capacity_weights_pre_and_covid_by_year,20260723T010736Z-c3284c32,8,,,,covid,COVID (2020-2021),results/covid_era_spatial_resolution/covid/model_results.csv
be,data/country_weather_by_era/covid/weather_era5_be_capacity_0p5deg.csv,17543,14034,3509,2021-08-07 18:00:00+00:00,2021-12-31 22:00:00+00:00,classification,LogReg,auc,0.6305685207454361,0.9722465673385918,0.3416780465931557,4.758783333003521,0.5,capacity,annual,"2020,2021",data/capacity_weights_pre_and_covid_by_year,20260723T010736Z-c3284c32,8,,,,covid,COVID (2020-2021),results/covid_era_spatial_resolution/covid/model_results.csv
bg,data/country_weather_by_era/covid/weather_era5_bg_capacity_0p5deg.csv,17541,14032,3509,2021-08-07 17:00:00+00:00,2021-12-31 21:00:00+00:00,classification,LogReg,auc,,,,0.5122051250073127,0.5,capacity,annual,"2020,2021",data/capacity_weights_pre_and_covid_by_year,20260723T010736Z-c3284c32,8,,,,covid,COVID (2020-2021),results/covid_era_spatial_resolution/covid/model_results.csv
cz,data/country_weather_by_era/covid/weather_era5_cz_capacity_0p5deg.csv,17543,14034,3509,2021-08-07 18:00:00+00:00,2021-12-31 22:00:00+00:00,classification,LogReg,auc,,,,0.485064709035214,0.5,capacity,annual,"2020,2021",data/capacity_weights_pre_and_covid_by_year,20260723T010736Z-c3284c32,8,,,,covid,COVID (2020-2021),results/covid_era_spatial_resolution/covid/model_results.csv
de,data/country_weather_by_era/covid/weather_era5_de_capacity_0p5deg.csv,17543,14034,3509,2021-08-07 18:00:00+00:00,2021-12-31 22:00:00+00:00,classification,LogReg,auc,0.585276150891114,0.9688941739552424,0.3836180230641285,4.9656292499857955,0.5,capacity,annual,"2020,2021",data/capacity_weights_pre_and_covid_by_year,20260723T010736Z-c3284c32,8,,,,covid,COVID (2020-2021),results/covid_era_spatial_resolution/covid/model_results.csv
dk,data/country_weather_by_era/covid/weather_era5_dk_capacity_0p5deg.csv,17542,14033,3509,2021-08-07 18:00:00+00:00,2021-12-31 22:00:00+00:00,classification,LogReg,auc,0.5858872060903142,0.9843371507704484,0.398449944680134,5.249339125002734,0.5,capacity,annual,"2020,2021",data/capacity_weights_pre_and_covid_by_year,20260723T010736Z-c3284c32,8,,,,covid,COVID (2020-2021),results/covid_era_spatial_resolution/covid/model_results.csv
es,data/country_weather_by_era/covid/weather_era5_es_capacity_0p5deg.csv,17542,14033,3509,2021-08-07 18:00:00+00:00,2021-12-31 22:00:00+00:00,classification,LogReg,auc,0.7331941398997199,0.9470810293338122,0.2138868894340923,5.210274250013754,0.5,capacity,annual,"2020,2021",data/capacity_weights_pre_and_covid_by_year,20260723T010736Z-c3284c32,8,,,,covid,COVID (2020-2021),results/covid_era_spatial_resolution/covid/model_results.csv
fr,data/country_weather_by_era/covid/weather_era5_fr_capacity_0p5deg.csv,17532,14025,3507,2021-08-07 16:00:00+00:00,2021-12-31 22:00:00+00:00,classification,LogReg,auc,,,,0.5108279580017552,0.5,capacity,annual,"2020,2021",data/capacity_weights_pre_and_covid_by_year,20260723T010736Z-c3284c32,8,,,,covid,COVID (2020-2021),results/covid_era_spatial_resolution/covid/model_results.csv
gr,data/country_weather_by_era/covid/weather_era5_gr_capacity_0p5deg.csv,17538,14030,3508,2021-08-07 18:00:00+00:00,2021-12-31 21:00:00+00:00,classification,LogReg,auc,0.6948988555054071,0.9407417708984483,0.2458429153930412,4.9688474999857135,0.5,capacity,annual,"2020,2021",data/capacity_weights_pre_and_covid_by_year,20260723T010736Z-c3284c32,8,,,,covid,COVID (2020-2021),results/covid_era_spatial_resolution/covid/model_results.csv
hr,data/country_weather_by_era/covid/weather_era5_hr_capacity_0p5deg.csv,17543,14034,3509,2021-08-07 18:00:00+00:00,2021-12-31 22:00:00+00:00,classification,LogReg,auc,0.8521859156885896,0.911155983054379,0.0589700673657893,5.004471458029002,0.5,capacity,annual,"2020,2021",data/capacity_weights_pre_and_covid_by_year,20260723T010736Z-c3284c32,8,,,,covid,COVID (2020-2021),results/covid_era_spatial_resolution/covid/model_results.csv
ie,data/country_weather_by_era/covid/weather_era5_ie_capacity_0p5deg.csv,17235,13788,3447,2021-08-03 14:00:00+00:00,2021-12-31 23:00:00+00:00,classification,LogReg,auc,0.6518501278508062,0.9839061338382912,0.3320560059874849,4.4659467919846065,0.5,capacity,annual,"2020,2021",data/capacity_weights_pre_and_covid_by_year,20260723T010736Z-c3284c32,8,,,,covid,COVID (2020-2021),results/covid_era_spatial_resolution/covid/model_results.csv
lt,data/country_weather_by_era/covid/weather_era5_lt_capacity_0p5deg.csv,17542,14033,3509,2021-08-07 17:00:00+00:00,2021-12-31 21:00:00+00:00,classification,LogReg,auc,0.8506846515430206,0.9950541590026568,0.1443695074596361,4.233403499994893,0.5,capacity,annual,"2020,2021",data/capacity_weights_pre_and_covid_by_year,20260723T010736Z-c3284c32,8,,,,covid,COVID (2020-2021),results/covid_era_spatial_resolution/covid/model_results.csv
lv,data/country_weather_by_era/covid/weather_era5_lv_capacity_0p5deg.csv,17531,14024,3507,2021-08-07 16:00:00+00:00,2021-12-31 21:00:00+00:00,classification,LogReg,auc,0.8064592563679278,0.809152477677344,0.0026932213094161,4.927675457962323,0.5,capacity,annual,"2020,2021",data/capacity_weights_pre_and_covid_by_year,20260723T010736Z-c3284c32,8,,,,covid,COVID (2020-2021),results/covid_era_spatial_resolution/covid/model_results.csv
nl,data/country_weather_by_era/covid/weather_era5_nl_capacity_0p5deg.csv,17543,14034,3509,2021-08-07 18:00:00+00:00,2021-12-31 22:00:00+00:00,classification,LogReg,auc,,,,0.3892594579956494,0.5,capacity,annual,"2020,2021",data/capacity_weights_pre_and_covid_by_year,20260723T010736Z-c3284c32,8,,,,covid,COVID (2020-2021),results/covid_era_spatial_resolution/covid/model_results.csv
pt,data/country_weather_by_era/covid/weather_era5_pt_capacity_0p5deg.csv,17544,14035,3509,2021-08-07 19:00:00+00:00,2021-12-31 23:00:00+00:00,classification,LogReg,auc,0.7708984124158149,0.926569729554154,0.155671317138339,5.124592624953948,0.5,capacity,annual,"2020,2021",data/capacity_weights_pre_and_covid_by_year,20260723T010736Z-c3284c32,8,,,,covid,COVID (2020-2021),results/covid_era_spatial_resolution/covid/model_results.csv
ro,data/country_weather_by_era/covid/weather_era5_ro_capacity_0p5deg.csv,17465,13972,3493,2021-08-07 23:00:00+00:00,2021-12-31 21:00:00+00:00,classification,LogReg,auc,0.3779077669256085,0.8968913643086517,0.5189835973830432,5.3337397500290535,0.5,capacity,annual,"2020,2021",data/capacity_weights_pre_and_covid_by_year,20260723T010736Z-c3284c32,8,,,,covid,COVID (2020-2021),results/covid_era_spatial_resolution/covid/model_results.csv
rs,data/country_weather_by_era/covid/weather_era5_rs_capacity_0p5deg.csv,17543,14034,3509,2021-08-07 18:00:00+00:00,2021-12-31 22:00:00+00:00,classification,LogReg,auc,,,,0.4548957080114633,0.5,capacity,annual,"2020,2021",data/capacity_weights_pre_and_covid_by_year,20260723T010736Z-c3284c32,8,,,,covid,COVID (2020-2021),results/covid_era_spatial_resolution/covid/model_results.csv
si,data/country_weather_by_era/covid/weather_era5_si_capacity_0p5deg.csv,17543,14034,3509,2021-08-07 18:00:00+00:00,2021-12-31 22:00:00+00:00,classification,LogReg,auc,0.6493098365049584,0.5968328419547932,-0.0524769945501651,5.172437084023841,0.5,capacity,annual,"2020,2021",data/capacity_weights_pre_and_covid_by_year,20260723T010736Z-c3284c32,8,,,,covid,COVID (2020-2021),results/covid_era_spatial_resolution/covid/model_results.csv
sk,data/country_weather_by_era/covid/weather_era5_sk_capacity_0p5deg.csv,17521,14016,3505,2021-08-07 18:00:00+00:00,2021-12-31 22:00:00+00:00,classification,LogReg,auc,,,,0.546111916017253,0.5,capacity,annual,"2020,2021",data/capacity_weights_pre_and_covid_by_year,20260723T010736Z-c3284c32,8,,,,covid,COVID (2020-2021),results/covid_era_spatial_resolution/covid/model_results.csv
at,data/country_weather_by_era/covid/weather_era5_at_capacity_1p0deg.csv,17543,14034,3509,2021-08-07 18:00:00+00:00,2021-12-31 22:00:00+00:00,classification,LogReg,auc,0.8252015639443886,0.9173514705172132,0.0921499065728245,4.76586025004508,1.0,capacity,annual,"2020,2021",data/capacity_weights_pre_and_covid_by_year,20260723T010736Z-c3284c32,8,,,,covid,COVID (2020-2021),results/covid_era_spatial_resolution/covid/model_results.csv
be,data/country_weather_by_era/covid/weather_era5_be_capacity_1p0deg.csv,17543,14034,3509,2021-08-07 18:00:00+00:00,2021-12-31 22:00:00+00:00,classification,LogReg,auc,0.6305685207454361,0.9723960350297916,0.3418275142843555,4.8205771669745445,1.0,capacity,annual,"2020,2021",data/capacity_weights_pre_and_covid_by_year,20260723T010736Z-c3284c32,8,,,,covid,COVID (2020-2021),results/covid_era_spatial_resolution/covid/model_results.csv
bg,data/country_weather_by_era/covid/weather_era5_bg_capacity_1p0deg.csv,17541,14032,3509,2021-08-07 17:00:00+00:00,2021-12-31 21:00:00+00:00,classification,LogReg,auc,,,,0.5254508749931119,1.0,capacity,annual,"2020,2021",data/capacity_weights_pre_and_covid_by_year,20260723T010736Z-c3284c32,8,,,,covid,COVID (2020-2021),results/covid_era_spatial_resolution/covid/model_results.csv
cz,data/country_weather_by_era/covid/weather_era5_cz_capacity_1p0deg.csv,17543,14034,3509,2021-08-07 18:00:00+00:00,2021-12-31 22:00:00+00:00,classification,LogReg,auc,,,,0.4860486669931561,1.0,capacity,annual,"2020,2021",data/capacity_weights_pre_and_covid_by_year,20260723T010736Z-c3284c32,8,,,,covid,COVID (2020-2021),results/covid_era_spatial_resolution/covid/model_results.csv
de,data/country_weather_by_era/covid/weather_era5_de_capacity_1p0deg.csv,17543,14034,3509,2021-08-07 18:00:00+00:00,2021-12-31 22:00:00+00:00,classification,LogReg,auc,0.585276150891114,0.9690275354426676,0.3837513845515535,5.06065708398819,1.0,capacity,annual,"2020,2021",data/capacity_weights_pre_and_covid_by_year,20260723T010736Z-c3284c32,8,,,,covid,COVID (2020-2021),results/covid_era_spatial_resolution/covid/model_results.csv
dk,data/country_weather_by_era/covid/weather_era5_dk_capacity_1p0deg.csv,17542,14033,3509,2021-08-07 18:00:00+00:00,2021-12-31 22:00:00+00:00,classification,LogReg,auc,0.5858872060903142,0.9846763971013855,0.3987891910110713,5.305830917030107,1.0,capacity,annual,"2020,2021",data/capacity_weights_pre_and_covid_by_year,20260723T010736Z-c3284c32,8,,,,covid,COVID (2020-2021),results/covid_era_spatial_resolution/covid/model_results.csv
es,data/country_weather_by_era/covid/weather_era5_es_capacity_1p0deg.csv,17542,14033,3509,2021-08-07 18:00:00+00:00,2021-12-31 22:00:00+00:00,classification,LogReg,auc,0.7331941398997199,0.9418392795590224,0.2086451396593025,5.36448054201901,1.0,capacity,annual,"2020,2021",data/capacity_weights_pre_and_covid_by_year,20260723T010736Z-c3284c32,8,,,,covid,COVID (2020-2021),results/covid_era_spatial_resolution/covid/model_results.csv
fr,data/country_weather_by_era/covid/weather_era5_fr_capacity_1p0deg.csv,17532,14025,3507,2021-08-07 16:00:00+00:00,2021-12-31 22:00:00+00:00,classification,LogReg,auc,,,,0.5373980409931391,1.0,capacity,annual,"2020,2021",data/capacity_weights_pre_and_covid_by_year,20260723T010736Z-c3284c32,8,,,,covid,COVID (2020-2021),results/covid_era_spatial_resolution/covid/model_results.csv
gr,data/country_weather_by_era/covid/weather_era5_gr_capacity_1p0deg.csv,17538,14030,3508,2021-08-07 18:00:00+00:00,2021-12-31 21:00:00+00:00,classification,LogReg,auc,0.6948988555054071,0.9354508490517344,0.2405519935463274,5.052161042054649,1.0,capacity,annual,"2020,2021",data/capacity_weights_pre_and_covid_by_year,20260723T010736Z-c3284c32,8,,,,covid,COVID (2020-2021),results/covid_era_spatial_resolution/covid/model_results.csv
hr,data/country_weather_by_era/covid/weather_era5_hr_capacity_1p0deg.csv,17543,14034,3509,2021-08-07 18:00:00+00:00,2021-12-31 22:00:00+00:00,classification,LogReg,auc,0.8521859156885896,0.9074324605875408,0.0552465448989513,5.124842291988898,1.0,capacity,annual,"2020,2021",data/capacity_weights_pre_and_covid_by_year,20260723T010736Z-c3284c32,8,,,,covid,COVID (2020-2021),results/covid_era_spatial_resolution/covid/model_results.csv
ie,data/country_weather_by_era/covid/weather_era5_ie_capacity_1p0deg.csv,17235,13788,3447,2021-08-03 14:00:00+00:00,2021-12-31 23:00:00+00:00,classification,LogReg,auc,0.6518501278508062,0.9831589483896132,0.331308820538807,4.4359036249807104,1.0,capacity,annual,"2020,2021",data/capacity_weights_pre_and_covid_by_year,20260723T010736Z-c3284c32,8,,,,covid,COVID (2020-2021),results/covid_era_spatial_resolution/covid/model_results.csv
lt,data/country_weather_by_era/covid/weather_era5_lt_capacity_1p0deg.csv,17542,14033,3509,2021-08-07 17:00:00+00:00,2021-12-31 21:00:00+00:00,classification,LogReg,auc,0.8506846515430206,0.9956468424279584,0.1449621908849376,4.252136374998372,1.0,capacity,annual,"2020,2021",data/capacity_weights_pre_and_covid_by_year,20260723T010736Z-c3284c32,8,,,,covid,COVID (2020-2021),results/covid_era_spatial_resolution/covid/model_results.csv
lv,data/country_weather_by_era/covid/weather_era5_lv_capacity_1p0deg.csv,17531,14024,3507,2021-08-07 16:00:00+00:00,2021-12-31 21:00:00+00:00,classification,LogReg,auc,0.8064592563679278,0.8100043022532377,0.0035450458853099,4.880490124982316,1.0,capacity,annual,"2020,2021",data/capacity_weights_pre_and_covid_by_year,20260723T010736Z-c3284c32,8,,,,covid,COVID (2020-2021),results/covid_era_spatial_resolution/covid/model_results.csv
nl,data/country_weather_by_era/covid/weather_era5_nl_capacity_1p0deg.csv,17543,14034,3509,2021-08-07 18:00:00+00:00,2021-12-31 22:00:00+00:00,classification,LogReg,auc,,,,0.361803832987789,1.0,capacity,annual,"2020,2021",data/capacity_weights_pre_and_covid_by_year,20260723T010736Z-c3284c32,8,,,,covid,COVID (2020-2021),results/covid_era_spatial_resolution/covid/model_results.csv
pt,data/country_weather_by_era/covid/weather_era5_pt_capacity_1p0deg.csv,17544,14035,3509,2021-08-07 19:00:00+00:00,2021-12-31 23:00:00+00:00,classification,LogReg,auc,0.7708984124158149,0.924850860318006,0.1539524479021912,5.1898914580233395,1.0,capacity,annual,"2020,2021",data/capacity_weights_pre_and_covid_by_year,20260723T010736Z-c3284c32,8,,,,covid,COVID (2020-2021),results/covid_era_spatial_resolution/covid/model_results.csv
ro,data/country_weather_by_era/covid/weather_era5_ro_capacity_1p0deg.csv,17465,13972,3493,2021-08-07 23:00:00+00:00,2021-12-31 21:00:00+00:00,classification,LogReg,auc,0.3779077669256085,0.913014164079468,0.5351063971538594,5.346835042000748,1.0,capacity,annual,"2020,2021",data/capacity_weights_pre_and_covid_by_year,20260723T010736Z-c3284c32,8,,,,covid,COVID (2020-2021),results/covid_era_spatial_resolution/covid/model_results.csv
rs,data/country_weather_by_era/covid/weather_era5_rs_capacity_1p0deg.csv,17543,14034,3509,2021-08-07 18:00:00+00:00,2021-12-31 22:00:00+00:00,classification,LogReg,auc,,,,0.4635932919918559,1.0,capacity,annual,"2020,2021",data/capacity_weights_pre_and_covid_by_year,20260723T010736Z-c3284c32,8,,,,covid,COVID (2020-2021),results/covid_era_spatial_resolution/covid/model_results.csv
si,data/country_weather_by_era/covid/weather_era5_si_capacity_1p0deg.csv,17543,14034,3509,2021-08-07 18:00:00+00:00,2021-12-31 22:00:00+00:00,classification,LogReg,auc,0.6493098365049584,0.5952917001697491,-0.0540181363352093,5.163212999992538,1.0,capacity,annual,"2020,2021",data/capacity_weights_pre_and_covid_by_year,20260723T010736Z-c3284c32,8,,,,covid,COVID (2020-2021),results/covid_era_spatial_resolution/covid/model_results.csv
sk,data/country_weather_by_era/covid/weather_era5_sk_capacity_1p0deg.csv,17521,14016,3505,2021-08-07 18:00:00+00:00,2021-12-31 22:00:00+00:00,classification,LogReg,auc,,,,0.5280895000323653,1.0,capacity,annual,"2020,2021",data/capacity_weights_pre_and_covid_by_year,20260723T010736Z-c3284c32,8,,,,covid,COVID (2020-2021),results/covid_era_spatial_resolution/covid/model_results.csv
at,data/country_weather_by_era/covid/weather_era5_at_capacity_2p0deg.csv,17543,14034,3509,2021-08-07 18:00:00+00:00,2021-12-31 22:00:00+00:00,classification,LogReg,auc,0.8252015639443886,0.9117723682751652,0.0865708043307764,4.72832550003659,2.0,capacity,annual,"2020,2021",data/capacity_weights_pre_and_covid_by_year,20260723T010736Z-c3284c32,8,,,,covid,COVID (2020-2021),results/covid_era_spatial_resolution/covid/model_results.csv
be,data/country_weather_by_era/covid/weather_era5_be_capacity_2p0deg.csv,17543,14034,3509,2021-08-07 18:00:00+00:00,2021-12-31 22:00:00+00:00,classification,LogReg,auc,0.6305685207454361,0.9713599521703388,0.3407914314249027,4.494691916974261,2.0,capacity,annual,"2020,2021",data/capacity_weights_pre_and_covid_by_year,20260723T010736Z-c3284c32,8,,,,covid,COVID (2020-2021),results/covid_era_spatial_resolution/covid/model_results.csv
bg,data/country_weather_by_era/covid/weather_era5_bg_capacity_2p0deg.csv,17541,14032,3509,2021-08-07 17:00:00+00:00,2021-12-31 21:00:00+00:00,classification,LogReg,auc,,,,0.5180294170277193,2.0,capacity,annual,"2020,2021",data/capacity_weights_pre_and_covid_by_year,20260723T010736Z-c3284c32,8,,,,covid,COVID (2020-2021),results/covid_era_spatial_resolution/covid/model_results.csv
cz,data/country_weather_by_era/covid/weather_era5_cz_capacity_2p0deg.csv,17543,14034,3509,2021-08-07 18:00:00+00:00,2021-12-31 22:00:00+00:00,classification,LogReg,auc,,,,0.4827346249949187,2.0,capacity,annual,"2020,2021",data/capacity_weights_pre_and_covid_by_year,20260723T010736Z-c3284c32,8,,,,covid,COVID (2020-2021),results/covid_era_spatial_resolution/covid/model_results.csv
de,data/country_weather_by_era/covid/weather_era5_de_capacity_2p0deg.csv,17543,14034,3509,2021-08-07 18:00:00+00:00,2021-12-31 22:00:00+00:00,classification,LogReg,auc,0.585276150891114,0.9692605475970854,0.3839843967059714,5.070295083045494,2.0,capacity,annual,"2020,2021",data/capacity_weights_pre_and_covid_by_year,20260723T010736Z-c3284c32,8,,,,covid,COVID (2020-2021),results/covid_era_spatial_resolution/covid/model_results.csv
dk,data/country_weather_by_era/covid/weather_era5_dk_capacity_2p0deg.csv,17542,14033,3509,2021-08-07 18:00:00+00:00,2021-12-31 22:00:00+00:00,classification,LogReg,auc,0.5858872060903142,0.9833926831234108,0.3975054770330967,5.246071957983077,2.0,capacity,annual,"2020,2021",data/capacity_weights_pre_and_covid_by_year,20260723T010736Z-c3284c32,8,,,,covid,COVID (2020-2021),results/covid_era_spatial_resolution/covid/model_results.csv
es,data/country_weather_by_era/covid/weather_era5_es_capacity_2p0deg.csv,17542,14033,3509,2021-08-07 18:00:00+00:00,2021-12-31 22:00:00+00:00,classification,LogReg,auc,0.7331941398997199,0.9349957130401786,0.2018015731404586,5.328318833024241,2.0,capacity,annual,"2020,2021",data/capacity_weights_pre_and_covid_by_year,20260723T010736Z-c3284c32,8,,,,covid,COVID (2020-2021),results/covid_era_spatial_resolution/covid/model_results.csv
fr,data/country_weather_by_era/covid/weather_era5_fr_capacity_2p0deg.csv,17532,14025,3507,2021-08-07 16:00:00+00:00,2021-12-31 22:00:00+00:00,classification,LogReg,auc,,,,0.4986132499761879,2.0,capacity,annual,"2020,2021",data/capacity_weights_pre_and_covid_by_year,20260723T010736Z-c3284c32,8,,,,covid,COVID (2020-2021),results/covid_era_spatial_resolution/covid/model_results.csv
gr,data/country_weather_by_era/covid/weather_era5_gr_capacity_2p0deg.csv,17538,14030,3508,2021-08-07 18:00:00+00:00,2021-12-31 21:00:00+00:00,classification,LogReg,auc,0.6948988555054071,0.9273397908291326,0.2324409353237255,5.0221585420076735,2.0,capacity,annual,"2020,2021",data/capacity_weights_pre_and_covid_by_year,20260723T010736Z-c3284c32,8,,,,covid,COVID (2020-2021),results/covid_era_spatial_resolution/covid/model_results.csv
hr,data/country_weather_by_era/covid/weather_era5_hr_capacity_2p0deg.csv,17543,14034,3509,2021-08-07 18:00:00+00:00,2021-12-31 22:00:00+00:00,classification,LogReg,auc,0.8521859156885896,0.909973609278422,0.0577876935898324,5.082901750050951,2.0,capacity,annual,"2020,2021",data/capacity_weights_pre_and_covid_by_year,20260723T010736Z-c3284c32,8,,,,covid,COVID (2020-2021),results/covid_era_spatial_resolution/covid/model_results.csv
ie,data/country_weather_by_era/covid/weather_era5_ie_capacity_2p0deg.csv,17235,13788,3447,2021-08-03 14:00:00+00:00,2021-12-31 23:00:00+00:00,classification,LogReg,auc,0.6518501278508062,0.9826809663987413,0.3308308385479349,4.522268833999988,2.0,capacity,annual,"2020,2021",data/capacity_weights_pre_and_covid_by_year,20260723T010736Z-c3284c32,8,,,,covid,COVID (2020-2021),results/covid_era_spatial_resolution/covid/model_results.csv
lt,data/country_weather_by_era/covid/weather_era5_lt_capacity_2p0deg.csv,17542,14033,3509,2021-08-07 17:00:00+00:00,2021-12-31 21:00:00+00:00,classification,LogReg,auc,0.8506846515430206,0.9963008379317392,0.1456161863887185,4.373699207964819,2.0,capacity,annual,"2020,2021",data/capacity_weights_pre_and_covid_by_year,20260723T010736Z-c3284c32,8,,,,covid,COVID (2020-2021),results/covid_era_spatial_resolution/covid/model_results.csv
lv,data/country_weather_by_era/covid/weather_era5_lv_capacity_2p0deg.csv,17531,14024,3507,2021-08-07 16:00:00+00:00,2021-12-31 21:00:00+00:00,classification,LogReg,auc,0.8064592563679278,0.8102501452953944,0.0037908889274665,4.9117139159934595,2.0,capacity,annual,"2020,2021",data/capacity_weights_pre_and_covid_by_year,20260723T010736Z-c3284c32,8,,,,covid,COVID (2020-2021),results/covid_era_spatial_resolution/covid/model_results.csv
nl,data/country_weather_by_era/covid/weather_era5_nl_capacity_2p0deg.csv,17543,14034,3509,2021-08-07 18:00:00+00:00,2021-12-31 22:00:00+00:00,classification,LogReg,auc,,,,0.3760597499785945,2.0,capacity,annual,"2020,2021",data/capacity_weights_pre_and_covid_by_year,20260723T010736Z-c3284c32,8,,,,covid,COVID (2020-2021),results/covid_era_spatial_resolution/covid/model_results.csv
pt,data/country_weather_by_era/covid/weather_era5_pt_capacity_2p0deg.csv,17544,14035,3509,2021-08-07 19:00:00+00:00,2021-12-31 23:00:00+00:00,classification,LogReg,auc,0.7708984124158149,0.9082553969911804,0.1373569845753655,5.148164041980635,2.0,capacity,annual,"2020,2021",data/capacity_weights_pre_and_covid_by_year,20260723T010736Z-c3284c32,8,,,,covid,COVID (2020-2021),results/covid_era_spatial_resolution/covid/model_results.csv
ro,data/country_weather_by_era/covid/weather_era5_ro_capacity_2p0deg.csv,17465,13972,3493,2021-08-07 23:00:00+00:00,2021-12-31 21:00:00+00:00,classification,LogReg,auc,0.3779077669256085,0.8889592133139682,0.5110514463883598,5.188183291989844,2.0,capacity,annual,"2020,2021",data/capacity_weights_pre_and_covid_by_year,20260723T010736Z-c3284c32,8,,,,covid,COVID (2020-2021),results/covid_era_spatial_resolution/covid/model_results.csv
rs,data/country_weather_by_era/covid/weather_era5_rs_capacity_2p0deg.csv,17543,14034,3509,2021-08-07 18:00:00+00:00,2021-12-31 22:00:00+00:00,classification,LogReg,auc,,,,0.4575579169904813,2.0,capacity,annual,"2020,2021",data/capacity_weights_pre_and_covid_by_year,20260723T010736Z-c3284c32,8,,,,covid,COVID (2020-2021),results/covid_era_spatial_resolution/covid/model_results.csv
si,data/country_weather_by_era/covid/weather_era5_si_capacity_2p0deg.csv,17543,14034,3509,2021-08-07 18:00:00+00:00,2021-12-31 22:00:00+00:00,classification,LogReg,auc,0.6493098365049584,0.5935808094344681,-0.0557290270704903,5.2199662500061095,2.0,capacity,annual,"2020,2021",data/capacity_weights_pre_and_covid_by_year,20260723T010736Z-c3284c32,8,,,,covid,COVID (2020-2021),results/covid_era_spatial_resolution/covid/model_results.csv
sk,data/country_weather_by_era/covid/weather_era5_sk_capacity_2p0deg.csv,17521,14016,3505,2021-08-07 18:00:00+00:00,2021-12-31 22:00:00+00:00,classification,LogReg,auc,,,,0.5369342920021154,2.0,capacity,annual,"2020,2021",data/capacity_weights_pre_and_covid_by_year,20260723T010736Z-c3284c32,8,,,,covid,COVID (2020-2021),results/covid_era_spatial_resolution/covid/model_results.csv
at,data/country_weather_by_era/covid/weather_era5_at_capacity_0p25deg.csv,17543,14034,3509,2021-08-07 18:00:00+00:00,2021-12-31 22:00:00+00:00,classification,RandForest,auc,0.7802498964376595,0.8733913826609774,0.0931414862233178,4.770152417011559,0.25,capacity,annual,"2020,2021",data/capacity_weights_pre_and_covid_by_year,20260723T010736Z-c3284c32,8,,,,covid,COVID (2020-2021),results/covid_era_spatial_resolution/covid/model_results.csv
be,data/country_weather_by_era/covid/weather_era5_be_capacity_0p25deg.csv,17543,14034,3509,2021-08-07 18:00:00+00:00,2021-12-31 22:00:00+00:00,classification,RandForest,auc,0.6852227408298175,0.9604029513075024,0.275180210477685,4.731248083990067,0.25,capacity,annual,"2020,2021",data/capacity_weights_pre_and_covid_by_year,20260723T010736Z-c3284c32,8,,,,covid,COVID (2020-2021),results/covid_era_spatial_resolution/covid/model_results.csv
bg,data/country_weather_by_era/covid/weather_era5_bg_capacity_0p25deg.csv,17541,14032,3509,2021-08-07 17:00:00+00:00,2021-12-31 21:00:00+00:00,classification,RandForest,auc,,,,0.5330742920050398,0.25,capacity,annual,"2020,2021",data/capacity_weights_pre_and_covid_by_year,20260723T010736Z-c3284c32,8,,,,covid,COVID (2020-2021),results/covid_era_spatial_resolution/covid/model_results.csv
cz,data/country_weather_by_era/covid/weather_era5_cz_capacity_0p25deg.csv,17543,14034,3509,2021-08-07 18:00:00+00:00,2021-12-31 22:00:00+00:00,classification,RandForest,auc,,,,0.5099879589979537,0.25,capacity,annual,"2020,2021",data/capacity_weights_pre_and_covid_by_year,20260723T010736Z-c3284c32,8,,,,covid,COVID (2020-2021),results/covid_era_spatial_resolution/covid/model_results.csv
de,data/country_weather_by_era/covid/weather_era5_de_capacity_0p25deg.csv,17543,14034,3509,2021-08-07 18:00:00+00:00,2021-12-31 22:00:00+00:00,classification,RandForest,auc,0.7178345058030768,0.976071244670171,0.2582367388670942,4.63103162497282,0.25,capacity,annual,"2020,2021",data/capacity_weights_pre_and_covid_by_year,20260723T010736Z-c3284c32,8,,,,covid,COVID (2020-2021),results/covid_era_spatial_resolution/covid/model_results.csv
dk,data/country_weather_by_era/covid/weather_era5_dk_capacity_0p25deg.csv,17542,14033,3509,2021-08-07 18:00:00+00:00,2021-12-31 22:00:00+00:00,classification,RandForest,auc,0.5915752606628126,0.9744511976201466,0.382875936957334,5.238850541994907,0.25,capacity,annual,"2020,2021",data/capacity_weights_pre_and_covid_by_year,20260723T010736Z-c3284c32,8,,,,covid,COVID (2020-2021),results/covid_era_spatial_resolution/covid/model_results.csv
es,data/country_weather_by_era/covid/weather_era5_es_capacity_0p25deg.csv,17542,14033,3509,2021-08-07 18:00:00+00:00,2021-12-31 22:00:00+00:00,classification,RandForest,auc,0.7057382260676124,0.9505118644509648,0.2447736383833525,4.781319625035394,0.25,capacity,annual,"2020,2021",data/capacity_weights_pre_and_covid_by_year,20260723T010736Z-c3284c32,8,,,,covid,COVID (2020-2021),results/covid_era_spatial_resolution/covid/model_results.csv
fr,data/country_weather_by_era/covid/weather_era5_fr_capacity_0p25deg.csv,17532,14025,3507,2021-08-07 16:00:00+00:00,2021-12-31 22:00:00+00:00,classification,RandForest,auc,,,,1.6137695409706794,0.25,capacity,annual,"2020,2021",data/capacity_weights_pre_and_covid_by_year,20260723T010736Z-c3284c32,8,,,,covid,COVID (2020-2021),results/covid_era_spatial_resolution/covid/model_results.csv
gr,data/country_weather_by_era/covid/weather_era5_gr_capacity_0p25deg.csv,17538,14030,3508,2021-08-07 18:00:00+00:00,2021-12-31 21:00:00+00:00,classification,RandForest,auc,0.6475620468235352,0.9502368513112844,0.3026748044877493,4.699759291019291,0.25,capacity,annual,"2020,2021",data/capacity_weights_pre_and_covid_by_year,20260723T010736Z-c3284c32,8,,,,covid,COVID (2020-2021),results/covid_era_spatial_resolution/covid/model_results.csv
hr,data/country_weather_by_era/covid/weather_era5_hr_capacity_0p25deg.csv,17543,14034,3509,2021-08-07 18:00:00+00:00,2021-12-31 22:00:00+00:00,classification,RandForest,auc,0.8019150635460797,0.8951448017223418,0.0932297381762621,5.0896780409966595,0.25,capacity,annual,"2020,2021",data/capacity_weights_pre_and_covid_by_year,20260723T010736Z-c3284c32,8,,,,covid,COVID (2020-2021),results/covid_era_spatial_resolution/covid/model_results.csv
ie,data/country_weather_by_era/covid/weather_era5_ie_capacity_0p25deg.csv,17235,13788,3447,2021-08-03 14:00:00+00:00,2021-12-31 23:00:00+00:00,classification,RandForest,auc,0.6671334665737649,0.982290913091456,0.315157446517691,4.452663499978371,0.25,capacity,annual,"2020,2021",data/capacity_weights_pre_and_covid_by_year,20260723T010736Z-c3284c32,8,,,,covid,COVID (2020-2021),results/covid_era_spatial_resolution/covid/model_results.csv
lt,data/country_weather_by_era/covid/weather_era5_lt_capacity_0p25deg.csv,17542,14033,3509,2021-08-07 17:00:00+00:00,2021-12-31 21:00:00+00:00,classification,RandForest,auc,0.6358880032699775,0.9973635806253832,0.3614755773554057,4.344740541011561,0.25,capacity,annual,"2020,2021",data/capacity_weights_pre_and_covid_by_year,20260723T010736Z-c3284c32,8,,,,covid,COVID (2020-2021),results/covid_era_spatial_resolution/covid/model_results.csv
lv,data/country_weather_by_era/covid/weather_era5_lv_capacity_0p25deg.csv,17531,14024,3507,2021-08-07 16:00:00+00:00,2021-12-31 21:00:00+00:00,classification,RandForest,auc,0.8130436446877956,0.8165237254709566,0.003480080783161,4.829269415989984,0.25,capacity,annual,"2020,2021",data/capacity_weights_pre_and_covid_by_year,20260723T010736Z-c3284c32,8,,,,covid,COVID (2020-2021),results/covid_era_spatial_resolution/covid/model_results.csv
nl,data/country_weather_by_era/covid/weather_era5_nl_capacity_0p25deg.csv,17543,14034,3509,2021-08-07 18:00:00+00:00,2021-12-31 22:00:00+00:00,classification,RandForest,auc,,,,0.37310275004711,0.25,capacity,annual,"2020,2021",data/capacity_weights_pre_and_covid_by_year,20260723T010736Z-c3284c32,8,,,,covid,COVID (2020-2021),results/covid_era_spatial_resolution/covid/model_results.csv
pt,data/country_weather_by_era/covid/weather_era5_pt_capacity_0p25deg.csv,17544,14035,3509,2021-08-07 19:00:00+00:00,2021-12-31 23:00:00+00:00,classification,RandForest,auc,0.7542569109823478,0.9138141161329076,0.1595572051505599,5.190962875029072,0.25,capacity,annual,"2020,2021",data/capacity_weights_pre_and_covid_by_year,20260723T010736Z-c3284c32,8,,,,covid,COVID (2020-2021),results/covid_era_spatial_resolution/covid/model_results.csv
ro,data/country_weather_by_era/covid/weather_era5_ro_capacity_0p25deg.csv,17465,13972,3493,2021-08-07 23:00:00+00:00,2021-12-31 21:00:00+00:00,classification,RandForest,auc,0.4993517568521899,0.8777365454569682,0.3783847886047783,5.2478584999917075,0.25,capacity,annual,"2020,2021",data/capacity_weights_pre_and_covid_by_year,20260723T010736Z-c3284c32,8,,,,covid,COVID (2020-2021),results/covid_era_spatial_resolution/covid/model_results.csv
rs,data/country_weather_by_era/covid/weather_era5_rs_capacity_0p25deg.csv,17543,14034,3509,2021-08-07 18:00:00+00:00,2021-12-31 22:00:00+00:00,classification,RandForest,auc,,,,0.4616895420476794,0.25,capacity,annual,"2020,2021",data/capacity_weights_pre_and_covid_by_year,20260723T010736Z-c3284c32,8,,,,covid,COVID (2020-2021),results/covid_era_spatial_resolution/covid/model_results.csv
si,data/country_weather_by_era/covid/weather_era5_si_capacity_0p25deg.csv,17543,14034,3509,2021-08-07 18:00:00+00:00,2021-12-31 22:00:00+00:00,classification,RandForest,auc,0.4352340748682212,0.436902528365943,0.0016684534977218,5.11185912496876,0.25,capacity,annual,"2020,2021",data/capacity_weights_pre_and_covid_by_year,20260723T010736Z-c3284c32,8,,,,covid,COVID (2020-2021),results/covid_era_spatial_resolution/covid/model_results.csv
sk,data/country_weather_by_era/covid/weather_era5_sk_capacity_0p25deg.csv,17521,14016,3505,2021-08-07 18:00:00+00:00,2021-12-31 22:00:00+00:00,classification,RandForest,auc,,,,0.5246366250212304,0.25,capacity,annual,"2020,2021",data/capacity_weights_pre_and_covid_by_year,20260723T010736Z-c3284c32,8,,,,covid,COVID (2020-2021),results/covid_era_spatial_resolution/covid/model_results.csv
at,data/country_weather_by_era/covid/weather_era5_at_capacity_0p5deg.csv,17543,14034,3509,2021-08-07 18:00:00+00:00,2021-12-31 22:00:00+00:00,classification,RandForest,auc,0.7802498964376595,0.8778561269113118,0.0976062304736522,4.928450209030416,0.5,capacity,annual,"2020,2021",data/capacity_weights_pre_and_covid_by_year,20260723T010736Z-c3284c32,8,,,,covid,COVID (2020-2021),results/covid_era_spatial_resolution/covid/model_results.csv
be,data/country_weather_by_era/covid/weather_era5_be_capacity_0p5deg.csv,17543,14034,3509,2021-08-07 18:00:00+00:00,2021-12-31 22:00:00+00:00,classification,RandForest,auc,0.6852227408298175,0.949814524183193,0.2645917833533755,4.758783333003521,0.5,capacity,annual,"2020,2021",data/capacity_weights_pre_and_covid_by_year,20260723T010736Z-c3284c32,8,,,,covid,COVID (2020-2021),results/covid_era_spatial_resolution/covid/model_results.csv
bg,data/country_weather_by_era/covid/weather_era5_bg_capacity_0p5deg.csv,17541,14032,3509,2021-08-07 17:00:00+00:00,2021-12-31 21:00:00+00:00,classification,RandForest,auc,,,,0.5122051250073127,0.5,capacity,annual,"2020,2021",data/capacity_weights_pre_and_covid_by_year,20260723T010736Z-c3284c32,8,,,,covid,COVID (2020-2021),results/covid_era_spatial_resolution/covid/model_results.csv
cz,data/country_weather_by_era/covid/weather_era5_cz_capacity_0p5deg.csv,17543,14034,3509,2021-08-07 18:00:00+00:00,2021-12-31 22:00:00+00:00,classification,RandForest,auc,,,,0.485064709035214,0.5,capacity,annual,"2020,2021",data/capacity_weights_pre_and_covid_by_year,20260723T010736Z-c3284c32,8,,,,covid,COVID (2020-2021),results/covid_era_spatial_resolution/covid/model_results.csv
de,data/country_weather_by_era/covid/weather_era5_de_capacity_0p5deg.csv,17543,14034,3509,2021-08-07 18:00:00+00:00,2021-12-31 22:00:00+00:00,classification,RandForest,auc,0.7178345058030768,0.9758391586371936,0.2580046528341169,4.9656292499857955,0.5,capacity,annual,"2020,2021",data/capacity_weights_pre_and_covid_by_year,20260723T010736Z-c3284c32,8,,,,covid,COVID (2020-2021),results/covid_era_spatial_resolution/covid/model_results.csv
dk,data/country_weather_by_era/covid/weather_era5_dk_capacity_0p5deg.csv,17542,14033,3509,2021-08-07 18:00:00+00:00,2021-12-31 22:00:00+00:00,classification,RandForest,auc,0.5915752606628126,0.9741713010792872,0.3825960404164744,5.249339125002734,0.5,capacity,annual,"2020,2021",data/capacity_weights_pre_and_covid_by_year,20260723T010736Z-c3284c32,8,,,,covid,COVID (2020-2021),results/covid_era_spatial_resolution/covid/model_results.csv
es,data/country_weather_by_era/covid/weather_era5_es_capacity_0p5deg.csv,17542,14033,3509,2021-08-07 18:00:00+00:00,2021-12-31 22:00:00+00:00,classification,RandForest,auc,0.7057382260676124,0.9457895102727722,0.2400512842051598,5.210274250013754,0.5,capacity,annual,"2020,2021",data/capacity_weights_pre_and_covid_by_year,20260723T010736Z-c3284c32,8,,,,covid,COVID (2020-2021),results/covid_era_spatial_resolution/covid/model_results.csv
fr,data/country_weather_by_era/covid/weather_era5_fr_capacity_0p5deg.csv,17532,14025,3507,2021-08-07 16:00:00+00:00,2021-12-31 22:00:00+00:00,classification,RandForest,auc,,,,0.5108279580017552,0.5,capacity,annual,"2020,2021",data/capacity_weights_pre_and_covid_by_year,20260723T010736Z-c3284c32,8,,,,covid,COVID (2020-2021),results/covid_era_spatial_resolution/covid/model_results.csv
gr,data/country_weather_by_era/covid/weather_era5_gr_capacity_0p5deg.csv,17538,14030,3508,2021-08-07 18:00:00+00:00,2021-12-31 21:00:00+00:00,classification,RandForest,auc,0.6475620468235352,0.949408397420825,0.3018463505972897,4.9688474999857135,0.5,capacity,annual,"2020,2021",data/capacity_weights_pre_and_covid_by_year,20260723T010736Z-c3284c32,8,,,,covid,COVID (2020-2021),results/covid_era_spatial_resolution/covid/model_results.csv
hr,data/country_weather_by_era/covid/weather_era5_hr_capacity_0p5deg.csv,17543,14034,3509,2021-08-07 18:00:00+00:00,2021-12-31 22:00:00+00:00,classification,RandForest,auc,0.8019150635460797,0.8891318841586221,0.0872168206125424,5.004471458029002,0.5,capacity,annual,"2020,2021",data/capacity_weights_pre_and_covid_by_year,20260723T010736Z-c3284c32,8,,,,covid,COVID (2020-2021),results/covid_era_spatial_resolution/covid/model_results.csv
ie,data/country_weather_by_era/covid/weather_era5_ie_capacity_0p5deg.csv,17235,13788,3447,2021-08-03 14:00:00+00:00,2021-12-31 23:00:00+00:00,classification,RandForest,auc,0.6671334665737649,0.9819385732716804,0.3148051066979155,4.4659467919846065,0.5,capacity,annual,"2020,2021",data/capacity_weights_pre_and_covid_by_year,20260723T010736Z-c3284c32,8,,,,covid,COVID (2020-2021),results/covid_era_spatial_resolution/covid/model_results.csv
lt,data/country_weather_by_era/covid/weather_era5_lt_capacity_0p5deg.csv,17542,14033,3509,2021-08-07 17:00:00+00:00,2021-12-31 21:00:00+00:00,classification,RandForest,auc,0.6358880032699775,0.997414674024116,0.3615266707541384,4.233403499994893,0.5,capacity,annual,"2020,2021",data/capacity_weights_pre_and_covid_by_year,20260723T010736Z-c3284c32,8,,,,covid,COVID (2020-2021),results/covid_era_spatial_resolution/covid/model_results.csv
lv,data/country_weather_by_era/covid/weather_era5_lv_capacity_0p5deg.csv,17531,14024,3507,2021-08-07 16:00:00+00:00,2021-12-31 21:00:00+00:00,classification,RandForest,auc,0.8130436446877956,0.816952872535774,0.0039092278479784,4.927675457962323,0.5,capacity,annual,"2020,2021",data/capacity_weights_pre_and_covid_by_year,20260723T010736Z-c3284c32,8,,,,covid,COVID (2020-2021),results/covid_era_spatial_resolution/covid/model_results.csv
nl,data/country_weather_by_era/covid/weather_era5_nl_capacity_0p5deg.csv,17543,14034,3509,2021-08-07 18:00:00+00:00,2021-12-31 22:00:00+00:00,classification,RandForest,auc,,,,0.3892594579956494,0.5,capacity,annual,"2020,2021",data/capacity_weights_pre_and_covid_by_year,20260723T010736Z-c3284c32,8,,,,covid,COVID (2020-2021),results/covid_era_spatial_resolution/covid/model_results.csv
pt,data/country_weather_by_era/covid/weather_era5_pt_capacity_0p5deg.csv,17544,14035,3509,2021-08-07 19:00:00+00:00,2021-12-31 23:00:00+00:00,classification,RandForest,auc,0.7542569109823478,0.9123521089530018,0.1580951979706539,5.124592624953948,0.5,capacity,annual,"2020,2021",data/capacity_weights_pre_and_covid_by_year,20260723T010736Z-c3284c32,8,,,,covid,COVID (2020-2021),results/covid_era_spatial_resolution/covid/model_results.csv
ro,data/country_weather_by_era/covid/weather_era5_ro_capacity_0p5deg.csv,17465,13972,3493,2021-08-07 23:00:00+00:00,2021-12-31 21:00:00+00:00,classification,RandForest,auc,0.4993517568521899,0.8813441884635373,0.3819924316113474,5.3337397500290535,0.5,capacity,annual,"2020,2021",data/capacity_weights_pre_and_covid_by_year,20260723T010736Z-c3284c32,8,,,,covid,COVID (2020-2021),results/covid_era_spatial_resolution/covid/model_results.csv
rs,data/country_weather_by_era/covid/weather_era5_rs_capacity_0p5deg.csv,17543,14034,3509,2021-08-07 18:00:00+00:00,2021-12-31 22:00:00+00:00,classification,RandForest,auc,,,,0.4548957080114633,0.5,capacity,annual,"2020,2021",data/capacity_weights_pre_and_covid_by_year,20260723T010736Z-c3284c32,8,,,,covid,COVID (2020-2021),results/covid_era_spatial_resolution/covid/model_results.csv
si,data/country_weather_by_era/covid/weather_era5_si_capacity_0p5deg.csv,17543,14034,3509,2021-08-07 18:00:00+00:00,2021-12-31 22:00:00+00:00,classification,RandForest,auc,0.4352340748682212,0.4455262217457339,0.0102921468775127,5.172437084023841,0.5,capacity,annual,"2020,2021",data/capacity_weights_pre_and_covid_by_year,20260723T010736Z-c3284c32,8,,,,covid,COVID (2020-2021),results/covid_era_spatial_resolution/covid/model_results.csv
sk,data/country_weather_by_era/covid/weather_era5_sk_capacity_0p5deg.csv,17521,14016,3505,2021-08-07 18:00:00+00:00,2021-12-31 22:00:00+00:00,classification,RandForest,auc,,,,0.546111916017253,0.5,capacity,annual,"2020,2021",data/capacity_weights_pre_and_covid_by_year,20260723T010736Z-c3284c32,8,,,,covid,COVID (2020-2021),results/covid_era_spatial_resolution/covid/model_results.csv
at,data/country_weather_by_era/covid/weather_era5_at_capacity_1p0deg.csv,17543,14034,3509,2021-08-07 18:00:00+00:00,2021-12-31 22:00:00+00:00,classification,RandForest,auc,0.7802498964376595,0.8705083023326525,0.090258405894993,4.76586025004508,1.0,capacity,annual,"2020,2021",data/capacity_weights_pre_and_covid_by_year,20260723T010736Z-c3284c32,8,,,,covid,COVID (2020-2021),results/covid_era_spatial_resolution/covid/model_results.csv
be,data/country_weather_by_era/covid/weather_era5_be_capacity_1p0deg.csv,17543,14034,3509,2021-08-07 18:00:00+00:00,2021-12-31 22:00:00+00:00,classification,RandForest,auc,0.6852227408298175,0.9553295422891656,0.2701068014593482,4.8205771669745445,1.0,capacity,annual,"2020,2021",data/capacity_weights_pre_and_covid_by_year,20260723T010736Z-c3284c32,8,,,,covid,COVID (2020-2021),results/covid_era_spatial_resolution/covid/model_results.csv
bg,data/country_weather_by_era/covid/weather_era5_bg_capacity_1p0deg.csv,17541,14032,3509,2021-08-07 17:00:00+00:00,2021-12-31 21:00:00+00:00,classification,RandForest,auc,,,,0.5254508749931119,1.0,capacity,annual,"2020,2021",data/capacity_weights_pre_and_covid_by_year,20260723T010736Z-c3284c32,8,,,,covid,COVID (2020-2021),results/covid_era_spatial_resolution/covid/model_results.csv
cz,data/country_weather_by_era/covid/weather_era5_cz_capacity_1p0deg.csv,17543,14034,3509,2021-08-07 18:00:00+00:00,2021-12-31 22:00:00+00:00,classification,RandForest,auc,,,,0.4860486669931561,1.0,capacity,annual,"2020,2021",data/capacity_weights_pre_and_covid_by_year,20260723T010736Z-c3284c32,8,,,,covid,COVID (2020-2021),results/covid_era_spatial_resolution/covid/model_results.csv
de,data/country_weather_by_era/covid/weather_era5_de_capacity_1p0deg.csv,17543,14034,3509,2021-08-07 18:00:00+00:00,2021-12-31 22:00:00+00:00,classification,RandForest,auc,0.7178345058030768,0.9757930377894592,0.2579585319863824,5.06065708398819,1.0,capacity,annual,"2020,2021",data/capacity_weights_pre_and_covid_by_year,20260723T010736Z-c3284c32,8,,,,covid,COVID (2020-2021),results/covid_era_spatial_resolution/covid/model_results.csv
dk,data/country_weather_by_era/covid/weather_era5_dk_capacity_1p0deg.csv,17542,14033,3509,2021-08-07 18:00:00+00:00,2021-12-31 22:00:00+00:00,classification,RandForest,auc,0.5915752606628126,0.97439807589446,0.3828228152316473,5.305830917030107,1.0,capacity,annual,"2020,2021",data/capacity_weights_pre_and_covid_by_year,20260723T010736Z-c3284c32,8,,,,covid,COVID (2020-2021),results/covid_era_spatial_resolution/covid/model_results.csv
es,data/country_weather_by_era/covid/weather_era5_es_capacity_1p0deg.csv,17542,14033,3509,2021-08-07 18:00:00+00:00,2021-12-31 22:00:00+00:00,classification,RandForest,auc,0.7057382260676124,0.942128033820637,0.2363898077530246,5.36448054201901,1.0,capacity,annual,"2020,2021",data/capacity_weights_pre_and_covid_by_year,20260723T010736Z-c3284c32,8,,,,covid,COVID (2020-2021),results/covid_era_spatial_resolution/covid/model_results.csv
fr,data/country_weather_by_era/covid/weather_era5_fr_capacity_1p0deg.csv,17532,14025,3507,2021-08-07 16:00:00+00:00,2021-12-31 22:00:00+00:00,classification,RandForest,auc,,,,0.5373980409931391,1.0,capacity,annual,"2020,2021",data/capacity_weights_pre_and_covid_by_year,20260723T010736Z-c3284c32,8,,,,covid,COVID (2020-2021),results/covid_era_spatial_resolution/covid/model_results.csv
gr,data/country_weather_by_era/covid/weather_era5_gr_capacity_1p0deg.csv,17538,14030,3508,2021-08-07 18:00:00+00:00,2021-12-31 21:00:00+00:00,classification,RandForest,auc,0.6475620468235352,0.9418287731331472,0.2942667263096119,5.052161042054649,1.0,capacity,annual,"2020,2021",data/capacity_weights_pre_and_covid_by_year,20260723T010736Z-c3284c32,8,,,,covid,COVID (2020-2021),results/covid_era_spatial_resolution/covid/model_results.csv
hr,data/country_weather_by_era/covid/weather_era5_hr_capacity_1p0deg.csv,17543,14034,3509,2021-08-07 18:00:00+00:00,2021-12-31 22:00:00+00:00,classification,RandForest,auc,0.8019150635460797,0.8781687964441975,0.0762537328981178,5.124842291988898,1.0,capacity,annual,"2020,2021",data/capacity_weights_pre_and_covid_by_year,20260723T010736Z-c3284c32,8,,,,covid,COVID (2020-2021),results/covid_era_spatial_resolution/covid/model_results.csv
ie,data/country_weather_by_era/covid/weather_era5_ie_capacity_1p0deg.csv,17235,13788,3447,2021-08-03 14:00:00+00:00,2021-12-31 23:00:00+00:00,classification,RandForest,auc,0.6671334665737649,0.9825421974336492,0.3154087308598843,4.4359036249807104,1.0,capacity,annual,"2020,2021",data/capacity_weights_pre_and_covid_by_year,20260723T010736Z-c3284c32,8,,,,covid,COVID (2020-2021),results/covid_era_spatial_resolution/covid/model_results.csv
lt,data/country_weather_by_era/covid/weather_era5_lt_capacity_1p0deg.csv,17542,14033,3509,2021-08-07 17:00:00+00:00,2021-12-31 21:00:00+00:00,classification,RandForest,auc,0.6358880032699775,0.9960044962190884,0.3601164929491109,4.252136374998372,1.0,capacity,annual,"2020,2021",data/capacity_weights_pre_and_covid_by_year,20260723T010736Z-c3284c32,8,,,,covid,COVID (2020-2021),results/covid_era_spatial_resolution/covid/model_results.csv
lv,data/country_weather_by_era/covid/weather_era5_lv_capacity_1p0deg.csv,17531,14024,3507,2021-08-07 16:00:00+00:00,2021-12-31 21:00:00+00:00,classification,RandForest,auc,0.8130436446877956,0.8200914147943598,0.0070477701065642,4.880490124982316,1.0,capacity,annual,"2020,2021",data/capacity_weights_pre_and_covid_by_year,20260723T010736Z-c3284c32,8,,,,covid,COVID (2020-2021),results/covid_era_spatial_resolution/covid/model_results.csv
nl,data/country_weather_by_era/covid/weather_era5_nl_capacity_1p0deg.csv,17543,14034,3509,2021-08-07 18:00:00+00:00,2021-12-31 22:00:00+00:00,classification,RandForest,auc,,,,0.361803832987789,1.0,capacity,annual,"2020,2021",data/capacity_weights_pre_and_covid_by_year,20260723T010736Z-c3284c32,8,,,,covid,COVID (2020-2021),results/covid_era_spatial_resolution/covid/model_results.csv
pt,data/country_weather_by_era/covid/weather_era5_pt_capacity_1p0deg.csv,17544,14035,3509,2021-08-07 19:00:00+00:00,2021-12-31 23:00:00+00:00,classification,RandForest,auc,0.7542569109823478,0.912013873269154,0.1577569622868062,5.1898914580233395,1.0,capacity,annual,"2020,2021",data/capacity_weights_pre_and_covid_by_year,20260723T010736Z-c3284c32,8,,,,covid,COVID (2020-2021),results/covid_era_spatial_resolution/covid/model_results.csv
ro,data/country_weather_by_era/covid/weather_era5_ro_capacity_1p0deg.csv,17465,13972,3493,2021-08-07 23:00:00+00:00,2021-12-31 21:00:00+00:00,classification,RandForest,auc,0.4993517568521899,0.9016962251329133,0.4023444682807232,5.346835042000748,1.0,capacity,annual,"2020,2021",data/capacity_weights_pre_and_covid_by_year,20260723T010736Z-c3284c32,8,,,,covid,COVID (2020-2021),results/covid_era_spatial_resolution/covid/model_results.csv
rs,data/country_weather_by_era/covid/weather_era5_rs_capacity_1p0deg.csv,17543,14034,3509,2021-08-07 18:00:00+00:00,2021-12-31 22:00:00+00:00,classification,RandForest,auc,,,,0.4635932919918559,1.0,capacity,annual,"2020,2021",data/capacity_weights_pre_and_covid_by_year,20260723T010736Z-c3284c32,8,,,,covid,COVID (2020-2021),results/covid_era_spatial_resolution/covid/model_results.csv
si,data/country_weather_by_era/covid/weather_era5_si_capacity_1p0deg.csv,17543,14034,3509,2021-08-07 18:00:00+00:00,2021-12-31 22:00:00+00:00,classification,RandForest,auc,0.4352340748682212,0.4426538908246225,0.0074198159564013,5.163212999992538,1.0,capacity,annual,"2020,2021",data/capacity_weights_pre_and_covid_by_year,20260723T010736Z-c3284c32,8,,,,covid,COVID (2020-2021),results/covid_era_spatial_resolution/covid/model_results.csv
sk,data/country_weather_by_era/covid/weather_era5_sk_capacity_1p0deg.csv,17521,14016,3505,2021-08-07 18:00:00+00:00,2021-12-31 22:00:00+00:00,classification,RandForest,auc,,,,0.5280895000323653,1.0,capacity,annual,"2020,2021",data/capacity_weights_pre_and_covid_by_year,20260723T010736Z-c3284c32,8,,,,covid,COVID (2020-2021),results/covid_era_spatial_resolution/covid/model_results.csv
at,data/country_weather_by_era/covid/weather_era5_at_capacity_2p0deg.csv,17543,14034,3509,2021-08-07 18:00:00+00:00,2021-12-31 22:00:00+00:00,classification,RandForest,auc,0.7802498964376595,0.8705696915032626,0.090319795065603,4.72832550003659,2.0,capacity,annual,"2020,2021",data/capacity_weights_pre_and_covid_by_year,20260723T010736Z-c3284c32,8,,,,covid,COVID (2020-2021),results/covid_era_spatial_resolution/covid/model_results.csv
be,data/country_weather_by_era/covid/weather_era5_be_capacity_2p0deg.csv,17543,14034,3509,2021-08-07 18:00:00+00:00,2021-12-31 22:00:00+00:00,classification,RandForest,auc,0.6852227408298175,0.9594687782375042,0.2742460374076867,4.494691916974261,2.0,capacity,annual,"2020,2021",data/capacity_weights_pre_and_covid_by_year,20260723T010736Z-c3284c32,8,,,,covid,COVID (2020-2021),results/covid_era_spatial_resolution/covid/model_results.csv
bg,data/country_weather_by_era/covid/weather_era5_bg_capacity_2p0deg.csv,17541,14032,3509,2021-08-07 17:00:00+00:00,2021-12-31 21:00:00+00:00,classification,RandForest,auc,,,,0.5180294170277193,2.0,capacity,annual,"2020,2021",data/capacity_weights_pre_and_covid_by_year,20260723T010736Z-c3284c32,8,,,,covid,COVID (2020-2021),results/covid_era_spatial_resolution/covid/model_results.csv
cz,data/country_weather_by_era/covid/weather_era5_cz_capacity_2p0deg.csv,17543,14034,3509,2021-08-07 18:00:00+00:00,2021-12-31 22:00:00+00:00,classification,RandForest,auc,,,,0.4827346249949187,2.0,capacity,annual,"2020,2021",data/capacity_weights_pre_and_covid_by_year,20260723T010736Z-c3284c32,8,,,,covid,COVID (2020-2021),results/covid_era_spatial_resolution/covid/model_results.csv
de,data/country_weather_by_era/covid/weather_era5_de_capacity_2p0deg.csv,17543,14034,3509,2021-08-07 18:00:00+00:00,2021-12-31 22:00:00+00:00,classification,RandForest,auc,0.7178345058030768,0.9759426990142364,0.2581081932111595,5.070295083045494,2.0,capacity,annual,"2020,2021",data/capacity_weights_pre_and_covid_by_year,20260723T010736Z-c3284c32,8,,,,covid,COVID (2020-2021),results/covid_era_spatial_resolution/covid/model_results.csv
dk,data/country_weather_by_era/covid/weather_era5_dk_capacity_2p0deg.csv,17542,14033,3509,2021-08-07 18:00:00+00:00,2021-12-31 22:00:00+00:00,classification,RandForest,auc,0.5915752606628126,0.9709244645696408,0.379349203906828,5.246071957983077,2.0,capacity,annual,"2020,2021",data/capacity_weights_pre_and_covid_by_year,20260723T010736Z-c3284c32,8,,,,covid,COVID (2020-2021),results/covid_era_spatial_resolution/covid/model_results.csv
es,data/country_weather_by_era/covid/weather_era5_es_capacity_2p0deg.csv,17542,14033,3509,2021-08-07 18:00:00+00:00,2021-12-31 22:00:00+00:00,classification,RandForest,auc,0.7057382260676124,0.9321512572668312,0.2264130311992189,5.328318833024241,2.0,capacity,annual,"2020,2021",data/capacity_weights_pre_and_covid_by_year,20260723T010736Z-c3284c32,8,,,,covid,COVID (2020-2021),results/covid_era_spatial_resolution/covid/model_results.csv
fr,data/country_weather_by_era/covid/weather_era5_fr_capacity_2p0deg.csv,17532,14025,3507,2021-08-07 16:00:00+00:00,2021-12-31 22:00:00+00:00,classification,RandForest,auc,,,,0.4986132499761879,2.0,capacity,annual,"2020,2021",data/capacity_weights_pre_and_covid_by_year,20260723T010736Z-c3284c32,8,,,,covid,COVID (2020-2021),results/covid_era_spatial_resolution/covid/model_results.csv
gr,data/country_weather_by_era/covid/weather_era5_gr_capacity_2p0deg.csv,17538,14030,3508,2021-08-07 18:00:00+00:00,2021-12-31 21:00:00+00:00,classification,RandForest,auc,0.6475620468235352,0.9343177286743016,0.2867556818507664,5.0221585420076735,2.0,capacity,annual,"2020,2021",data/capacity_weights_pre_and_covid_by_year,20260723T010736Z-c3284c32,8,,,,covid,COVID (2020-2021),results/covid_era_spatial_resolution/covid/model_results.csv
hr,data/country_weather_by_era/covid/weather_era5_hr_capacity_2p0deg.csv,17543,14034,3509,2021-08-07 18:00:00+00:00,2021-12-31 22:00:00+00:00,classification,RandForest,auc,0.8019150635460797,0.8796291409125634,0.0777140773664837,5.082901750050951,2.0,capacity,annual,"2020,2021",data/capacity_weights_pre_and_covid_by_year,20260723T010736Z-c3284c32,8,,,,covid,COVID (2020-2021),results/covid_era_spatial_resolution/covid/model_results.csv
ie,data/country_weather_by_era/covid/weather_era5_ie_capacity_2p0deg.csv,17235,13788,3447,2021-08-03 14:00:00+00:00,2021-12-31 23:00:00+00:00,classification,RandForest,auc,0.6671334665737649,0.9795815844832124,0.3124481179094476,4.522268833999988,2.0,capacity,annual,"2020,2021",data/capacity_weights_pre_and_covid_by_year,20260723T010736Z-c3284c32,8,,,,covid,COVID (2020-2021),results/covid_era_spatial_resolution/covid/model_results.csv
lt,data/country_weather_by_era/covid/weather_era5_lt_capacity_2p0deg.csv,17542,14033,3509,2021-08-07 17:00:00+00:00,2021-12-31 21:00:00+00:00,classification,RandForest,auc,0.6358880032699775,0.996668710402616,0.3607807071326384,4.373699207964819,2.0,capacity,annual,"2020,2021",data/capacity_weights_pre_and_covid_by_year,20260723T010736Z-c3284c32,8,,,,covid,COVID (2020-2021),results/covid_era_spatial_resolution/covid/model_results.csv
lv,data/country_weather_by_era/covid/weather_era5_lv_capacity_2p0deg.csv,17531,14024,3507,2021-08-07 16:00:00+00:00,2021-12-31 21:00:00+00:00,classification,RandForest,auc,0.8130436446877956,0.8197765631789662,0.0067329184911706,4.9117139159934595,2.0,capacity,annual,"2020,2021",data/capacity_weights_pre_and_covid_by_year,20260723T010736Z-c3284c32,8,,,,covid,COVID (2020-2021),results/covid_era_spatial_resolution/covid/model_results.csv
nl,data/country_weather_by_era/covid/weather_era5_nl_capacity_2p0deg.csv,17543,14034,3509,2021-08-07 18:00:00+00:00,2021-12-31 22:00:00+00:00,classification,RandForest,auc,,,,0.3760597499785945,2.0,capacity,annual,"2020,2021",data/capacity_weights_pre_and_covid_by_year,20260723T010736Z-c3284c32,8,,,,covid,COVID (2020-2021),results/covid_era_spatial_resolution/covid/model_results.csv
pt,data/country_weather_by_era/covid/weather_era5_pt_capacity_2p0deg.csv,17544,14035,3509,2021-08-07 19:00:00+00:00,2021-12-31 23:00:00+00:00,classification,RandForest,auc,0.7542569109823478,0.8934824311110235,0.1392255201286757,5.148164041980635,2.0,capacity,annual,"2020,2021",data/capacity_weights_pre_and_covid_by_year,20260723T010736Z-c3284c32,8,,,,covid,COVID (2020-2021),results/covid_era_spatial_resolution/covid/model_results.csv
ro,data/country_weather_by_era/covid/weather_era5_ro_capacity_2p0deg.csv,17465,13972,3493,2021-08-07 23:00:00+00:00,2021-12-31 21:00:00+00:00,classification,RandForest,auc,0.4993517568521899,0.8718510573092245,0.3724993004570346,5.188183291989844,2.0,capacity,annual,"2020,2021",data/capacity_weights_pre_and_covid_by_year,20260723T010736Z-c3284c32,8,,,,covid,COVID (2020-2021),results/covid_era_spatial_resolution/covid/model_results.csv
rs,data/country_weather_by_era/covid/weather_era5_rs_capacity_2p0deg.csv,17543,14034,3509,2021-08-07 18:00:00+00:00,2021-12-31 22:00:00+00:00,classification,RandForest,auc,,,,0.4575579169904813,2.0,capacity,annual,"2020,2021",data/capacity_weights_pre_and_covid_by_year,20260723T010736Z-c3284c32,8,,,,covid,COVID (2020-2021),results/covid_era_spatial_resolution/covid/model_results.csv
si,data/country_weather_by_era/covid/weather_era5_si_capacity_2p0deg.csv,17543,14034,3509,2021-08-07 18:00:00+00:00,2021-12-31 22:00:00+00:00,classification,RandForest,auc,0.4352340748682212,0.435263110872867,2.9036004645821567e-05,5.2199662500061095,2.0,capacity,annual,"2020,2021",data/capacity_weights_pre_and_covid_by_year,20260723T010736Z-c3284c32,8,,,,covid,COVID (2020-2021),results/covid_era_spatial_resolution/covid/model_results.csv
sk,data/country_weather_by_era/covid/weather_era5_sk_capacity_2p0deg.csv,17521,14016,3505,2021-08-07 18:00:00+00:00,2021-12-31 22:00:00+00:00,classification,RandForest,auc,,,,0.5369342920021154,2.0,capacity,annual,"2020,2021",data/capacity_weights_pre_and_covid_by_year,20260723T010736Z-c3284c32,8,,,,covid,COVID (2020-2021),results/covid_era_spatial_resolution/covid/model_results.csv
at,data/country_weather_by_era/covid/weather_era5_at_capacity_0p25deg.csv,17543,14034,3509,2021-08-07 18:00:00+00:00,2021-12-31 22:00:00+00:00,regression,GradientBoosting,r2,0.0493763916275756,0.2366104253894416,0.1872340337618659,4.770152417011559,0.25,capacity,annual,"2020,2021",data/capacity_weights_pre_and_covid_by_year,20260723T010736Z-c3284c32,8,16.098585927094398,14.53098640337073,1.5675995237236684,covid,COVID (2020-2021),results/covid_era_spatial_resolution/covid/model_results.csv
be,data/country_weather_by_era/covid/weather_era5_be_capacity_0p25deg.csv,17543,14034,3509,2021-08-07 18:00:00+00:00,2021-12-31 22:00:00+00:00,regression,GradientBoosting,r2,0.173854734817512,0.871586799718805,0.697732064901293,4.731248083990067,0.25,capacity,annual,"2020,2021",data/capacity_weights_pre_and_covid_by_year,20260723T010736Z-c3284c32,8,9.770141187088626,3.3322057482001144,6.437935438888512,covid,COVID (2020-2021),results/covid_era_spatial_resolution/covid/model_results.csv
bg,data/country_weather_by_era/covid/weather_era5_bg_capacity_0p25deg.csv,17541,14032,3509,2021-08-07 17:00:00+00:00,2021-12-31 21:00:00+00:00,regression,GradientBoosting,r2,0.4012714293994806,0.5681659339084932,0.1668945045090126,0.5330742920050398,0.25,capacity,annual,"2020,2021",data/capacity_weights_pre_and_covid_by_year,20260723T010736Z-c3284c32,8,4.226175300381302,3.3951916729960816,0.83098362738522,covid,COVID (2020-2021),results/covid_era_spatial_resolution/covid/model_results.csv
cz,data/country_weather_by_era/covid/weather_era5_cz_capacity_0p25deg.csv,17543,14034,3509,2021-08-07 18:00:00+00:00,2021-12-31 22:00:00+00:00,regression,GradientBoosting,r2,0.5813499368485525,0.7653286275093769,0.1839786906608244,0.5099879589979537,0.25,capacity,annual,"2020,2021",data/capacity_weights_pre_and_covid_by_year,20260723T010736Z-c3284c32,8,2.4237061594800866,1.895495268040371,0.5282108914397157,covid,COVID (2020-2021),results/covid_era_spatial_resolution/covid/model_results.csv
de,data/country_weather_by_era/covid/weather_era5_de_capacity_0p25deg.csv,17543,14034,3509,2021-08-07 18:00:00+00:00,2021-12-31 22:00:00+00:00,regression,GradientBoosting,r2,0.1927430200173079,0.9274129225973734,0.7346699025800655,4.63103162497282,0.25,capacity,annual,"2020,2021",data/capacity_weights_pre_and_covid_by_year,20260723T010736Z-c3284c32,8,12.755157385307024,3.588627943820457,9.166529441486569,covid,COVID (2020-2021),results/covid_era_spatial_resolution/covid/model_results.csv
dk,data/country_weather_by_era/covid/weather_era5_dk_capacity_0p25deg.csv,17542,14033,3509,2021-08-07 18:00:00+00:00,2021-12-31 22:00:00+00:00,regression,GradientBoosting,r2,-0.1113835881322431,0.7559544446644818,0.867338032796725,5.238850541994907,0.25,capacity,annual,"2020,2021",data/capacity_weights_pre_and_covid_by_year,20260723T010736Z-c3284c32,8,25.83693439716621,11.845182029489676,13.991752367676536,covid,COVID (2020-2021),results/covid_era_spatial_resolution/covid/model_results.csv
es,data/country_weather_by_era/covid/weather_era5_es_capacity_0p25deg.csv,17542,14033,3509,2021-08-07 18:00:00+00:00,2021-12-31 22:00:00+00:00,regression,GradientBoosting,r2,0.1980391019031161,0.8652468210225498,0.6672077191194337,4.781319625035394,0.25,capacity,annual,"2020,2021",data/capacity_weights_pre_and_covid_by_year,20260723T010736Z-c3284c32,8,11.541325199159626,4.533352903052705,7.007972296106921,covid,COVID (2020-2021),results/covid_era_spatial_resolution/covid/model_results.csv
fr,data/country_weather_by_era/covid/weather_era5_fr_capacity_0p25deg.csv,17532,14025,3507,2021-08-07 16:00:00+00:00,2021-12-31 22:00:00+00:00,regression,GradientBoosting,r2,0.0655894875499037,0.7209179049453625,0.6553284173954587,1.6137695409706794,0.25,capacity,annual,"2020,2021",data/capacity_weights_pre_and_covid_by_year,20260723T010736Z-c3284c32,8,5.305004081063631,2.89331956812188,2.4116845129417506,covid,COVID (2020-2021),results/covid_era_spatial_resolution/covid/model_results.csv
gr,data/country_weather_by_era/covid/weather_era5_gr_capacity_0p25deg.csv,17538,14030,3508,2021-08-07 18:00:00+00:00,2021-12-31 21:00:00+00:00,regression,GradientBoosting,r2,-0.0511045133133116,0.6741504603689672,0.7252549736822789,4.699759291019291,0.25,capacity,annual,"2020,2021",data/capacity_weights_pre_and_covid_by_year,20260723T010736Z-c3284c32,8,13.56366539383814,7.255123842817629,6.30854155102051,covid,COVID (2020-2021),results/covid_era_spatial_resolution/covid/model_results.csv
hr,data/country_weather_by_era/covid/weather_era5_hr_capacity_0p25deg.csv,17543,14034,3509,2021-08-07 18:00:00+00:00,2021-12-31 22:00:00+00:00,regression,GradientBoosting,r2,0.2765515229617151,0.3018576296735231,0.0253061067118079,5.0896780409966595,0.25,capacity,annual,"2020,2021",data/capacity_weights_pre_and_covid_by_year,20260723T010736Z-c3284c32,8,11.987408999499058,11.2430962013871,0.7443127981119577,covid,COVID (2020-2021),results/covid_era_spatial_resolution/covid/model_results.csv
ie,data/country_weather_by_era/covid/weather_era5_ie_capacity_0p25deg.csv,17235,13788,3447,2021-08-03 14:00:00+00:00,2021-12-31 23:00:00+00:00,regression,GradientBoosting,r2,0.046229080440292,0.9293750931803602,0.8831460127400681,4.452663499978371,0.25,capacity,annual,"2020,2021",data/capacity_weights_pre_and_covid_by_year,20260723T010736Z-c3284c32,8,19.86470611367887,4.690521234552523,15.17418487912635,covid,COVID (2020-2021),results/covid_era_spatial_resolution/covid/model_results.csv
lt,data/country_weather_by_era/covid/weather_era5_lt_capacity_0p25deg.csv,17542,14033,3509,2021-08-07 17:00:00+00:00,2021-12-31 21:00:00+00:00,regression,GradientBoosting,r2,-0.0328601730533388,0.8279244121656709,0.8607845852190098,4.344740541011561,0.25,capacity,annual,"2020,2021",data/capacity_weights_pre_and_covid_by_year,20260723T010736Z-c3284c32,8,7.983244157714869,3.2415630995149702,4.741681058199898,covid,COVID (2020-2021),results/covid_era_spatial_resolution/covid/model_results.csv
lv,data/country_weather_by_era/covid/weather_era5_lv_capacity_0p25deg.csv,17531,14024,3507,2021-08-07 16:00:00+00:00,2021-12-31 21:00:00+00:00,regression,GradientBoosting,r2,0.3188691399973689,0.2810384692608544,-0.0378306707365144,4.829269415989984,0.25,capacity,annual,"2020,2021",data/capacity_weights_pre_and_covid_by_year,20260723T010736Z-c3284c32,8,12.936024187535656,13.471611680251224,-0.5355874927155693,covid,COVID (2020-2021),results/covid_era_spatial_resolution/covid/model_results.csv
nl,data/country_weather_by_era/covid/weather_era5_nl_capacity_0p25deg.csv,17543,14034,3509,2021-08-07 18:00:00+00:00,2021-12-31 22:00:00+00:00,regression,GradientBoosting,r2,-0.0497418431379457,0.714425948230603,0.7641677913685487,0.37310275004711,0.25,capacity,annual,"2020,2021",data/capacity_weights_pre_and_covid_by_year,20260723T010736Z-c3284c32,8,7.729055111111219,3.767422051763971,3.961633059347247,covid,COVID (2020-2021),results/covid_era_spatial_resolution/covid/model_results.csv
pt,data/country_weather_by_era/covid/weather_era5_pt_capacity_0p25deg.csv,17544,14035,3509,2021-08-07 19:00:00+00:00,2021-12-31 23:00:00+00:00,regression,GradientBoosting,r2,0.0959434369856228,0.6147155590685165,0.5187721220828937,5.190962875029072,0.25,capacity,annual,"2020,2021",data/capacity_weights_pre_and_covid_by_year,20260723T010736Z-c3284c32,8,14.874241054271664,9.69126373606107,5.182977318210595,covid,COVID (2020-2021),results/covid_era_spatial_resolution/covid/model_results.csv
ro,data/country_weather_by_era/covid/weather_era5_ro_capacity_0p25deg.csv,17465,13972,3493,2021-08-07 23:00:00+00:00,2021-12-31 21:00:00+00:00,regression,GradientBoosting,r2,-0.3087405187003271,0.1529224080773751,0.4616629267777022,5.2478584999917075,0.25,capacity,annual,"2020,2021",data/capacity_weights_pre_and_covid_by_year,20260723T010736Z-c3284c32,8,9.15484266356598,7.135038768907822,2.0198038946581596,covid,COVID (2020-2021),results/covid_era_spatial_resolution/covid/model_results.csv
rs,data/country_weather_by_era/covid/weather_era5_rs_capacity_0p25deg.csv,17543,14034,3509,2021-08-07 18:00:00+00:00,2021-12-31 22:00:00+00:00,regression,GradientBoosting,r2,0.0613799383367807,0.0362956006659085,-0.0250843376708722,0.4616895420476794,0.25,capacity,annual,"2020,2021",data/capacity_weights_pre_and_covid_by_year,20260723T010736Z-c3284c32,8,6.365585476243997,6.403250198724043,-0.0376647224800459,covid,COVID (2020-2021),results/covid_era_spatial_resolution/covid/model_results.csv
si,data/country_weather_by_era/covid/weather_era5_si_capacity_0p25deg.csv,17543,14034,3509,2021-08-07 18:00:00+00:00,2021-12-31 22:00:00+00:00,regression,GradientBoosting,r2,-3.2216368540283815,-3.6499620248417894,-0.4283251708134079,5.11185912496876,0.25,capacity,annual,"2020,2021",data/capacity_weights_pre_and_covid_by_year,20260723T010736Z-c3284c32,8,21.030639946159045,21.531999413482303,-0.5013594673232582,covid,COVID (2020-2021),results/covid_era_spatial_resolution/covid/model_results.csv
sk,data/country_weather_by_era/covid/weather_era5_sk_capacity_0p25deg.csv,17521,14016,3505,2021-08-07 18:00:00+00:00,2021-12-31 22:00:00+00:00,regression,GradientBoosting,r2,-0.6365269724771117,-0.8350307712565535,-0.1985037987794418,0.5246366250212304,0.25,capacity,annual,"2020,2021",data/capacity_weights_pre_and_covid_by_year,20260723T010736Z-c3284c32,8,5.585387797179459,5.856591489985547,-0.2712036928060879,covid,COVID (2020-2021),results/covid_era_spatial_resolution/covid/model_results.csv
at,data/country_weather_by_era/covid/weather_era5_at_capacity_0p5deg.csv,17543,14034,3509,2021-08-07 18:00:00+00:00,2021-12-31 22:00:00+00:00,regression,GradientBoosting,r2,0.0493763916275756,0.2363051711605823,0.1869287795330066,4.928450209030416,0.5,capacity,annual,"2020,2021",data/capacity_weights_pre_and_covid_by_year,20260723T010736Z-c3284c32,8,16.098585927094398,14.57777813880738,1.5208077882870177,covid,COVID (2020-2021),results/covid_era_spatial_resolution/covid/model_results.csv
be,data/country_weather_by_era/covid/weather_era5_be_capacity_0p5deg.csv,17543,14034,3509,2021-08-07 18:00:00+00:00,2021-12-31 22:00:00+00:00,regression,GradientBoosting,r2,0.173854734817512,0.8735166622372763,0.6996619274197643,4.758783333003521,0.5,capacity,annual,"2020,2021",data/capacity_weights_pre_and_covid_by_year,20260723T010736Z-c3284c32,8,9.770141187088626,3.3083921835870913,6.461749003501534,covid,COVID (2020-2021),results/covid_era_spatial_resolution/covid/model_results.csv
bg,data/country_weather_by_era/covid/weather_era5_bg_capacity_0p5deg.csv,17541,14032,3509,2021-08-07 17:00:00+00:00,2021-12-31 21:00:00+00:00,regression,GradientBoosting,r2,0.4012714293994806,0.5814259649824811,0.1801545355830005,0.5122051250073127,0.5,capacity,annual,"2020,2021",data/capacity_weights_pre_and_covid_by_year,20260723T010736Z-c3284c32,8,4.226175300381302,3.339609401283308,0.8865658990979934,covid,COVID (2020-2021),results/covid_era_spatial_resolution/covid/model_results.csv
cz,data/country_weather_by_era/covid/weather_era5_cz_capacity_0p5deg.csv,17543,14034,3509,2021-08-07 18:00:00+00:00,2021-12-31 22:00:00+00:00,regression,GradientBoosting,r2,0.5813499368485525,0.7668057585589482,0.1854558217103956,0.485064709035214,0.5,capacity,annual,"2020,2021",data/capacity_weights_pre_and_covid_by_year,20260723T010736Z-c3284c32,8,2.4237061594800866,1.8863044975538372,0.5374016619262494,covid,COVID (2020-2021),results/covid_era_spatial_resolution/covid/model_results.csv
de,data/country_weather_by_era/covid/weather_era5_de_capacity_0p5deg.csv,17543,14034,3509,2021-08-07 18:00:00+00:00,2021-12-31 22:00:00+00:00,regression,GradientBoosting,r2,0.1927430200173079,0.9259960566958884,0.7332530366785805,4.9656292499857955,0.5,capacity,annual,"2020,2021",data/capacity_weights_pre_and_covid_by_year,20260723T010736Z-c3284c32,8,12.755157385307024,3.636805650416132,9.118351734890892,covid,COVID (2020-2021),results/covid_era_spatial_resolution/covid/model_results.csv
dk,data/country_weather_by_era/covid/weather_era5_dk_capacity_0p5deg.csv,17542,14033,3509,2021-08-07 18:00:00+00:00,2021-12-31 22:00:00+00:00,regression,GradientBoosting,r2,-0.1113835881322431,0.7534994016776014,0.8648829898098446,5.249339125002734,0.5,capacity,annual,"2020,2021",data/capacity_weights_pre_and_covid_by_year,20260723T010736Z-c3284c32,8,25.83693439716621,11.933062171691,13.903872225475212,covid,COVID (2020-2021),results/covid_era_spatial_resolution/covid/model_results.csv
es,data/country_weather_by_era/covid/weather_era5_es_capacity_0p5deg.csv,17542,14033,3509,2021-08-07 18:00:00+00:00,2021-12-31 22:00:00+00:00,regression,GradientBoosting,r2,0.1980391019031161,0.8604876519837865,0.6624485500806704,5.210274250013754,0.5,capacity,annual,"2020,2021",data/capacity_weights_pre_and_covid_by_year,20260723T010736Z-c3284c32,8,11.541325199159626,4.613919826314623,6.927405372845003,covid,COVID (2020-2021),results/covid_era_spatial_resolution/covid/model_results.csv
fr,data/country_weather_by_era/covid/weather_era5_fr_capacity_0p5deg.csv,17532,14025,3507,2021-08-07 16:00:00+00:00,2021-12-31 22:00:00+00:00,regression,GradientBoosting,r2,0.0655894875499037,0.72670246022856,0.6611129726786562,0.5108279580017552,0.5,capacity,annual,"2020,2021",data/capacity_weights_pre_and_covid_by_year,20260723T010736Z-c3284c32,8,5.305004081063631,2.8647117813093534,2.4402922997542773,covid,COVID (2020-2021),results/covid_era_spatial_resolution/covid/model_results.csv
gr,data/country_weather_by_era/covid/weather_era5_gr_capacity_0p5deg.csv,17538,14030,3508,2021-08-07 18:00:00+00:00,2021-12-31 21:00:00+00:00,regression,GradientBoosting,r2,-0.0511045133133116,0.6738823491396077,0.7249868624529193,4.9688474999857135,0.5,capacity,annual,"2020,2021",data/capacity_weights_pre_and_covid_by_year,20260723T010736Z-c3284c32,8,13.56366539383814,7.303230357316453,6.260435036521686,covid,COVID (2020-2021),results/covid_era_spatial_resolution/covid/model_results.csv
hr,data/country_weather_by_era/covid/weather_era5_hr_capacity_0p5deg.csv,17543,14034,3509,2021-08-07 18:00:00+00:00,2021-12-31 22:00:00+00:00,regression,GradientBoosting,r2,0.2765515229617151,0.3050007026872945,0.0284491797255793,5.004471458029002,0.5,capacity,annual,"2020,2021",data/capacity_weights_pre_and_covid_by_year,20260723T010736Z-c3284c32,8,11.987408999499058,11.346306981454154,0.6411020180449043,covid,COVID (2020-2021),results/covid_era_spatial_resolution/covid/model_results.csv
ie,data/country_weather_by_era/covid/weather_era5_ie_capacity_0p5deg.csv,17235,13788,3447,2021-08-03 14:00:00+00:00,2021-12-31 23:00:00+00:00,regression,GradientBoosting,r2,0.046229080440292,0.9268697660606546,0.8806406856203626,4.4659467919846065,0.5,capacity,annual,"2020,2021",data/capacity_weights_pre_and_covid_by_year,20260723T010736Z-c3284c32,8,19.86470611367887,4.792504067576635,15.07220204610224,covid,COVID (2020-2021),results/covid_era_spatial_resolution/covid/model_results.csv
lt,data/country_weather_by_era/covid/weather_era5_lt_capacity_0p5deg.csv,17542,14033,3509,2021-08-07 17:00:00+00:00,2021-12-31 21:00:00+00:00,regression,GradientBoosting,r2,-0.0328601730533388,0.8236444608016525,0.8565046338549914,4.233403499994893,0.5,capacity,annual,"2020,2021",data/capacity_weights_pre_and_covid_by_year,20260723T010736Z-c3284c32,8,7.983244157714869,3.2804538184754017,4.702790339239467,covid,COVID (2020-2021),results/covid_era_spatial_resolution/covid/model_results.csv
lv,data/country_weather_by_era/covid/weather_era5_lv_capacity_0p5deg.csv,17531,14024,3507,2021-08-07 16:00:00+00:00,2021-12-31 21:00:00+00:00,regression,GradientBoosting,r2,0.3188691399973689,0.2910504229004353,-0.0278187170969335,4.927675457962323,0.5,capacity,annual,"2020,2021",data/capacity_weights_pre_and_covid_by_year,20260723T010736Z-c3284c32,8,12.936024187535656,13.408952894929753,-0.4729287073940966,covid,COVID (2020-2021),results/covid_era_spatial_resolution/covid/model_results.csv
nl,data/country_weather_by_era/covid/weather_era5_nl_capacity_0p5deg.csv,17543,14034,3509,2021-08-07 18:00:00+00:00,2021-12-31 22:00:00+00:00,regression,GradientBoosting,r2,-0.0497418431379457,0.7116620836885738,0.7614039268265195,0.3892594579956494,0.5,capacity,annual,"2020,2021",data/capacity_weights_pre_and_covid_by_year,20260723T010736Z-c3284c32,8,7.729055111111219,3.7985515946862014,3.9305035164250177,covid,COVID (2020-2021),results/covid_era_spatial_resolution/covid/model_results.csv
pt,data/country_weather_by_era/covid/weather_era5_pt_capacity_0p5deg.csv,17544,14035,3509,2021-08-07 19:00:00+00:00,2021-12-31 23:00:00+00:00,regression,GradientBoosting,r2,0.0959434369856228,0.6031581426586456,0.5072147056730228,5.124592624953948,0.5,capacity,annual,"2020,2021",data/capacity_weights_pre_and_covid_by_year,20260723T010736Z-c3284c32,8,14.874241054271664,9.791532422783977,5.082708631487687,covid,COVID (2020-2021),results/covid_era_spatial_resolution/covid/model_results.csv
ro,data/country_weather_by_era/covid/weather_era5_ro_capacity_0p5deg.csv,17465,13972,3493,2021-08-07 23:00:00+00:00,2021-12-31 21:00:00+00:00,regression,GradientBoosting,r2,-0.3087405187003271,0.1828759313924127,0.4916164500927399,5.3337397500290535,0.5,capacity,annual,"2020,2021",data/capacity_weights_pre_and_covid_by_year,20260723T010736Z-c3284c32,8,9.15484266356598,7.0268114921734615,2.1280311713925197,covid,COVID (2020-2021),results/covid_era_spatial_resolution/covid/model_results.csv
rs,data/country_weather_by_era/covid/weather_era5_rs_capacity_0p5deg.csv,17543,14034,3509,2021-08-07 18:00:00+00:00,2021-12-31 22:00:00+00:00,regression,GradientBoosting,r2,0.0613799383367807,0.0497470920126242,-0.0116328463241565,0.4548957080114633,0.5,capacity,annual,"2020,2021",data/capacity_weights_pre_and_covid_by_year,20260723T010736Z-c3284c32,8,6.365585476243997,6.371052320292307,-0.0054668440483096,covid,COVID (2020-2021),results/covid_era_spatial_resolution/covid/model_results.csv
si,data/country_weather_by_era/covid/weather_era5_si_capacity_0p5deg.csv,17543,14034,3509,2021-08-07 18:00:00+00:00,2021-12-31 22:00:00+00:00,regression,GradientBoosting,r2,-3.2216368540283815,-3.5932889834093835,-0.371652129381002,5.172437084023841,0.5,capacity,annual,"2020,2021",data/capacity_weights_pre_and_covid_by_year,20260723T010736Z-c3284c32,8,21.030639946159045,21.547279542104103,-0.5166395959450583,covid,COVID (2020-2021),results/covid_era_spatial_resolution/covid/model_results.csv
sk,data/country_weather_by_era/covid/weather_era5_sk_capacity_0p5deg.csv,17521,14016,3505,2021-08-07 18:00:00+00:00,2021-12-31 22:00:00+00:00,regression,GradientBoosting,r2,-0.6365269724771117,-0.8386231497210681,-0.2020961772439564,0.546111916017253,0.5,capacity,annual,"2020,2021",data/capacity_weights_pre_and_covid_by_year,20260723T010736Z-c3284c32,8,5.585387797179459,5.8659191140037485,-0.2805313168242893,covid,COVID (2020-2021),results/covid_era_spatial_resolution/covid/model_results.csv
at,data/country_weather_by_era/covid/weather_era5_at_capacity_1p0deg.csv,17543,14034,3509,2021-08-07 18:00:00+00:00,2021-12-31 22:00:00+00:00,regression,GradientBoosting,r2,0.0493763916275756,0.2366968645333098,0.1873204729057341,4.76586025004508,1.0,capacity,annual,"2020,2021",data/capacity_weights_pre_and_covid_by_year,20260723T010736Z-c3284c32,8,16.098585927094398,14.58117949722912,1.517406429865277,covid,COVID (2020-2021),results/covid_era_spatial_resolution/covid/model_results.csv
be,data/country_weather_by_era/covid/weather_era5_be_capacity_1p0deg.csv,17543,14034,3509,2021-08-07 18:00:00+00:00,2021-12-31 22:00:00+00:00,regression,GradientBoosting,r2,0.173854734817512,0.873000963111739,0.699146228294227,4.8205771669745445,1.0,capacity,annual,"2020,2021",data/capacity_weights_pre_and_covid_by_year,20260723T010736Z-c3284c32,8,9.770141187088626,3.3270634683214695,6.443077718767157,covid,COVID (2020-2021),results/covid_era_spatial_resolution/covid/model_results.csv
bg,data/country_weather_by_era/covid/weather_era5_bg_capacity_1p0deg.csv,17541,14032,3509,2021-08-07 17:00:00+00:00,2021-12-31 21:00:00+00:00,regression,GradientBoosting,r2,0.4012714293994806,0.5787332078860109,0.1774617784865303,0.5254508749931119,1.0,capacity,annual,"2020,2021",data/capacity_weights_pre_and_covid_by_year,20260723T010736Z-c3284c32,8,4.226175300381302,3.388805558539497,0.8373697418418047,covid,COVID (2020-2021),results/covid_era_spatial_resolution/covid/model_results.csv
cz,data/country_weather_by_era/covid/weather_era5_cz_capacity_1p0deg.csv,17543,14034,3509,2021-08-07 18:00:00+00:00,2021-12-31 22:00:00+00:00,regression,GradientBoosting,r2,0.5813499368485525,0.7708276914212191,0.1894777545726665,0.4860486669931561,1.0,capacity,annual,"2020,2021",data/capacity_weights_pre_and_covid_by_year,20260723T010736Z-c3284c32,8,2.4237061594800866,1.8755181605419935,0.5481879989380929,covid,COVID (2020-2021),results/covid_era_spatial_resolution/covid/model_results.csv
de,data/country_weather_by_era/covid/weather_era5_de_capacity_1p0deg.csv,17543,14034,3509,2021-08-07 18:00:00+00:00,2021-12-31 22:00:00+00:00,regression,GradientBoosting,r2,0.1927430200173079,0.9249903214287885,0.7322473014114804,5.06065708398819,1.0,capacity,annual,"2020,2021",data/capacity_weights_pre_and_covid_by_year,20260723T010736Z-c3284c32,8,12.755157385307024,3.668670532503197,9.086486852803828,covid,COVID (2020-2021),results/covid_era_spatial_resolution/covid/model_results.csv
dk,data/country_weather_by_era/covid/weather_era5_dk_capacity_1p0deg.csv,17542,14033,3509,2021-08-07 18:00:00+00:00,2021-12-31 22:00:00+00:00,regression,GradientBoosting,r2,-0.1113835881322431,0.7292183643990198,0.8406019525312629,5.305830917030107,1.0,capacity,annual,"2020,2021",data/capacity_weights_pre_and_covid_by_year,20260723T010736Z-c3284c32,8,25.83693439716621,12.597785270800776,13.239149126365437,covid,COVID (2020-2021),results/covid_era_spatial_resolution/covid/model_results.csv
es,data/country_weather_by_era/covid/weather_era5_es_capacity_1p0deg.csv,17542,14033,3509,2021-08-07 18:00:00+00:00,2021-12-31 22:00:00+00:00,regression,GradientBoosting,r2,0.1980391019031161,0.851081570357767,0.6530424684546509,5.36448054201901,1.0,capacity,annual,"2020,2021",data/capacity_weights_pre_and_covid_by_year,20260723T010736Z-c3284c32,8,11.541325199159626,4.807645730160743,6.733679468998883,covid,COVID (2020-2021),results/covid_era_spatial_resolution/covid/model_results.csv
fr,data/country_weather_by_era/covid/weather_era5_fr_capacity_1p0deg.csv,17532,14025,3507,2021-08-07 16:00:00+00:00,2021-12-31 22:00:00+00:00,regression,GradientBoosting,r2,0.0655894875499037,0.7235815338428111,0.6579920462929073,0.5373980409931391,1.0,capacity,annual,"2020,2021",data/capacity_weights_pre_and_covid_by_year,20260723T010736Z-c3284c32,8,5.305004081063631,2.8762476653588913,2.428756415704739,covid,COVID (2020-2021),results/covid_era_spatial_resolution/covid/model_results.csv
gr,data/country_weather_by_era/covid/weather_era5_gr_capacity_1p0deg.csv,17538,14030,3508,2021-08-07 18:00:00+00:00,2021-12-31 21:00:00+00:00,regression,GradientBoosting,r2,-0.0511045133133116,0.6469087303133279,0.6980132436266395,5.052161042054649,1.0,capacity,annual,"2020,2021",data/capacity_weights_pre_and_covid_by_year,20260723T010736Z-c3284c32,8,13.56366539383814,7.487625006257286,6.0760403875808535,covid,COVID (2020-2021),results/covid_era_spatial_resolution/covid/model_results.csv
hr,data/country_weather_by_era/covid/weather_era5_hr_capacity_1p0deg.csv,17543,14034,3509,2021-08-07 18:00:00+00:00,2021-12-31 22:00:00+00:00,regression,GradientBoosting,r2,0.2765515229617151,0.2765377368820942,-1.3786079620881075e-05,5.124842291988898,1.0,capacity,annual,"2020,2021",data/capacity_weights_pre_and_covid_by_year,20260723T010736Z-c3284c32,8,11.987408999499058,11.67390310463745,0.313505894861608,covid,COVID (2020-2021),results/covid_era_spatial_resolution/covid/model_results.csv
ie,data/country_weather_by_era/covid/weather_era5_ie_capacity_1p0deg.csv,17235,13788,3447,2021-08-03 14:00:00+00:00,2021-12-31 23:00:00+00:00,regression,GradientBoosting,r2,0.046229080440292,0.9233045308832784,0.8770754504429864,4.4359036249807104,1.0,capacity,annual,"2020,2021",data/capacity_weights_pre_and_covid_by_year,20260723T010736Z-c3284c32,8,19.86470611367887,4.950937198281282,14.913768915397592,covid,COVID (2020-2021),results/covid_era_spatial_resolution/covid/model_results.csv
lt,data/country_weather_by_era/covid/weather_era5_lt_capacity_1p0deg.csv,17542,14033,3509,2021-08-07 17:00:00+00:00,2021-12-31 21:00:00+00:00,regression,GradientBoosting,r2,-0.0328601730533388,0.832916752079346,0.8657769251326849,4.252136374998372,1.0,capacity,annual,"2020,2021",data/capacity_weights_pre_and_covid_by_year,20260723T010736Z-c3284c32,8,7.983244157714869,3.185748601350644,4.7974955563642245,covid,COVID (2020-2021),results/covid_era_spatial_resolution/covid/model_results.csv
lv,data/country_weather_by_era/covid/weather_era5_lv_capacity_1p0deg.csv,17531,14024,3507,2021-08-07 16:00:00+00:00,2021-12-31 21:00:00+00:00,regression,GradientBoosting,r2,0.3188691399973689,0.2901485795000058,-0.028720560497363,4.880490124982316,1.0,capacity,annual,"2020,2021",data/capacity_weights_pre_and_covid_by_year,20260723T010736Z-c3284c32,8,12.936024187535656,13.407191718545628,-0.4711675310099714,covid,COVID (2020-2021),results/covid_era_spatial_resolution/covid/model_results.csv
nl,data/country_weather_by_era/covid/weather_era5_nl_capacity_1p0deg.csv,17543,14034,3509,2021-08-07 18:00:00+00:00,2021-12-31 22:00:00+00:00,regression,GradientBoosting,r2,-0.0497418431379457,0.7048353958956748,0.7545772390336205,0.361803832987789,1.0,capacity,annual,"2020,2021",data/capacity_weights_pre_and_covid_by_year,20260723T010736Z-c3284c32,8,7.729055111111219,3.810195145761896,3.9188599653493226,covid,COVID (2020-2021),results/covid_era_spatial_resolution/covid/model_results.csv
pt,data/country_weather_by_era/covid/weather_era5_pt_capacity_1p0deg.csv,17544,14035,3509,2021-08-07 19:00:00+00:00,2021-12-31 23:00:00+00:00,regression,GradientBoosting,r2,0.0959434369856228,0.6197581577386082,0.5238147207529854,5.1898914580233395,1.0,capacity,annual,"2020,2021",data/capacity_weights_pre_and_covid_by_year,20260723T010736Z-c3284c32,8,14.874241054271664,9.57664100696772,5.297600047303945,covid,COVID (2020-2021),results/covid_era_spatial_resolution/covid/model_results.csv
ro,data/country_weather_by_era/covid/weather_era5_ro_capacity_1p0deg.csv,17465,13972,3493,2021-08-07 23:00:00+00:00,2021-12-31 21:00:00+00:00,regression,GradientBoosting,r2,-0.3087405187003271,0.2551495945178209,0.5638901132181481,5.346835042000748,1.0,capacity,annual,"2020,2021",data/capacity_weights_pre_and_covid_by_year,20260723T010736Z-c3284c32,8,9.15484266356598,6.736909183270497,2.417933480295484,covid,COVID (2020-2021),results/covid_era_spatial_resolution/covid/model_results.csv
rs,data/country_weather_by_era/covid/weather_era5_rs_capacity_1p0deg.csv,17543,14034,3509,2021-08-07 18:00:00+00:00,2021-12-31 22:00:00+00:00,regression,GradientBoosting,r2,0.0613799383367807,-0.0034558409404303,-0.0648357792772111,0.4635932919918559,1.0,capacity,annual,"2020,2021",data/capacity_weights_pre_and_covid_by_year,20260723T010736Z-c3284c32,8,6.365585476243997,6.538011664884545,-0.1724261886405473,covid,COVID (2020-2021),results/covid_era_spatial_resolution/covid/model_results.csv
si,data/country_weather_by_era/covid/weather_era5_si_capacity_1p0deg.csv,17543,14034,3509,2021-08-07 18:00:00+00:00,2021-12-31 22:00:00+00:00,regression,GradientBoosting,r2,-3.2216368540283815,-3.671924336724856,-0.4502874826964742,5.163212999992538,1.0,capacity,annual,"2020,2021",data/capacity_weights_pre_and_covid_by_year,20260723T010736Z-c3284c32,8,21.030639946159045,21.658110243373297,-0.6274702972142521,covid,COVID (2020-2021),results/covid_era_spatial_resolution/covid/model_results.csv
sk,data/country_weather_by_era/covid/weather_era5_sk_capacity_1p0deg.csv,17521,14016,3505,2021-08-07 18:00:00+00:00,2021-12-31 22:00:00+00:00,regression,GradientBoosting,r2,-0.6365269724771117,-0.9121706101054964,-0.2756436376283846,0.5280895000323653,1.0,capacity,annual,"2020,2021",data/capacity_weights_pre_and_covid_by_year,20260723T010736Z-c3284c32,8,5.585387797179459,5.948026749104129,-0.3626389519246702,covid,COVID (2020-2021),results/covid_era_spatial_resolution/covid/model_results.csv
at,data/country_weather_by_era/covid/weather_era5_at_capacity_2p0deg.csv,17543,14034,3509,2021-08-07 18:00:00+00:00,2021-12-31 22:00:00+00:00,regression,GradientBoosting,r2,0.0493763916275756,0.1580873051237954,0.1087109134962197,4.72832550003659,2.0,capacity,annual,"2020,2021",data/capacity_weights_pre_and_covid_by_year,20260723T010736Z-c3284c32,8,16.098585927094398,15.164118987467358,0.9344669396270396,covid,COVID (2020-2021),results/covid_era_spatial_resolution/covid/model_results.csv
be,data/country_weather_by_era/covid/weather_era5_be_capacity_2p0deg.csv,17543,14034,3509,2021-08-07 18:00:00+00:00,2021-12-31 22:00:00+00:00,regression,GradientBoosting,r2,0.173854734817512,0.8713850023296753,0.6975302675121633,4.494691916974261,2.0,capacity,annual,"2020,2021",data/capacity_weights_pre_and_covid_by_year,20260723T010736Z-c3284c32,8,9.770141187088626,3.3444963247190613,6.425644862369564,covid,COVID (2020-2021),results/covid_era_spatial_resolution/covid/model_results.csv
bg,data/country_weather_by_era/covid/weather_era5_bg_capacity_2p0deg.csv,17541,14032,3509,2021-08-07 17:00:00+00:00,2021-12-31 21:00:00+00:00,regression,GradientBoosting,r2,0.4012714293994806,0.5738647569644448,0.1725933275649642,0.5180294170277193,2.0,capacity,annual,"2020,2021",data/capacity_weights_pre_and_covid_by_year,20260723T010736Z-c3284c32,8,4.226175300381302,3.4217461650328653,0.8044291353484363,covid,COVID (2020-2021),results/covid_era_spatial_resolution/covid/model_results.csv
cz,data/country_weather_by_era/covid/weather_era5_cz_capacity_2p0deg.csv,17543,14034,3509,2021-08-07 18:00:00+00:00,2021-12-31 22:00:00+00:00,regression,GradientBoosting,r2,0.5813499368485525,0.7697352379418345,0.188385301093282,0.4827346249949187,2.0,capacity,annual,"2020,2021",data/capacity_weights_pre_and_covid_by_year,20260723T010736Z-c3284c32,8,2.4237061594800866,1.8759545499233288,0.5477516095567578,covid,COVID (2020-2021),results/covid_era_spatial_resolution/covid/model_results.csv
de,data/country_weather_by_era/covid/weather_era5_de_capacity_2p0deg.csv,17543,14034,3509,2021-08-07 18:00:00+00:00,2021-12-31 22:00:00+00:00,regression,GradientBoosting,r2,0.1927430200173079,0.9235915423926718,0.7308485223753639,5.070295083045494,2.0,capacity,annual,"2020,2021",data/capacity_weights_pre_and_covid_by_year,20260723T010736Z-c3284c32,8,12.755157385307024,3.6806635776911816,9.074493807615845,covid,COVID (2020-2021),results/covid_era_spatial_resolution/covid/model_results.csv
dk,data/country_weather_by_era/covid/weather_era5_dk_capacity_2p0deg.csv,17542,14033,3509,2021-08-07 18:00:00+00:00,2021-12-31 22:00:00+00:00,regression,GradientBoosting,r2,-0.1113835881322431,0.711931757783447,0.8233153459156901,5.246071957983077,2.0,capacity,annual,"2020,2021",data/capacity_weights_pre_and_covid_by_year,20260723T010736Z-c3284c32,8,25.83693439716621,13.029789924314242,12.807144472851968,covid,COVID (2020-2021),results/covid_era_spatial_resolution/covid/model_results.csv
es,data/country_weather_by_era/covid/weather_era5_es_capacity_2p0deg.csv,17542,14033,3509,2021-08-07 18:00:00+00:00,2021-12-31 22:00:00+00:00,regression,GradientBoosting,r2,0.1980391019031161,0.8268389616045656,0.6287998597014495,5.328318833024241,2.0,capacity,annual,"2020,2021",data/capacity_weights_pre_and_covid_by_year,20260723T010736Z-c3284c32,8,11.541325199159626,5.249987024083412,6.2913381750762145,covid,COVID (2020-2021),results/covid_era_spatial_resolution/covid/model_results.csv
fr,data/country_weather_by_era/covid/weather_era5_fr_capacity_2p0deg.csv,17532,14025,3507,2021-08-07 16:00:00+00:00,2021-12-31 22:00:00+00:00,regression,GradientBoosting,r2,0.0655894875499037,0.7238432795862091,0.6582537920363053,0.4986132499761879,2.0,capacity,annual,"2020,2021",data/capacity_weights_pre_and_covid_by_year,20260723T010736Z-c3284c32,8,5.305004081063631,2.8868731952388083,2.4181308858248225,covid,COVID (2020-2021),results/covid_era_spatial_resolution/covid/model_results.csv
gr,data/country_weather_by_era/covid/weather_era5_gr_capacity_2p0deg.csv,17538,14030,3508,2021-08-07 18:00:00+00:00,2021-12-31 21:00:00+00:00,regression,GradientBoosting,r2,-0.0511045133133116,0.6391183179396331,0.6902228312529448,5.0221585420076735,2.0,capacity,annual,"2020,2021",data/capacity_weights_pre_and_covid_by_year,20260723T010736Z-c3284c32,8,13.56366539383814,7.581765706265696,5.981899687572444,covid,COVID (2020-2021),results/covid_era_spatial_resolution/covid/model_results.csv
hr,data/country_weather_by_era/covid/weather_era5_hr_capacity_2p0deg.csv,17543,14034,3509,2021-08-07 18:00:00+00:00,2021-12-31 22:00:00+00:00,regression,GradientBoosting,r2,0.2765515229617151,0.3148684509689018,0.0383169280071866,5.082901750050951,2.0,capacity,annual,"2020,2021",data/capacity_weights_pre_and_covid_by_year,20260723T010736Z-c3284c32,8,11.987408999499058,11.42790160470246,0.559507394796599,covid,COVID (2020-2021),results/covid_era_spatial_resolution/covid/model_results.csv
ie,data/country_weather_by_era/covid/weather_era5_ie_capacity_2p0deg.csv,17235,13788,3447,2021-08-03 14:00:00+00:00,2021-12-31 23:00:00+00:00,regression,GradientBoosting,r2,0.046229080440292,0.9104949274650884,0.8642658470247965,4.522268833999988,2.0,capacity,annual,"2020,2021",data/capacity_weights_pre_and_covid_by_year,20260723T010736Z-c3284c32,8,19.86470611367887,5.401954858435059,14.462751255243816,covid,COVID (2020-2021),results/covid_era_spatial_resolution/covid/model_results.csv
lt,data/country_weather_by_era/covid/weather_era5_lt_capacity_2p0deg.csv,17542,14033,3509,2021-08-07 17:00:00+00:00,2021-12-31 21:00:00+00:00,regression,GradientBoosting,r2,-0.0328601730533388,0.8308679852603357,0.8637281583136746,4.373699207964819,2.0,capacity,annual,"2020,2021",data/capacity_weights_pre_and_covid_by_year,20260723T010736Z-c3284c32,8,7.983244157714869,3.1778853813846974,4.805358776330172,covid,COVID (2020-2021),results/covid_era_spatial_resolution/covid/model_results.csv
lv,data/country_weather_by_era/covid/weather_era5_lv_capacity_2p0deg.csv,17531,14024,3507,2021-08-07 16:00:00+00:00,2021-12-31 21:00:00+00:00,regression,GradientBoosting,r2,0.3188691399973689,0.305943694104769,-0.0129254458925998,4.9117139159934595,2.0,capacity,annual,"2020,2021",data/capacity_weights_pre_and_covid_by_year,20260723T010736Z-c3284c32,8,12.936024187535656,13.319590233485757,-0.3835660459500989,covid,COVID (2020-2021),results/covid_era_spatial_resolution/covid/model_results.csv
nl,data/country_weather_by_era/covid/weather_era5_nl_capacity_2p0deg.csv,17543,14034,3509,2021-08-07 18:00:00+00:00,2021-12-31 22:00:00+00:00,regression,GradientBoosting,r2,-0.0497418431379457,0.7125113944139294,0.7622532375518751,0.3760597499785945,2.0,capacity,annual,"2020,2021",data/capacity_weights_pre_and_covid_by_year,20260723T010736Z-c3284c32,8,7.729055111111219,3.7598989409407464,3.969156170170472,covid,COVID (2020-2021),results/covid_era_spatial_resolution/covid/model_results.csv
pt,data/country_weather_by_era/covid/weather_era5_pt_capacity_2p0deg.csv,17544,14035,3509,2021-08-07 19:00:00+00:00,2021-12-31 23:00:00+00:00,regression,GradientBoosting,r2,0.0959434369856228,0.5969081905647204,0.5009647535790976,5.148164041980635,2.0,capacity,annual,"2020,2021",data/capacity_weights_pre_and_covid_by_year,20260723T010736Z-c3284c32,8,14.874241054271664,9.825284601424002,5.048956452847662,covid,COVID (2020-2021),results/covid_era_spatial_resolution/covid/model_results.csv
ro,data/country_weather_by_era/covid/weather_era5_ro_capacity_2p0deg.csv,17465,13972,3493,2021-08-07 23:00:00+00:00,2021-12-31 21:00:00+00:00,regression,GradientBoosting,r2,-0.3087405187003271,0.154278698234982,0.4630192169353092,5.188183291989844,2.0,capacity,annual,"2020,2021",data/capacity_weights_pre_and_covid_by_year,20260723T010736Z-c3284c32,8,9.15484266356598,7.1208409560573855,2.0340017075085957,covid,COVID (2020-2021),results/covid_era_spatial_resolution/covid/model_results.csv
rs,data/country_weather_by_era/covid/weather_era5_rs_capacity_2p0deg.csv,17543,14034,3509,2021-08-07 18:00:00+00:00,2021-12-31 22:00:00+00:00,regression,GradientBoosting,r2,0.0613799383367807,0.0107257695619474,-0.0506541687748333,0.4575579169904813,2.0,capacity,annual,"2020,2021",data/capacity_weights_pre_and_covid_by_year,20260723T010736Z-c3284c32,8,6.365585476243997,6.477172372245192,-0.1115868960011949,covid,COVID (2020-2021),results/covid_era_spatial_resolution/covid/model_results.csv
si,data/country_weather_by_era/covid/weather_era5_si_capacity_2p0deg.csv,17543,14034,3509,2021-08-07 18:00:00+00:00,2021-12-31 22:00:00+00:00,regression,GradientBoosting,r2,-3.2216368540283815,-3.658343735881158,-0.4367068818527766,5.2199662500061095,2.0,capacity,annual,"2020,2021",data/capacity_weights_pre_and_covid_by_year,20260723T010736Z-c3284c32,8,21.030639946159045,21.6182344776268,-0.5875945314677544,covid,COVID (2020-2021),results/covid_era_spatial_resolution/covid/model_results.csv
sk,data/country_weather_by_era/covid/weather_era5_sk_capacity_2p0deg.csv,17521,14016,3505,2021-08-07 18:00:00+00:00,2021-12-31 22:00:00+00:00,regression,GradientBoosting,r2,-0.6365269724771117,-0.8697334055839017,-0.23320643310679,0.5369342920021154,2.0,capacity,annual,"2020,2021",data/capacity_weights_pre_and_covid_by_year,20260723T010736Z-c3284c32,8,5.585387797179459,5.888083779093553,-0.3026959819140939,covid,COVID (2020-2021),results/covid_era_spatial_resolution/covid/model_results.csv
at,data/country_weather_by_era/covid/weather_era5_at_capacity_0p25deg.csv,17543,14034,3509,2021-08-07 18:00:00+00:00,2021-12-31 22:00:00+00:00,regression,LightGBM,r2,0.0422113855757515,0.2406682599556545,0.198456874379903,4.770152417011559,0.25,capacity,annual,"2020,2021",data/capacity_weights_pre_and_covid_by_year,20260723T010736Z-c3284c32,8,16.13102984139921,14.48283332126536,1.6481965201338529,covid,COVID (2020-2021),results/covid_era_spatial_resolution/covid/model_results.csv
be,data/country_weather_by_era/covid/weather_era5_be_capacity_0p25deg.csv,17543,14034,3509,2021-08-07 18:00:00+00:00,2021-12-31 22:00:00+00:00,regression,LightGBM,r2,0.1675467414797984,0.8707510847036847,0.7032043432238863,4.731248083990067,0.25,capacity,annual,"2020,2021",data/capacity_weights_pre_and_covid_by_year,20260723T010736Z-c3284c32,8,9.784687228291778,3.33916852825183,6.445518700039948,covid,COVID (2020-2021),results/covid_era_spatial_resolution/covid/model_results.csv
bg,data/country_weather_by_era/covid/weather_era5_bg_capacity_0p25deg.csv,17541,14032,3509,2021-08-07 17:00:00+00:00,2021-12-31 21:00:00+00:00,regression,LightGBM,r2,0.3976709538189161,0.5709721691927407,0.1733012153738246,0.5330742920050398,0.25,capacity,annual,"2020,2021",data/capacity_weights_pre_and_covid_by_year,20260723T010736Z-c3284c32,8,4.226201839880811,3.392947988339284,0.8332538515415266,covid,COVID (2020-2021),results/covid_era_spatial_resolution/covid/model_results.csv
cz,data/country_weather_by_era/covid/weather_era5_cz_capacity_0p25deg.csv,17543,14034,3509,2021-08-07 18:00:00+00:00,2021-12-31 22:00:00+00:00,regression,LightGBM,r2,0.581364386547248,0.7632040422709335,0.1818396557236855,0.5099879589979537,0.25,capacity,annual,"2020,2021",data/capacity_weights_pre_and_covid_by_year,20260723T010736Z-c3284c32,8,2.423705468127076,1.8981217805864163,0.5255836875406599,covid,COVID (2020-2021),results/covid_era_spatial_resolution/covid/model_results.csv
de,data/country_weather_by_era/covid/weather_era5_de_capacity_0p25deg.csv,17543,14034,3509,2021-08-07 18:00:00+00:00,2021-12-31 22:00:00+00:00,regression,LightGBM,r2,0.1890554475216719,0.9265235509891028,0.737468103467431,4.63103162497282,0.25,capacity,annual,"2020,2021",data/capacity_weights_pre_and_covid_by_year,20260723T010736Z-c3284c32,8,12.734296292536891,3.584701757337118,9.149594535199777,covid,COVID (2020-2021),results/covid_era_spatial_resolution/covid/model_results.csv
dk,data/country_weather_by_era/covid/weather_era5_dk_capacity_0p25deg.csv,17542,14033,3509,2021-08-07 18:00:00+00:00,2021-12-31 22:00:00+00:00,regression,LightGBM,r2,-0.1227372464447775,0.7570696006715271,0.8798068471163046,5.238850541994907,0.25,capacity,annual,"2020,2021",data/capacity_weights_pre_and_covid_by_year,20260723T010736Z-c3284c32,8,25.91289797858493,11.826584765911054,14.086313212673872,covid,COVID (2020-2021),results/covid_era_spatial_resolution/covid/model_results.csv
es,data/country_weather_by_era/covid/weather_era5_es_capacity_0p25deg.csv,17542,14033,3509,2021-08-07 18:00:00+00:00,2021-12-31 22:00:00+00:00,regression,LightGBM,r2,0.1946643900470538,0.8700092822845829,0.675344892237529,4.781319625035394,0.25,capacity,annual,"2020,2021",data/capacity_weights_pre_and_covid_by_year,20260723T010736Z-c3284c32,8,11.523697988539194,4.452027939002878,7.071670049536316,covid,COVID (2020-2021),results/covid_era_spatial_resolution/covid/model_results.csv
fr,data/country_weather_by_era/covid/weather_era5_fr_capacity_0p25deg.csv,17532,14025,3507,2021-08-07 16:00:00+00:00,2021-12-31 22:00:00+00:00,regression,LightGBM,r2,0.0655266580911612,0.730448489779754,0.6649218316885928,1.6137695409706794,0.25,capacity,annual,"2020,2021",data/capacity_weights_pre_and_covid_by_year,20260723T010736Z-c3284c32,8,5.2879000422490074,2.839717289174675,2.4481827530743323,covid,COVID (2020-2021),results/covid_era_spatial_resolution/covid/model_results.csv
gr,data/country_weather_by_era/covid/weather_era5_gr_capacity_0p25deg.csv,17538,14030,3508,2021-08-07 18:00:00+00:00,2021-12-31 21:00:00+00:00,regression,LightGBM,r2,-0.0670114948999256,0.6597970362131048,0.7268085311130305,4.699759291019291,0.25,capacity,annual,"2020,2021",data/capacity_weights_pre_and_covid_by_year,20260723T010736Z-c3284c32,8,13.634396234906122,7.407267914328176,6.227128320577946,covid,COVID (2020-2021),results/covid_era_spatial_resolution/covid/model_results.csv
hr,data/country_weather_by_era/covid/weather_era5_hr_capacity_0p25deg.csv,17543,14034,3509,2021-08-07 18:00:00+00:00,2021-12-31 22:00:00+00:00,regression,LightGBM,r2,0.2569454552944459,0.2926897071545187,0.0357442518600727,5.0896780409966595,0.25,capacity,annual,"2020,2021",data/capacity_weights_pre_and_covid_by_year,20260723T010736Z-c3284c32,8,12.063795883505366,11.412446211517128,0.6513496719882372,covid,COVID (2020-2021),results/covid_era_spatial_resolution/covid/model_results.csv
ie,data/country_weather_by_era/covid/weather_era5_ie_capacity_0p25deg.csv,17235,13788,3447,2021-08-03 14:00:00+00:00,2021-12-31 23:00:00+00:00,regression,LightGBM,r2,0.0309691262913429,0.927457309157144,0.8964881828658011,4.452663499978371,0.25,capacity,annual,"2020,2021",data/capacity_weights_pre_and_covid_by_year,20260723T010736Z-c3284c32,8,19.95470024865127,4.7579809240381365,15.196719324613134,covid,COVID (2020-2021),results/covid_era_spatial_resolution/covid/model_results.csv
lt,data/country_weather_by_era/covid/weather_era5_lt_capacity_0p25deg.csv,17542,14033,3509,2021-08-07 17:00:00+00:00,2021-12-31 21:00:00+00:00,regression,LightGBM,r2,-0.0633987618936442,0.8253589686951974,0.8887577305888417,4.344740541011561,0.25,capacity,annual,"2020,2021",data/capacity_weights_pre_and_covid_by_year,20260723T010736Z-c3284c32,8,8.086636283048058,3.269434712869217,4.817201570178842,covid,COVID (2020-2021),results/covid_era_spatial_resolution/covid/model_results.csv
lv,data/country_weather_by_era/covid/weather_era5_lv_capacity_0p25deg.csv,17531,14024,3507,2021-08-07 16:00:00+00:00,2021-12-31 21:00:00+00:00,regression,LightGBM,r2,0.3026545956869373,0.2713362574137338,-0.0313183382732035,4.829269415989984,0.25,capacity,annual,"2020,2021",data/capacity_weights_pre_and_covid_by_year,20260723T010736Z-c3284c32,8,12.992739051881518,13.640821965278386,-0.648082913396868,covid,COVID (2020-2021),results/covid_era_spatial_resolution/covid/model_results.csv
nl,data/country_weather_by_era/covid/weather_era5_nl_capacity_0p25deg.csv,17543,14034,3509,2021-08-07 18:00:00+00:00,2021-12-31 22:00:00+00:00,regression,LightGBM,r2,-0.0544104914447087,0.7113272497735719,0.7657377412182806,0.37310275004711,0.25,capacity,annual,"2020,2021",data/capacity_weights_pre_and_covid_by_year,20260723T010736Z-c3284c32,8,7.741896547702485,3.7839696374920986,3.9579269102103862,covid,COVID (2020-2021),results/covid_era_spatial_resolution/covid/model_results.csv
pt,data/country_weather_by_era/covid/weather_era5_pt_capacity_0p25deg.csv,17544,14035,3509,2021-08-07 19:00:00+00:00,2021-12-31 23:00:00+00:00,regression,LightGBM,r2,0.078248252467673,0.618696653598241,0.5404484011305679,5.190962875029072,0.25,capacity,annual,"2020,2021",data/capacity_weights_pre_and_covid_by_year,20260723T010736Z-c3284c32,8,14.969037918507311,9.629617539460243,5.339420379047066,covid,COVID (2020-2021),results/covid_era_spatial_resolution/covid/model_results.csv
ro,data/country_weather_by_era/covid/weather_era5_ro_capacity_0p25deg.csv,17465,13972,3493,2021-08-07 23:00:00+00:00,2021-12-31 21:00:00+00:00,regression,LightGBM,r2,-0.3151065111993532,0.1198853421352996,0.4349918533346528,5.2478584999917075,0.25,capacity,annual,"2020,2021",data/capacity_weights_pre_and_covid_by_year,20260723T010736Z-c3284c32,8,9.112283293134851,7.256973662049698,1.8553096310851531,covid,COVID (2020-2021),results/covid_era_spatial_resolution/covid/model_results.csv
rs,data/country_weather_by_era/covid/weather_era5_rs_capacity_0p25deg.csv,17543,14034,3509,2021-08-07 18:00:00+00:00,2021-12-31 22:00:00+00:00,regression,LightGBM,r2,0.0227888220991842,0.0043539622081497,-0.0184348598910344,0.4616895420476794,0.25,capacity,annual,"2020,2021",data/capacity_weights_pre_and_covid_by_year,20260723T010736Z-c3284c32,8,6.4894207356373705,6.514410775340725,-0.0249900397033542,covid,COVID (2020-2021),results/covid_era_spatial_resolution/covid/model_results.csv
si,data/country_weather_by_era/covid/weather_era5_si_capacity_0p25deg.csv,17543,14034,3509,2021-08-07 18:00:00+00:00,2021-12-31 22:00:00+00:00,regression,LightGBM,r2,-3.292681316945142,-3.638856060578069,-0.3461747436329263,5.11185912496876,0.25,capacity,annual,"2020,2021",data/capacity_weights_pre_and_covid_by_year,20260723T010736Z-c3284c32,8,21.18163495842748,21.54321340839093,-0.3615784499634493,covid,COVID (2020-2021),results/covid_era_spatial_resolution/covid/model_results.csv
sk,data/country_weather_by_era/covid/weather_era5_sk_capacity_0p25deg.csv,17521,14016,3505,2021-08-07 18:00:00+00:00,2021-12-31 22:00:00+00:00,regression,LightGBM,r2,-0.648077875715755,-1.0106101804840852,-0.3625323047683302,0.5246366250212304,0.25,capacity,annual,"2020,2021",data/capacity_weights_pre_and_covid_by_year,20260723T010736Z-c3284c32,8,5.588891697006814,6.00778108913898,-0.4188893921321659,covid,COVID (2020-2021),results/covid_era_spatial_resolution/covid/model_results.csv
at,data/country_weather_by_era/covid/weather_era5_at_capacity_0p5deg.csv,17543,14034,3509,2021-08-07 18:00:00+00:00,2021-12-31 22:00:00+00:00,regression,LightGBM,r2,0.0422113855757515,0.2361801794234629,0.1939687938477113,4.928450209030416,0.5,capacity,annual,"2020,2021",data/capacity_weights_pre_and_covid_by_year,20260723T010736Z-c3284c32,8,16.13102984139921,14.4812284448959,1.649801396503312,covid,COVID (2020-2021),results/covid_era_spatial_resolution/covid/model_results.csv
be,data/country_weather_by_era/covid/weather_era5_be_capacity_0p5deg.csv,17543,14034,3509,2021-08-07 18:00:00+00:00,2021-12-31 22:00:00+00:00,regression,LightGBM,r2,0.1675467414797984,0.870978564878568,0.7034318233987695,4.758783333003521,0.5,capacity,annual,"2020,2021",data/capacity_weights_pre_and_covid_by_year,20260723T010736Z-c3284c32,8,9.784687228291778,3.33024128758895,6.454445940702828,covid,COVID (2020-2021),results/covid_era_spatial_resolution/covid/model_results.csv
bg,data/country_weather_by_era/covid/weather_era5_bg_capacity_0p5deg.csv,17541,14032,3509,2021-08-07 17:00:00+00:00,2021-12-31 21:00:00+00:00,regression,LightGBM,r2,0.3976709538189161,0.5758529261554232,0.178181972336507,0.5122051250073127,0.5,capacity,annual,"2020,2021",data/capacity_weights_pre_and_covid_by_year,20260723T010736Z-c3284c32,8,4.226201839880811,3.357200627202789,0.8690012126780222,covid,COVID (2020-2021),results/covid_era_spatial_resolution/covid/model_results.csv
cz,data/country_weather_by_era/covid/weather_era5_cz_capacity_0p5deg.csv,17543,14034,3509,2021-08-07 18:00:00+00:00,2021-12-31 22:00:00+00:00,regression,LightGBM,r2,0.581364386547248,0.7638928277963358,0.1825284412490878,0.485064709035214,0.5,capacity,annual,"2020,2021",data/capacity_weights_pre_and_covid_by_year,20260723T010736Z-c3284c32,8,2.423705468127076,1.895095326282331,0.5286101418447455,covid,COVID (2020-2021),results/covid_era_spatial_resolution/covid/model_results.csv
de,data/country_weather_by_era/covid/weather_era5_de_capacity_0p5deg.csv,17543,14034,3509,2021-08-07 18:00:00+00:00,2021-12-31 22:00:00+00:00,regression,LightGBM,r2,0.1890554475216719,0.9261252694937088,0.737069821972037,4.9656292499857955,0.5,capacity,annual,"2020,2021",data/capacity_weights_pre_and_covid_by_year,20260723T010736Z-c3284c32,8,12.734296292536891,3.606061374903615,9.12823491763328,covid,COVID (2020-2021),results/covid_era_spatial_resolution/covid/model_results.csv
dk,data/country_weather_by_era/covid/weather_era5_dk_capacity_0p5deg.csv,17542,14033,3509,2021-08-07 18:00:00+00:00,2021-12-31 22:00:00+00:00,regression,LightGBM,r2,-0.1227372464447775,0.7520286110600203,0.8747658575047979,5.249339125002734,0.5,capacity,annual,"2020,2021",data/capacity_weights_pre_and_covid_by_year,20260723T010736Z-c3284c32,8,25.91289797858493,12.001692176007795,13.911205802577127,covid,COVID (2020-2021),results/covid_era_spatial_resolution/covid/model_results.csv
es,data/country_weather_by_era/covid/weather_era5_es_capacity_0p5deg.csv,17542,14033,3509,2021-08-07 18:00:00+00:00,2021-12-31 22:00:00+00:00,regression,LightGBM,r2,0.1946643900470538,0.8666348731256754,0.6719704830786216,5.210274250013754,0.5,capacity,annual,"2020,2021",data/capacity_weights_pre_and_covid_by_year,20260723T010736Z-c3284c32,8,11.523697988539194,4.513357505497803,7.010340483041391,covid,COVID (2020-2021),results/covid_era_spatial_resolution/covid/model_results.csv
fr,data/country_weather_by_era/covid/weather_era5_fr_capacity_0p5deg.csv,17532,14025,3507,2021-08-07 16:00:00+00:00,2021-12-31 22:00:00+00:00,regression,LightGBM,r2,0.0655266580911612,0.7296709685385087,0.6641443104473475,0.5108279580017552,0.5,capacity,annual,"2020,2021",data/capacity_weights_pre_and_covid_by_year,20260723T010736Z-c3284c32,8,5.2879000422490074,2.860231011630042,2.4276690306189654,covid,COVID (2020-2021),results/covid_era_spatial_resolution/covid/model_results.csv
gr,data/country_weather_by_era/covid/weather_era5_gr_capacity_0p5deg.csv,17538,14030,3508,2021-08-07 18:00:00+00:00,2021-12-31 21:00:00+00:00,regression,LightGBM,r2,-0.0670114948999256,0.6514179591722409,0.7184294540721665,4.9688474999857135,0.5,capacity,annual,"2020,2021",data/capacity_weights_pre_and_covid_by_year,20260723T010736Z-c3284c32,8,13.634396234906122,7.492481677758704,6.141914557147418,covid,COVID (2020-2021),results/covid_era_spatial_resolution/covid/model_results.csv
hr,data/country_weather_by_era/covid/weather_era5_hr_capacity_0p5deg.csv,17543,14034,3509,2021-08-07 18:00:00+00:00,2021-12-31 22:00:00+00:00,regression,LightGBM,r2,0.2569454552944459,0.2634014799463298,0.0064560246518838,5.004471458029002,0.5,capacity,annual,"2020,2021",data/capacity_weights_pre_and_covid_by_year,20260723T010736Z-c3284c32,8,12.063795883505366,11.636937330416652,0.4268585530887137,covid,COVID (2020-2021),results/covid_era_spatial_resolution/covid/model_results.csv
ie,data/country_weather_by_era/covid/weather_era5_ie_capacity_0p5deg.csv,17235,13788,3447,2021-08-03 14:00:00+00:00,2021-12-31 23:00:00+00:00,regression,LightGBM,r2,0.0309691262913429,0.923832592041772,0.8928634657504292,4.4659467919846065,0.5,capacity,annual,"2020,2021",data/capacity_weights_pre_and_covid_by_year,20260723T010736Z-c3284c32,8,19.95470024865127,4.886119344023486,15.068580904627783,covid,COVID (2020-2021),results/covid_era_spatial_resolution/covid/model_results.csv
lt,data/country_weather_by_era/covid/weather_era5_lt_capacity_0p5deg.csv,17542,14033,3509,2021-08-07 17:00:00+00:00,2021-12-31 21:00:00+00:00,regression,LightGBM,r2,-0.0633987618936442,0.8238864350297592,0.8872851969234035,4.233403499994893,0.5,capacity,annual,"2020,2021",data/capacity_weights_pre_and_covid_by_year,20260723T010736Z-c3284c32,8,8.086636283048058,3.2785774589470384,4.808058824101019,covid,COVID (2020-2021),results/covid_era_spatial_resolution/covid/model_results.csv
lv,data/country_weather_by_era/covid/weather_era5_lv_capacity_0p5deg.csv,17531,14024,3507,2021-08-07 16:00:00+00:00,2021-12-31 21:00:00+00:00,regression,LightGBM,r2,0.3026545956869373,0.2666701135937004,-0.0359844820932369,4.927675457962323,0.5,capacity,annual,"2020,2021",data/capacity_weights_pre_and_covid_by_year,20260723T010736Z-c3284c32,8,12.992739051881518,13.631386077529458,-0.6386470256479395,covid,COVID (2020-2021),results/covid_era_spatial_resolution/covid/model_results.csv
nl,data/country_weather_by_era/covid/weather_era5_nl_capacity_0p5deg.csv,17543,14034,3509,2021-08-07 18:00:00+00:00,2021-12-31 22:00:00+00:00,regression,LightGBM,r2,-0.0544104914447087,0.7085410902620201,0.7629515817067288,0.3892594579956494,0.5,capacity,annual,"2020,2021",data/capacity_weights_pre_and_covid_by_year,20260723T010736Z-c3284c32,8,7.741896547702485,3.8140612288981344,3.9278353188043504,covid,COVID (2020-2021),results/covid_era_spatial_resolution/covid/model_results.csv
pt,data/country_weather_by_era/covid/weather_era5_pt_capacity_0p5deg.csv,17544,14035,3509,2021-08-07 19:00:00+00:00,2021-12-31 23:00:00+00:00,regression,LightGBM,r2,0.078248252467673,0.614465470790896,0.5362172183232229,5.124592624953948,0.5,capacity,annual,"2020,2021",data/capacity_weights_pre_and_covid_by_year,20260723T010736Z-c3284c32,8,14.969037918507311,9.69206574119251,5.276972177314802,covid,COVID (2020-2021),results/covid_era_spatial_resolution/covid/model_results.csv
ro,data/country_weather_by_era/covid/weather_era5_ro_capacity_0p5deg.csv,17465,13972,3493,2021-08-07 23:00:00+00:00,2021-12-31 21:00:00+00:00,regression,LightGBM,r2,-0.3151065111993532,0.1481574441349962,0.4632639553343494,5.3337397500290535,0.5,capacity,annual,"2020,2021",data/capacity_weights_pre_and_covid_by_year,20260723T010736Z-c3284c32,8,9.112283293134851,7.1490316284091815,1.9632516647256697,covid,COVID (2020-2021),results/covid_era_spatial_resolution/covid/model_results.csv
rs,data/country_weather_by_era/covid/weather_era5_rs_capacity_0p5deg.csv,17543,14034,3509,2021-08-07 18:00:00+00:00,2021-12-31 22:00:00+00:00,regression,LightGBM,r2,0.0227888220991842,0.0122837842862438,-0.0105050378129403,0.4548957080114633,0.5,capacity,annual,"2020,2021",data/capacity_weights_pre_and_covid_by_year,20260723T010736Z-c3284c32,8,6.4894207356373705,6.506970413299406,-0.0175496776620356,covid,COVID (2020-2021),results/covid_era_spatial_resolution/covid/model_results.csv
si,data/country_weather_by_era/covid/weather_era5_si_capacity_0p5deg.csv,17543,14034,3509,2021-08-07 18:00:00+00:00,2021-12-31 22:00:00+00:00,regression,LightGBM,r2,-3.292681316945142,-3.708829316256105,-0.4161479993109624,5.172437084023841,0.5,capacity,annual,"2020,2021",data/capacity_weights_pre_and_covid_by_year,20260723T010736Z-c3284c32,8,21.18163495842748,21.730027566934037,-0.5483926085065569,covid,COVID (2020-2021),results/covid_era_spatial_resolution/covid/model_results.csv
sk,data/country_weather_by_era/covid/weather_era5_sk_capacity_0p5deg.csv,17521,14016,3505,2021-08-07 18:00:00+00:00,2021-12-31 22:00:00+00:00,regression,LightGBM,r2,-0.648077875715755,-0.9987820208089851,-0.3507041450932302,0.546111916017253,0.5,capacity,annual,"2020,2021",data/capacity_weights_pre_and_covid_by_year,20260723T010736Z-c3284c32,8,5.588891697006814,6.0554471791831705,-0.4665554821763562,covid,COVID (2020-2021),results/covid_era_spatial_resolution/covid/model_results.csv
at,data/country_weather_by_era/covid/weather_era5_at_capacity_1p0deg.csv,17543,14034,3509,2021-08-07 18:00:00+00:00,2021-12-31 22:00:00+00:00,regression,LightGBM,r2,0.0422113855757515,0.2262970407574032,0.1840856551816516,4.76586025004508,1.0,capacity,annual,"2020,2021",data/capacity_weights_pre_and_covid_by_year,20260723T010736Z-c3284c32,8,16.13102984139921,14.63690942531998,1.4941204160792303,covid,COVID (2020-2021),results/covid_era_spatial_resolution/covid/model_results.csv
be,data/country_weather_by_era/covid/weather_era5_be_capacity_1p0deg.csv,17543,14034,3509,2021-08-07 18:00:00+00:00,2021-12-31 22:00:00+00:00,regression,LightGBM,r2,0.1675467414797984,0.8732898594022369,0.7057431179224385,4.8205771669745445,1.0,capacity,annual,"2020,2021",data/capacity_weights_pre_and_covid_by_year,20260723T010736Z-c3284c32,8,9.784687228291778,3.346628622095482,6.4380586061962966,covid,COVID (2020-2021),results/covid_era_spatial_resolution/covid/model_results.csv
bg,data/country_weather_by_era/covid/weather_era5_bg_capacity_1p0deg.csv,17541,14032,3509,2021-08-07 17:00:00+00:00,2021-12-31 21:00:00+00:00,regression,LightGBM,r2,0.3976709538189161,0.5573494743078863,0.1596785204889701,0.5254508749931119,1.0,capacity,annual,"2020,2021",data/capacity_weights_pre_and_covid_by_year,20260723T010736Z-c3284c32,8,4.226201839880811,3.443375835675689,0.7828260042051216,covid,COVID (2020-2021),results/covid_era_spatial_resolution/covid/model_results.csv
cz,data/country_weather_by_era/covid/weather_era5_cz_capacity_1p0deg.csv,17543,14034,3509,2021-08-07 18:00:00+00:00,2021-12-31 22:00:00+00:00,regression,LightGBM,r2,0.581364386547248,0.7654970065684047,0.1841326200211567,0.4860486669931561,1.0,capacity,annual,"2020,2021",data/capacity_weights_pre_and_covid_by_year,20260723T010736Z-c3284c32,8,2.423705468127076,1.88482044555036,0.5388850225767163,covid,COVID (2020-2021),results/covid_era_spatial_resolution/covid/model_results.csv
de,data/country_weather_by_era/covid/weather_era5_de_capacity_1p0deg.csv,17543,14034,3509,2021-08-07 18:00:00+00:00,2021-12-31 22:00:00+00:00,regression,LightGBM,r2,0.1890554475216719,0.9250045802104668,0.7359491326887949,5.06065708398819,1.0,capacity,annual,"2020,2021",data/capacity_weights_pre_and_covid_by_year,20260723T010736Z-c3284c32,8,12.734296292536891,3.642065018481226,9.092231274055669,covid,COVID (2020-2021),results/covid_era_spatial_resolution/covid/model_results.csv
dk,data/country_weather_by_era/covid/weather_era5_dk_capacity_1p0deg.csv,17542,14033,3509,2021-08-07 18:00:00+00:00,2021-12-31 22:00:00+00:00,regression,LightGBM,r2,-0.1227372464447775,0.7394324491182567,0.8621696955630342,5.305830917030107,1.0,capacity,annual,"2020,2021",data/capacity_weights_pre_and_covid_by_year,20260723T010736Z-c3284c32,8,25.91289797858493,12.367878443034042,13.545019535550884,covid,COVID (2020-2021),results/covid_era_spatial_resolution/covid/model_results.csv
es,data/country_weather_by_era/covid/weather_era5_es_capacity_1p0deg.csv,17542,14033,3509,2021-08-07 18:00:00+00:00,2021-12-31 22:00:00+00:00,regression,LightGBM,r2,0.1946643900470538,0.8548052602163917,0.6601408701693379,5.36448054201901,1.0,capacity,annual,"2020,2021",data/capacity_weights_pre_and_covid_by_year,20260723T010736Z-c3284c32,8,11.523697988539194,4.761952220444279,6.761745768094915,covid,COVID (2020-2021),results/covid_era_spatial_resolution/covid/model_results.csv
fr,data/country_weather_by_era/covid/weather_era5_fr_capacity_1p0deg.csv,17532,14025,3507,2021-08-07 16:00:00+00:00,2021-12-31 22:00:00+00:00,regression,LightGBM,r2,0.0655266580911612,0.7227761367143177,0.6572494786231565,0.5373980409931391,1.0,capacity,annual,"2020,2021",data/capacity_weights_pre_and_covid_by_year,20260723T010736Z-c3284c32,8,5.2879000422490074,2.8959039918535185,2.391996050395489,covid,COVID (2020-2021),results/covid_era_spatial_resolution/covid/model_results.csv
gr,data/country_weather_by_era/covid/weather_era5_gr_capacity_1p0deg.csv,17538,14030,3508,2021-08-07 18:00:00+00:00,2021-12-31 21:00:00+00:00,regression,LightGBM,r2,-0.0670114948999256,0.6339271872620342,0.7009386821619599,5.052161042054649,1.0,capacity,annual,"2020,2021",data/capacity_weights_pre_and_covid_by_year,20260723T010736Z-c3284c32,8,13.634396234906122,7.609136748799336,6.025259486106786,covid,COVID (2020-2021),results/covid_era_spatial_resolution/covid/model_results.csv
hr,data/country_weather_by_era/covid/weather_era5_hr_capacity_1p0deg.csv,17543,14034,3509,2021-08-07 18:00:00+00:00,2021-12-31 22:00:00+00:00,regression,LightGBM,r2,0.2569454552944459,0.248650861522389,-0.0082945937720568,5.124842291988898,1.0,capacity,annual,"2020,2021",data/capacity_weights_pre_and_covid_by_year,20260723T010736Z-c3284c32,8,12.063795883505366,11.953304740022856,0.1104911434825108,covid,COVID (2020-2021),results/covid_era_spatial_resolution/covid/model_results.csv
ie,data/country_weather_by_era/covid/weather_era5_ie_capacity_1p0deg.csv,17235,13788,3447,2021-08-03 14:00:00+00:00,2021-12-31 23:00:00+00:00,regression,LightGBM,r2,0.0309691262913429,0.9207918386667128,0.8898227123753698,4.4359036249807104,1.0,capacity,annual,"2020,2021",data/capacity_weights_pre_and_covid_by_year,20260723T010736Z-c3284c32,8,19.95470024865127,5.012692901915873,14.942007346735398,covid,COVID (2020-2021),results/covid_era_spatial_resolution/covid/model_results.csv
lt,data/country_weather_by_era/covid/weather_era5_lt_capacity_1p0deg.csv,17542,14033,3509,2021-08-07 17:00:00+00:00,2021-12-31 21:00:00+00:00,regression,LightGBM,r2,-0.0633987618936442,0.8287887699230053,0.8921875318166496,4.252136374998372,1.0,capacity,annual,"2020,2021",data/capacity_weights_pre_and_covid_by_year,20260723T010736Z-c3284c32,8,8.086636283048058,3.2178319752872127,4.868804307760845,covid,COVID (2020-2021),results/covid_era_spatial_resolution/covid/model_results.csv
lv,data/country_weather_by_era/covid/weather_era5_lv_capacity_1p0deg.csv,17531,14024,3507,2021-08-07 16:00:00+00:00,2021-12-31 21:00:00+00:00,regression,LightGBM,r2,0.3026545956869373,0.281478736900326,-0.0211758587866113,4.880490124982316,1.0,capacity,annual,"2020,2021",data/capacity_weights_pre_and_covid_by_year,20260723T010736Z-c3284c32,8,12.992739051881518,13.533004241573154,-0.5402651896916364,covid,COVID (2020-2021),results/covid_era_spatial_resolution/covid/model_results.csv
nl,data/country_weather_by_era/covid/weather_era5_nl_capacity_1p0deg.csv,17543,14034,3509,2021-08-07 18:00:00+00:00,2021-12-31 22:00:00+00:00,regression,LightGBM,r2,-0.0544104914447087,0.7071297635195656,0.7615402549642744,0.361803832987789,1.0,capacity,annual,"2020,2021",data/capacity_weights_pre_and_covid_by_year,20260723T010736Z-c3284c32,8,7.741896547702485,3.8097558197007264,3.9321407280017584,covid,COVID (2020-2021),results/covid_era_spatial_resolution/covid/model_results.csv
pt,data/country_weather_by_era/covid/weather_era5_pt_capacity_1p0deg.csv,17544,14035,3509,2021-08-07 19:00:00+00:00,2021-12-31 23:00:00+00:00,regression,LightGBM,r2,0.078248252467673,0.6127367980891566,0.5344885456214835,5.1898914580233395,1.0,capacity,annual,"2020,2021",data/capacity_weights_pre_and_covid_by_year,20260723T010736Z-c3284c32,8,14.969037918507311,9.686538407707369,5.282499510799942,covid,COVID (2020-2021),results/covid_era_spatial_resolution/covid/model_results.csv
ro,data/country_weather_by_era/covid/weather_era5_ro_capacity_1p0deg.csv,17465,13972,3493,2021-08-07 23:00:00+00:00,2021-12-31 21:00:00+00:00,regression,LightGBM,r2,-0.3151065111993532,0.2330609346324302,0.5481674458317835,5.346835042000748,1.0,capacity,annual,"2020,2021",data/capacity_weights_pre_and_covid_by_year,20260723T010736Z-c3284c32,8,9.112283293134851,6.823745701469744,2.288537591665107,covid,COVID (2020-2021),results/covid_era_spatial_resolution/covid/model_results.csv
rs,data/country_weather_by_era/covid/weather_era5_rs_capacity_1p0deg.csv,17543,14034,3509,2021-08-07 18:00:00+00:00,2021-12-31 22:00:00+00:00,regression,LightGBM,r2,0.0227888220991842,-0.050083810278608,-0.0728726323777922,0.4635932919918559,1.0,capacity,annual,"2020,2021",data/capacity_weights_pre_and_covid_by_year,20260723T010736Z-c3284c32,8,6.4894207356373705,6.693095179371055,-0.2036744437336848,covid,COVID (2020-2021),results/covid_era_spatial_resolution/covid/model_results.csv
si,data/country_weather_by_era/covid/weather_era5_si_capacity_1p0deg.csv,17543,14034,3509,2021-08-07 18:00:00+00:00,2021-12-31 22:00:00+00:00,regression,LightGBM,r2,-3.292681316945142,-3.719542247818575,-0.426860930873433,5.163212999992538,1.0,capacity,annual,"2020,2021",data/capacity_weights_pre_and_covid_by_year,20260723T010736Z-c3284c32,8,21.18163495842748,21.70993189629465,-0.528296937867168,covid,COVID (2020-2021),results/covid_era_spatial_resolution/covid/model_results.csv
sk,data/country_weather_by_era/covid/weather_era5_sk_capacity_1p0deg.csv,17521,14016,3505,2021-08-07 18:00:00+00:00,2021-12-31 22:00:00+00:00,regression,LightGBM,r2,-0.648077875715755,-1.0175423852098748,-0.3694645094941198,0.5280895000323653,1.0,capacity,annual,"2020,2021",data/capacity_weights_pre_and_covid_by_year,20260723T010736Z-c3284c32,8,5.588891697006814,6.030074654376193,-0.4411829573693788,covid,COVID (2020-2021),results/covid_era_spatial_resolution/covid/model_results.csv
at,data/country_weather_by_era/covid/weather_era5_at_capacity_2p0deg.csv,17543,14034,3509,2021-08-07 18:00:00+00:00,2021-12-31 22:00:00+00:00,regression,LightGBM,r2,0.0422113855757515,0.1492108445908485,0.106999459015097,4.72832550003659,2.0,capacity,annual,"2020,2021",data/capacity_weights_pre_and_covid_by_year,20260723T010736Z-c3284c32,8,16.13102984139921,15.132379674805508,0.9986501665937038,covid,COVID (2020-2021),results/covid_era_spatial_resolution/covid/model_results.csv
be,data/country_weather_by_era/covid/weather_era5_be_capacity_2p0deg.csv,17543,14034,3509,2021-08-07 18:00:00+00:00,2021-12-31 22:00:00+00:00,regression,LightGBM,r2,0.1675467414797984,0.8699760850603392,0.7024293435805408,4.494691916974261,2.0,capacity,annual,"2020,2021",data/capacity_weights_pre_and_covid_by_year,20260723T010736Z-c3284c32,8,9.784687228291778,3.36752878829063,6.417158440001148,covid,COVID (2020-2021),results/covid_era_spatial_resolution/covid/model_results.csv
bg,data/country_weather_by_era/covid/weather_era5_bg_capacity_2p0deg.csv,17541,14032,3509,2021-08-07 17:00:00+00:00,2021-12-31 21:00:00+00:00,regression,LightGBM,r2,0.3976709538189161,0.5680161877311272,0.170345233912211,0.5180294170277193,2.0,capacity,annual,"2020,2021",data/capacity_weights_pre_and_covid_by_year,20260723T010736Z-c3284c32,8,4.226201839880811,3.456714049368886,0.7694877905119246,covid,COVID (2020-2021),results/covid_era_spatial_resolution/covid/model_results.csv
cz,data/country_weather_by_era/covid/weather_era5_cz_capacity_2p0deg.csv,17543,14034,3509,2021-08-07 18:00:00+00:00,2021-12-31 22:00:00+00:00,regression,LightGBM,r2,0.581364386547248,0.7664524498380976,0.1850880632908496,0.4827346249949187,2.0,capacity,annual,"2020,2021",data/capacity_weights_pre_and_covid_by_year,20260723T010736Z-c3284c32,8,2.423705468127076,1.88060509652429,0.5431003716027862,covid,COVID (2020-2021),results/covid_era_spatial_resolution/covid/model_results.csv
de,data/country_weather_by_era/covid/weather_era5_de_capacity_2p0deg.csv,17543,14034,3509,2021-08-07 18:00:00+00:00,2021-12-31 22:00:00+00:00,regression,LightGBM,r2,0.1890554475216719,0.9239434501327238,0.7348880026110519,5.070295083045494,2.0,capacity,annual,"2020,2021",data/capacity_weights_pre_and_covid_by_year,20260723T010736Z-c3284c32,8,12.734296292536891,3.6460600917483346,9.088236200788558,covid,COVID (2020-2021),results/covid_era_spatial_resolution/covid/model_results.csv
dk,data/country_weather_by_era/covid/weather_era5_dk_capacity_2p0deg.csv,17542,14033,3509,2021-08-07 18:00:00+00:00,2021-12-31 22:00:00+00:00,regression,LightGBM,r2,-0.1227372464447775,0.7040921323398518,0.8268293787846294,5.246071957983077,2.0,capacity,annual,"2020,2021",data/capacity_weights_pre_and_covid_by_year,20260723T010736Z-c3284c32,8,25.91289797858493,13.165202683898835,12.74769529468609,covid,COVID (2020-2021),results/covid_era_spatial_resolution/covid/model_results.csv
es,data/country_weather_by_era/covid/weather_era5_es_capacity_2p0deg.csv,17542,14033,3509,2021-08-07 18:00:00+00:00,2021-12-31 22:00:00+00:00,regression,LightGBM,r2,0.1946643900470538,0.8296372911917239,0.6349729011446701,5.328318833024241,2.0,capacity,annual,"2020,2021",data/capacity_weights_pre_and_covid_by_year,20260723T010736Z-c3284c32,8,11.523697988539194,5.200420236613052,6.323277751926142,covid,COVID (2020-2021),results/covid_era_spatial_resolution/covid/model_results.csv
fr,data/country_weather_by_era/covid/weather_era5_fr_capacity_2p0deg.csv,17532,14025,3507,2021-08-07 16:00:00+00:00,2021-12-31 22:00:00+00:00,regression,LightGBM,r2,0.0655266580911612,0.7253352942784854,0.6598086361873242,0.4986132499761879,2.0,capacity,annual,"2020,2021",data/capacity_weights_pre_and_covid_by_year,20260723T010736Z-c3284c32,8,5.2879000422490074,2.8938641617195917,2.3940358805294157,covid,COVID (2020-2021),results/covid_era_spatial_resolution/covid/model_results.csv
gr,data/country_weather_by_era/covid/weather_era5_gr_capacity_2p0deg.csv,17538,14030,3508,2021-08-07 18:00:00+00:00,2021-12-31 21:00:00+00:00,regression,LightGBM,r2,-0.0670114948999256,0.6189527187318018,0.6859642136317274,5.0221585420076735,2.0,capacity,annual,"2020,2021",data/capacity_weights_pre_and_covid_by_year,20260723T010736Z-c3284c32,8,13.634396234906122,7.727024448202265,5.907371786703857,covid,COVID (2020-2021),results/covid_era_spatial_resolution/covid/model_results.csv
hr,data/country_weather_by_era/covid/weather_era5_hr_capacity_2p0deg.csv,17543,14034,3509,2021-08-07 18:00:00+00:00,2021-12-31 22:00:00+00:00,regression,LightGBM,r2,0.2569454552944459,0.2764464601083027,0.0195010048138568,5.082901750050951,2.0,capacity,annual,"2020,2021",data/capacity_weights_pre_and_covid_by_year,20260723T010736Z-c3284c32,8,12.063795883505366,11.703602656790158,0.3601932267152072,covid,COVID (2020-2021),results/covid_era_spatial_resolution/covid/model_results.csv
ie,data/country_weather_by_era/covid/weather_era5_ie_capacity_2p0deg.csv,17235,13788,3447,2021-08-03 14:00:00+00:00,2021-12-31 23:00:00+00:00,regression,LightGBM,r2,0.0309691262913429,0.9041552965406192,0.8731861702492763,4.522268833999988,2.0,capacity,annual,"2020,2021",data/capacity_weights_pre_and_covid_by_year,20260723T010736Z-c3284c32,8,19.95470024865127,5.579952042241765,14.374748206409508,covid,COVID (2020-2021),results/covid_era_spatial_resolution/covid/model_results.csv
lt,data/country_weather_by_era/covid/weather_era5_lt_capacity_2p0deg.csv,17542,14033,3509,2021-08-07 17:00:00+00:00,2021-12-31 21:00:00+00:00,regression,LightGBM,r2,-0.0633987618936442,0.8293495772571462,0.8927483391507904,4.373699207964819,2.0,capacity,annual,"2020,2021",data/capacity_weights_pre_and_covid_by_year,20260723T010736Z-c3284c32,8,8.086636283048058,3.1966683842325394,4.889967898815518,covid,COVID (2020-2021),results/covid_era_spatial_resolution/covid/model_results.csv
lv,data/country_weather_by_era/covid/weather_era5_lv_capacity_2p0deg.csv,17531,14024,3507,2021-08-07 16:00:00+00:00,2021-12-31 21:00:00+00:00,regression,LightGBM,r2,0.3026545956869373,0.286382505048861,-0.0162720906380763,4.9117139159934595,2.0,capacity,annual,"2020,2021",data/capacity_weights_pre_and_covid_by_year,20260723T010736Z-c3284c32,8,12.992739051881518,13.464040371184014,-0.4713013193024959,covid,COVID (2020-2021),results/covid_era_spatial_resolution/covid/model_results.csv
nl,data/country_weather_by_era/covid/weather_era5_nl_capacity_2p0deg.csv,17543,14034,3509,2021-08-07 18:00:00+00:00,2021-12-31 22:00:00+00:00,regression,LightGBM,r2,-0.0544104914447087,0.7084983733861978,0.7629088648309066,0.3760597499785945,2.0,capacity,annual,"2020,2021",data/capacity_weights_pre_and_covid_by_year,20260723T010736Z-c3284c32,8,7.741896547702485,3.791185143169845,3.95071140453264,covid,COVID (2020-2021),results/covid_era_spatial_resolution/covid/model_results.csv
pt,data/country_weather_by_era/covid/weather_era5_pt_capacity_2p0deg.csv,17544,14035,3509,2021-08-07 19:00:00+00:00,2021-12-31 23:00:00+00:00,regression,LightGBM,r2,0.078248252467673,0.5903208286104222,0.5120725761427491,5.148164041980635,2.0,capacity,annual,"2020,2021",data/capacity_weights_pre_and_covid_by_year,20260723T010736Z-c3284c32,8,14.969037918507311,9.897400631217195,5.071637287290114,covid,COVID (2020-2021),results/covid_era_spatial_resolution/covid/model_results.csv
ro,data/country_weather_by_era/covid/weather_era5_ro_capacity_2p0deg.csv,17465,13972,3493,2021-08-07 23:00:00+00:00,2021-12-31 21:00:00+00:00,regression,LightGBM,r2,-0.3151065111993532,0.1355932779687628,0.450699789168116,5.188183291989844,2.0,capacity,annual,"2020,2021",data/capacity_weights_pre_and_covid_by_year,20260723T010736Z-c3284c32,8,9.112283293134851,7.235459725934481,1.87682356720037,covid,COVID (2020-2021),results/covid_era_spatial_resolution/covid/model_results.csv
rs,data/country_weather_by_era/covid/weather_era5_rs_capacity_2p0deg.csv,17543,14034,3509,2021-08-07 18:00:00+00:00,2021-12-31 22:00:00+00:00,regression,LightGBM,r2,0.0227888220991842,-0.0167642039360642,-0.0395530260352484,0.4575579169904813,2.0,capacity,annual,"2020,2021",data/capacity_weights_pre_and_covid_by_year,20260723T010736Z-c3284c32,8,6.4894207356373705,6.577753507769021,-0.0883327721316504,covid,COVID (2020-2021),results/covid_era_spatial_resolution/covid/model_results.csv
si,data/country_weather_by_era/covid/weather_era5_si_capacity_2p0deg.csv,17543,14034,3509,2021-08-07 18:00:00+00:00,2021-12-31 22:00:00+00:00,regression,LightGBM,r2,-3.292681316945142,-3.743005862463633,-0.450324545518491,5.2199662500061095,2.0,capacity,annual,"2020,2021",data/capacity_weights_pre_and_covid_by_year,20260723T010736Z-c3284c32,8,21.18163495842748,21.770953655352145,-0.5893186969246642,covid,COVID (2020-2021),results/covid_era_spatial_resolution/covid/model_results.csv
sk,data/country_weather_by_era/covid/weather_era5_sk_capacity_2p0deg.csv,17521,14016,3505,2021-08-07 18:00:00+00:00,2021-12-31 22:00:00+00:00,regression,LightGBM,r2,-0.648077875715755,-1.050628982598258,-0.4025511068825029,0.5369342920021154,2.0,capacity,annual,"2020,2021",data/capacity_weights_pre_and_covid_by_year,20260723T010736Z-c3284c32,8,5.588891697006814,6.062501850257038,-0.4736101532502239,covid,COVID (2020-2021),results/covid_era_spatial_resolution/covid/model_results.csv
at,data/country_weather_by_era/covid/weather_era5_at_uniform_0p25deg.csv,17543,14034,3509,2021-08-07 18:00:00+00:00,2021-12-31 22:00:00+00:00,classification,LogReg,auc,0.8252015639443886,0.8664746427014227,0.0412730787570341,4.388008792011533,0.25,uniform,annual,"2020,2021",data/capacity_weights_pre_and_covid_by_year,20260723T010736Z-c3284c32,8,,,,covid,COVID (2020-2021),results/covid_era_spatial_resolution/covid/model_results.csv
be,data/country_weather_by_era/covid/weather_era5_be_uniform_0p25deg.csv,17543,14034,3509,2021-08-07 18:00:00+00:00,2021-12-31 22:00:00+00:00,classification,LogReg,auc,0.6305685207454361,0.9709998709142666,0.3404313501688305,4.483756583998911,0.25,uniform,annual,"2020,2021",data/capacity_weights_pre_and_covid_by_year,20260723T010736Z-c3284c32,8,,,,covid,COVID (2020-2021),results/covid_era_spatial_resolution/covid/model_results.csv
bg,data/country_weather_by_era/covid/weather_era5_bg_uniform_0p25deg.csv,17541,14032,3509,2021-08-07 17:00:00+00:00,2021-12-31 21:00:00+00:00,classification,LogReg,auc,,,,0.5451610829913989,0.25,uniform,annual,"2020,2021",data/capacity_weights_pre_and_covid_by_year,20260723T010736Z-c3284c32,8,,,,covid,COVID (2020-2021),results/covid_era_spatial_resolution/covid/model_results.csv
cz,data/country_weather_by_era/covid/weather_era5_cz_uniform_0p25deg.csv,17543,14034,3509,2021-08-07 18:00:00+00:00,2021-12-31 22:00:00+00:00,classification,LogReg,auc,,,,0.5765787910204381,0.25,uniform,annual,"2020,2021",data/capacity_weights_pre_and_covid_by_year,20260723T010736Z-c3284c32,8,,,,covid,COVID (2020-2021),results/covid_era_spatial_resolution/covid/model_results.csv
de,data/country_weather_by_era/covid/weather_era5_de_uniform_0p25deg.csv,17543,14034,3509,2021-08-07 18:00:00+00:00,2021-12-31 22:00:00+00:00,classification,LogReg,auc,0.585276150891114,0.963917197334252,0.3786410464431381,4.523430957982782,0.25,uniform,annual,"2020,2021",data/capacity_weights_pre_and_covid_by_year,20260723T010736Z-c3284c32,8,,,,covid,COVID (2020-2021),results/covid_era_spatial_resolution/covid/model_results.csv
dk,data/country_weather_by_era/covid/weather_era5_dk_uniform_0p25deg.csv,17542,14033,3509,2021-08-07 18:00:00+00:00,2021-12-31 22:00:00+00:00,classification,LogReg,auc,0.5858872060903142,0.977811604715744,0.3919243986254297,5.301884958986193,0.25,uniform,annual,"2020,2021",data/capacity_weights_pre_and_covid_by_year,20260723T010736Z-c3284c32,8,,,,covid,COVID (2020-2021),results/covid_era_spatial_resolution/covid/model_results.csv
es,data/country_weather_by_era/covid/weather_era5_es_uniform_0p25deg.csv,17542,14033,3509,2021-08-07 18:00:00+00:00,2021-12-31 22:00:00+00:00,classification,LogReg,auc,0.7331941398997199,0.919046339718393,0.185852199818673,4.916589125001337,0.25,uniform,annual,"2020,2021",data/capacity_weights_pre_and_covid_by_year,20260723T010736Z-c3284c32,8,,,,covid,COVID (2020-2021),results/covid_era_spatial_resolution/covid/model_results.csv
fr,data/country_weather_by_era/covid/weather_era5_fr_uniform_0p25deg.csv,17532,14025,3507,2021-08-07 16:00:00+00:00,2021-12-31 22:00:00+00:00,classification,LogReg,auc,,,,1.4524894589558244,0.25,uniform,annual,"2020,2021",data/capacity_weights_pre_and_covid_by_year,20260723T010736Z-c3284c32,8,,,,covid,COVID (2020-2021),results/covid_era_spatial_resolution/covid/model_results.csv
gr,data/country_weather_by_era/covid/weather_era5_gr_uniform_0p25deg.csv,17538,14030,3508,2021-08-07 18:00:00+00:00,2021-12-31 21:00:00+00:00,classification,LogReg,auc,0.6948988555054071,0.8915984691644063,0.1966996136589992,4.564689541992266,0.25,uniform,annual,"2020,2021",data/capacity_weights_pre_and_covid_by_year,20260723T010736Z-c3284c32,8,,,,covid,COVID (2020-2021),results/covid_era_spatial_resolution/covid/model_results.csv
hr,data/country_weather_by_era/covid/weather_era5_hr_uniform_0p25deg.csv,17543,14034,3509,2021-08-07 18:00:00+00:00,2021-12-31 22:00:00+00:00,classification,LogReg,auc,0.8521859156885896,0.9077210222932148,0.0555351066046252,4.774842874961905,0.25,uniform,annual,"2020,2021",data/capacity_weights_pre_and_covid_by_year,20260723T010736Z-c3284c32,8,,,,covid,COVID (2020-2021),results/covid_era_spatial_resolution/covid/model_results.csv
ie,data/country_weather_by_era/covid/weather_era5_ie_uniform_0p25deg.csv,17235,13788,3447,2021-08-03 14:00:00+00:00,2021-12-31 23:00:00+00:00,classification,LogReg,auc,0.6518501278508062,0.971494437573135,0.3196443097223288,4.154666332993656,0.25,uniform,annual,"2020,2021",data/capacity_weights_pre_and_covid_by_year,20260723T010736Z-c3284c32,8,,,,covid,COVID (2020-2021),results/covid_era_spatial_resolution/covid/model_results.csv
lt,data/country_weather_by_era/covid/weather_era5_lt_uniform_0p25deg.csv,17542,14033,3509,2021-08-07 17:00:00+00:00,2021-12-31 21:00:00+00:00,classification,LogReg,auc,0.8506846515430206,0.9983445738810546,0.1476599223380339,3.972018958011176,0.25,uniform,annual,"2020,2021",data/capacity_weights_pre_and_covid_by_year,20260723T010736Z-c3284c32,8,,,,covid,COVID (2020-2021),results/covid_era_spatial_resolution/covid/model_results.csv
lv,data/country_weather_by_era/covid/weather_era5_lv_uniform_0p25deg.csv,17531,14024,3507,2021-08-07 16:00:00+00:00,2021-12-31 21:00:00+00:00,classification,LogReg,auc,0.8064592563679278,0.8078003409454821,0.0013410845775543,4.797266417008359,0.25,uniform,annual,"2020,2021",data/capacity_weights_pre_and_covid_by_year,20260723T010736Z-c3284c32,8,,,,covid,COVID (2020-2021),results/covid_era_spatial_resolution/covid/model_results.csv
nl,data/country_weather_by_era/covid/weather_era5_nl_uniform_0p25deg.csv,17543,14034,3509,2021-08-07 18:00:00+00:00,2021-12-31 22:00:00+00:00,classification,LogReg,auc,,,,0.446928791992832,0.25,uniform,annual,"2020,2021",data/capacity_weights_pre_and_covid_by_year,20260723T010736Z-c3284c32,8,,,,covid,COVID (2020-2021),results/covid_era_spatial_resolution/covid/model_results.csv
pt,data/country_weather_by_era/covid/weather_era5_pt_uniform_0p25deg.csv,17544,14035,3509,2021-08-07 19:00:00+00:00,2021-12-31 23:00:00+00:00,classification,LogReg,auc,0.7708984124158149,0.9021702125635446,0.1312718001477296,4.7196453750366345,0.25,uniform,annual,"2020,2021",data/capacity_weights_pre_and_covid_by_year,20260723T010736Z-c3284c32,8,,,,covid,COVID (2020-2021),results/covid_era_spatial_resolution/covid/model_results.csv
ro,data/country_weather_by_era/covid/weather_era5_ro_uniform_0p25deg.csv,17465,13972,3493,2021-08-07 23:00:00+00:00,2021-12-31 21:00:00+00:00,classification,LogReg,auc,0.3779077669256085,0.8078282188969873,0.4299204519713788,4.729174166976009,0.25,uniform,annual,"2020,2021",data/capacity_weights_pre_and_covid_by_year,20260723T010736Z-c3284c32,8,,,,covid,COVID (2020-2021),results/covid_era_spatial_resolution/covid/model_results.csv
rs,data/country_weather_by_era/covid/weather_era5_rs_uniform_0p25deg.csv,17543,14034,3509,2021-08-07 18:00:00+00:00,2021-12-31 22:00:00+00:00,classification,LogReg,auc,,,,0.474461792036891,0.25,uniform,annual,"2020,2021",data/capacity_weights_pre_and_covid_by_year,20260723T010736Z-c3284c32,8,,,,covid,COVID (2020-2021),results/covid_era_spatial_resolution/covid/model_results.csv
si,data/country_weather_by_era/covid/weather_era5_si_uniform_0p25deg.csv,17543,14034,3509,2021-08-07 18:00:00+00:00,2021-12-31 22:00:00+00:00,classification,LogReg,auc,0.6493098365049584,0.5934244617171447,-0.0558853747878137,5.229063957987819,0.25,uniform,annual,"2020,2021",data/capacity_weights_pre_and_covid_by_year,20260723T010736Z-c3284c32,8,,,,covid,COVID (2020-2021),results/covid_era_spatial_resolution/covid/model_results.csv
sk,data/country_weather_by_era/covid/weather_era5_sk_uniform_0p25deg.csv,17521,14016,3505,2021-08-07 18:00:00+00:00,2021-12-31 22:00:00+00:00,classification,LogReg,auc,,,,0.5338927499833517,0.25,uniform,annual,"2020,2021",data/capacity_weights_pre_and_covid_by_year,20260723T010736Z-c3284c32,8,,,,covid,COVID (2020-2021),results/covid_era_spatial_resolution/covid/model_results.csv
at,data/country_weather_by_era/covid/weather_era5_at_uniform_0p5deg.csv,17543,14034,3509,2021-08-07 18:00:00+00:00,2021-12-31 22:00:00+00:00,classification,LogReg,auc,0.8252015639443886,0.868498274641205,0.0432967106968164,4.221867041953374,0.5,uniform,annual,"2020,2021",data/capacity_weights_pre_and_covid_by_year,20260723T010736Z-c3284c32,8,,,,covid,COVID (2020-2021),results/covid_era_spatial_resolution/covid/model_results.csv
be,data/country_weather_by_era/covid/weather_era5_be_uniform_0p5deg.csv,17543,14034,3509,2021-08-07 18:00:00+00:00,2021-12-31 22:00:00+00:00,classification,LogReg,auc,0.6305685207454361,0.9720563357316104,0.3414878149861742,4.36613620800199,0.5,uniform,annual,"2020,2021",data/capacity_weights_pre_and_covid_by_year,20260723T010736Z-c3284c32,8,,,,covid,COVID (2020-2021),results/covid_era_spatial_resolution/covid/model_results.csv
bg,data/country_weather_by_era/covid/weather_era5_bg_uniform_0p5deg.csv,17541,14032,3509,2021-08-07 17:00:00+00:00,2021-12-31 21:00:00+00:00,classification,LogReg,auc,,,,0.5201078749960288,0.5,uniform,annual,"2020,2021",data/capacity_weights_pre_and_covid_by_year,20260723T010736Z-c3284c32,8,,,,covid,COVID (2020-2021),results/covid_era_spatial_resolution/covid/model_results.csv
cz,data/country_weather_by_era/covid/weather_era5_cz_uniform_0p5deg.csv,17543,14034,3509,2021-08-07 18:00:00+00:00,2021-12-31 22:00:00+00:00,classification,LogReg,auc,,,,0.5339169169892557,0.5,uniform,annual,"2020,2021",data/capacity_weights_pre_and_covid_by_year,20260723T010736Z-c3284c32,8,,,,covid,COVID (2020-2021),results/covid_era_spatial_resolution/covid/model_results.csv
de,data/country_weather_by_era/covid/weather_era5_de_uniform_0p5deg.csv,17543,14034,3509,2021-08-07 18:00:00+00:00,2021-12-31 22:00:00+00:00,classification,LogReg,auc,0.585276150891114,0.9635863867557224,0.3783102358646085,5.061312292004004,0.5,uniform,annual,"2020,2021",data/capacity_weights_pre_and_covid_by_year,20260723T010736Z-c3284c32,8,,,,covid,COVID (2020-2021),results/covid_era_spatial_resolution/covid/model_results.csv
dk,data/country_weather_by_era/covid/weather_era5_dk_uniform_0p5deg.csv,17542,14033,3509,2021-08-07 18:00:00+00:00,2021-12-31 22:00:00+00:00,classification,LogReg,auc,0.5858872060903142,0.9766780969966076,0.3907908909062932,5.374213957984466,0.5,uniform,annual,"2020,2021",data/capacity_weights_pre_and_covid_by_year,20260723T010736Z-c3284c32,8,,,,covid,COVID (2020-2021),results/covid_era_spatial_resolution/covid/model_results.csv
es,data/country_weather_by_era/covid/weather_era5_es_uniform_0p5deg.csv,17542,14033,3509,2021-08-07 18:00:00+00:00,2021-12-31 22:00:00+00:00,classification,LogReg,auc,0.7331941398997199,0.9231700040262664,0.1899758641265464,5.294162208039779,0.5,uniform,annual,"2020,2021",data/capacity_weights_pre_and_covid_by_year,20260723T010736Z-c3284c32,8,,,,covid,COVID (2020-2021),results/covid_era_spatial_resolution/covid/model_results.csv
fr,data/country_weather_by_era/covid/weather_era5_fr_uniform_0p5deg.csv,17532,14025,3507,2021-08-07 16:00:00+00:00,2021-12-31 22:00:00+00:00,classification,LogReg,auc,,,,0.5099782079923898,0.5,uniform,annual,"2020,2021",data/capacity_weights_pre_and_covid_by_year,20260723T010736Z-c3284c32,8,,,,covid,COVID (2020-2021),results/covid_era_spatial_resolution/covid/model_results.csv
gr,data/country_weather_by_era/covid/weather_era5_gr_uniform_0p5deg.csv,17538,14030,3508,2021-08-07 18:00:00+00:00,2021-12-31 21:00:00+00:00,classification,LogReg,auc,0.6948988555054071,0.8915984691644063,0.1966996136589992,4.697813667007722,0.5,uniform,annual,"2020,2021",data/capacity_weights_pre_and_covid_by_year,20260723T010736Z-c3284c32,8,,,,covid,COVID (2020-2021),results/covid_era_spatial_resolution/covid/model_results.csv
hr,data/country_weather_by_era/covid/weather_era5_hr_uniform_0p5deg.csv,17543,14034,3509,2021-08-07 18:00:00+00:00,2021-12-31 22:00:00+00:00,classification,LogReg,auc,0.8521859156885896,0.9065226751857768,0.0543367594971871,4.761598791985307,0.5,uniform,annual,"2020,2021",data/capacity_weights_pre_and_covid_by_year,20260723T010736Z-c3284c32,8,,,,covid,COVID (2020-2021),results/covid_era_spatial_resolution/covid/model_results.csv
ie,data/country_weather_by_era/covid/weather_era5_ie_uniform_0p5deg.csv,17235,13788,3447,2021-08-03 14:00:00+00:00,2021-12-31 23:00:00+00:00,classification,LogReg,auc,0.6518501278508062,0.9708430985568028,0.3189929707059966,4.145933042047545,0.5,uniform,annual,"2020,2021",data/capacity_weights_pre_and_covid_by_year,20260723T010736Z-c3284c32,8,,,,covid,COVID (2020-2021),results/covid_era_spatial_resolution/covid/model_results.csv
lt,data/country_weather_by_era/covid/weather_era5_lt_uniform_0p5deg.csv,17542,14033,3509,2021-08-07 17:00:00+00:00,2021-12-31 21:00:00+00:00,classification,LogReg,auc,0.8506846515430206,0.9984263233190273,0.1477416717760065,3.9607947079930454,0.5,uniform,annual,"2020,2021",data/capacity_weights_pre_and_covid_by_year,20260723T010736Z-c3284c32,8,,,,covid,COVID (2020-2021),results/covid_era_spatial_resolution/covid/model_results.csv
lv,data/country_weather_by_era/covid/weather_era5_lv_uniform_0p5deg.csv,17531,14024,3507,2021-08-07 16:00:00+00:00,2021-12-31 21:00:00+00:00,classification,LogReg,auc,0.8064592563679278,0.8076493846915263,0.0011901283235984,4.637605791038368,0.5,uniform,annual,"2020,2021",data/capacity_weights_pre_and_covid_by_year,20260723T010736Z-c3284c32,8,,,,covid,COVID (2020-2021),results/covid_era_spatial_resolution/covid/model_results.csv
nl,data/country_weather_by_era/covid/weather_era5_nl_uniform_0p5deg.csv,17543,14034,3509,2021-08-07 18:00:00+00:00,2021-12-31 22:00:00+00:00,classification,LogReg,auc,,,,0.4634887499851174,0.5,uniform,annual,"2020,2021",data/capacity_weights_pre_and_covid_by_year,20260723T010736Z-c3284c32,8,,,,covid,COVID (2020-2021),results/covid_era_spatial_resolution/covid/model_results.csv
pt,data/country_weather_by_era/covid/weather_era5_pt_uniform_0p5deg.csv,17544,14035,3509,2021-08-07 19:00:00+00:00,2021-12-31 23:00:00+00:00,classification,LogReg,auc,0.7708984124158149,0.9026897126746474,0.1317913002588324,4.685842000006232,0.5,uniform,annual,"2020,2021",data/capacity_weights_pre_and_covid_by_year,20260723T010736Z-c3284c32,8,,,,covid,COVID (2020-2021),results/covid_era_spatial_resolution/covid/model_results.csv
ro,data/country_weather_by_era/covid/weather_era5_ro_uniform_0p5deg.csv,17465,13972,3493,2021-08-07 23:00:00+00:00,2021-12-31 21:00:00+00:00,classification,LogReg,auc,0.3779077669256085,0.8119868352676252,0.4340790683420166,4.74358112498885,0.5,uniform,annual,"2020,2021",data/capacity_weights_pre_and_covid_by_year,20260723T010736Z-c3284c32,8,,,,covid,COVID (2020-2021),results/covid_era_spatial_resolution/covid/model_results.csv
rs,data/country_weather_by_era/covid/weather_era5_rs_uniform_0p5deg.csv,17543,14034,3509,2021-08-07 18:00:00+00:00,2021-12-31 22:00:00+00:00,classification,LogReg,auc,,,,0.46781874995213,0.5,uniform,annual,"2020,2021",data/capacity_weights_pre_and_covid_by_year,20260723T010736Z-c3284c32,8,,,,covid,COVID (2020-2021),results/covid_era_spatial_resolution/covid/model_results.csv
si,data/country_weather_by_era/covid/weather_era5_si_uniform_0p5deg.csv,17543,14034,3509,2021-08-07 18:00:00+00:00,2021-12-31 22:00:00+00:00,classification,LogReg,auc,0.6493098365049584,0.5928437416242295,-0.0564660948807289,5.07807595905615,0.5,uniform,annual,"2020,2021",data/capacity_weights_pre_and_covid_by_year,20260723T010736Z-c3284c32,8,,,,covid,COVID (2020-2021),results/covid_era_spatial_resolution/covid/model_results.csv
sk,data/country_weather_by_era/covid/weather_era5_sk_uniform_0p5deg.csv,17521,14016,3505,2021-08-07 18:00:00+00:00,2021-12-31 22:00:00+00:00,classification,LogReg,auc,,,,0.5256749579566531,0.5,uniform,annual,"2020,2021",data/capacity_weights_pre_and_covid_by_year,20260723T010736Z-c3284c32,8,,,,covid,COVID (2020-2021),results/covid_era_spatial_resolution/covid/model_results.csv
at,data/country_weather_by_era/covid/weather_era5_at_uniform_1p0deg.csv,17543,14034,3509,2021-08-07 18:00:00+00:00,2021-12-31 22:00:00+00:00,classification,LogReg,auc,0.8252015639443886,0.8717479894621493,0.0465464255177606,3.7506190830026753,1.0,uniform,annual,"2020,2021",data/capacity_weights_pre_and_covid_by_year,20260723T010736Z-c3284c32,8,,,,covid,COVID (2020-2021),results/covid_era_spatial_resolution/covid/model_results.csv
be,data/country_weather_by_era/covid/weather_era5_be_uniform_1p0deg.csv,17543,14034,3509,2021-08-07 18:00:00+00:00,2021-12-31 22:00:00+00:00,classification,LogReg,auc,0.6305685207454361,0.97123086643703,0.3406623456915938,4.302330582984723,1.0,uniform,annual,"2020,2021",data/capacity_weights_pre_and_covid_by_year,20260723T010736Z-c3284c32,8,,,,covid,COVID (2020-2021),results/covid_era_spatial_resolution/covid/model_results.csv
bg,data/country_weather_by_era/covid/weather_era5_bg_uniform_1p0deg.csv,17541,14032,3509,2021-08-07 17:00:00+00:00,2021-12-31 21:00:00+00:00,classification,LogReg,auc,,,,0.5494392919936217,1.0,uniform,annual,"2020,2021",data/capacity_weights_pre_and_covid_by_year,20260723T010736Z-c3284c32,8,,,,covid,COVID (2020-2021),results/covid_era_spatial_resolution/covid/model_results.csv
cz,data/country_weather_by_era/covid/weather_era5_cz_uniform_1p0deg.csv,17543,14034,3509,2021-08-07 18:00:00+00:00,2021-12-31 22:00:00+00:00,classification,LogReg,auc,,,,1.395951916987542,1.0,uniform,annual,"2020,2021",data/capacity_weights_pre_and_covid_by_year,20260723T010736Z-c3284c32,8,,,,covid,COVID (2020-2021),results/covid_era_spatial_resolution/covid/model_results.csv
de,data/country_weather_by_era/covid/weather_era5_de_uniform_1p0deg.csv,17543,14034,3509,2021-08-07 18:00:00+00:00,2021-12-31 22:00:00+00:00,classification,LogReg,auc,0.585276150891114,0.9653512037726484,0.3800750528815343,5.079754874983337,1.0,uniform,annual,"2020,2021",data/capacity_weights_pre_and_covid_by_year,20260723T010736Z-c3284c32,8,,,,covid,COVID (2020-2021),results/covid_era_spatial_resolution/covid/model_results.csv
dk,data/country_weather_by_era/covid/weather_era5_dk_uniform_1p0deg.csv,17542,14033,3509,2021-08-07 18:00:00+00:00,2021-12-31 22:00:00+00:00,classification,LogReg,auc,0.5858872060903142,0.9742561126620212,0.3883689065717071,5.420578332967125,1.0,uniform,annual,"2020,2021",data/capacity_weights_pre_and_covid_by_year,20260723T010736Z-c3284c32,8,,,,covid,COVID (2020-2021),results/covid_era_spatial_resolution/covid/model_results.csv
es,data/country_weather_by_era/covid/weather_era5_es_uniform_1p0deg.csv,17542,14033,3509,2021-08-07 18:00:00+00:00,2021-12-31 22:00:00+00:00,classification,LogReg,auc,0.7331941398997199,0.9231305379265596,0.1899363980268398,5.0702262909617275,1.0,uniform,annual,"2020,2021",data/capacity_weights_pre_and_covid_by_year,20260723T010736Z-c3284c32,8,,,,covid,COVID (2020-2021),results/covid_era_spatial_resolution/covid/model_results.csv
fr,data/country_weather_by_era/covid/weather_era5_fr_uniform_1p0deg.csv,17532,14025,3507,2021-08-07 16:00:00+00:00,2021-12-31 22:00:00+00:00,classification,LogReg,auc,,,,0.5154899579938501,1.0,uniform,annual,"2020,2021",data/capacity_weights_pre_and_covid_by_year,20260723T010736Z-c3284c32,8,,,,covid,COVID (2020-2021),results/covid_era_spatial_resolution/covid/model_results.csv
gr,data/country_weather_by_era/covid/weather_era5_gr_uniform_1p0deg.csv,17538,14030,3508,2021-08-07 18:00:00+00:00,2021-12-31 21:00:00+00:00,classification,LogReg,auc,0.6948988555054071,0.8891525349207532,0.1942536794153461,4.863546499982476,1.0,uniform,annual,"2020,2021",data/capacity_weights_pre_and_covid_by_year,20260723T010736Z-c3284c32,8,,,,covid,COVID (2020-2021),results/covid_era_spatial_resolution/covid/model_results.csv
hr,data/country_weather_by_era/covid/weather_era5_hr_uniform_1p0deg.csv,17543,14034,3509,2021-08-07 18:00:00+00:00,2021-12-31 22:00:00+00:00,classification,LogReg,auc,0.8521859156885896,0.9040825751788318,0.0518966594902422,4.946356208005454,1.0,uniform,annual,"2020,2021",data/capacity_weights_pre_and_covid_by_year,20260723T010736Z-c3284c32,8,,,,covid,COVID (2020-2021),results/covid_era_spatial_resolution/covid/model_results.csv
ie,data/country_weather_by_era/covid/weather_era5_ie_uniform_1p0deg.csv,17235,13788,3447,2021-08-03 14:00:00+00:00,2021-12-31 23:00:00+00:00,classification,LogReg,auc,0.6518501278508062,0.9619764701175828,0.3101263422667766,4.145761708030477,1.0,uniform,annual,"2020,2021",data/capacity_weights_pre_and_covid_by_year,20260723T010736Z-c3284c32,8,,,,covid,COVID (2020-2021),results/covid_era_spatial_resolution/covid/model_results.csv
lt,data/country_weather_by_era/covid/weather_era5_lt_uniform_1p0deg.csv,17542,14033,3509,2021-08-07 17:00:00+00:00,2021-12-31 21:00:00+00:00,classification,LogReg,auc,0.8506846515430206,0.9984876353975066,0.1478029838544859,3.8739269169745967,1.0,uniform,annual,"2020,2021",data/capacity_weights_pre_and_covid_by_year,20260723T010736Z-c3284c32,8,,,,covid,COVID (2020-2021),results/covid_era_spatial_resolution/covid/model_results.csv
lv,data/country_weather_by_era/covid/weather_era5_lv_uniform_1p0deg.csv,17531,14024,3507,2021-08-07 16:00:00+00:00,2021-12-31 21:00:00+00:00,classification,LogReg,auc,0.8064592563679278,0.8076682542232707,0.0012089978553428,4.881342000036966,1.0,uniform,annual,"2020,2021",data/capacity_weights_pre_and_covid_by_year,20260723T010736Z-c3284c32,8,,,,covid,COVID (2020-2021),results/covid_era_spatial_resolution/covid/model_results.csv
nl,data/country_weather_by_era/covid/weather_era5_nl_uniform_1p0deg.csv,17543,14034,3509,2021-08-07 18:00:00+00:00,2021-12-31 22:00:00+00:00,classification,LogReg,auc,,,,0.4450505410204641,1.0,uniform,annual,"2020,2021",data/capacity_weights_pre_and_covid_by_year,20260723T010736Z-c3284c32,8,,,,covid,COVID (2020-2021),results/covid_era_spatial_resolution/covid/model_results.csv
pt,data/country_weather_by_era/covid/weather_era5_pt_uniform_1p0deg.csv,17544,14035,3509,2021-08-07 19:00:00+00:00,2021-12-31 23:00:00+00:00,classification,LogReg,auc,0.7708984124158149,0.9027427159560945,0.1318443035402794,4.5936039999942295,1.0,uniform,annual,"2020,2021",data/capacity_weights_pre_and_covid_by_year,20260723T010736Z-c3284c32,8,,,,covid,COVID (2020-2021),results/covid_era_spatial_resolution/covid/model_results.csv
ro,data/country_weather_by_era/covid/weather_era5_ro_uniform_1p0deg.csv,17465,13972,3493,2021-08-07 23:00:00+00:00,2021-12-31 21:00:00+00:00,classification,LogReg,auc,0.3779077669256085,0.809604391797359,0.4316966248717505,4.2136694170185365,1.0,uniform,annual,"2020,2021",data/capacity_weights_pre_and_covid_by_year,20260723T010736Z-c3284c32,8,,,,covid,COVID (2020-2021),results/covid_era_spatial_resolution/covid/model_results.csv
rs,data/country_weather_by_era/covid/weather_era5_rs_uniform_1p0deg.csv,17543,14034,3509,2021-08-07 18:00:00+00:00,2021-12-31 22:00:00+00:00,classification,LogReg,auc,,,,0.4425765000050887,1.0,uniform,annual,"2020,2021",data/capacity_weights_pre_and_covid_by_year,20260723T010736Z-c3284c32,8,,,,covid,COVID (2020-2021),results/covid_era_spatial_resolution/covid/model_results.csv
si,data/country_weather_by_era/covid/weather_era5_si_uniform_1p0deg.csv,17543,14034,3509,2021-08-07 18:00:00+00:00,2021-12-31 22:00:00+00:00,classification,LogReg,auc,0.6493098365049584,0.5931385687483248,-0.0561712677566336,5.188723833009135,1.0,uniform,annual,"2020,2021",data/capacity_weights_pre_and_covid_by_year,20260723T010736Z-c3284c32,8,,,,covid,COVID (2020-2021),results/covid_era_spatial_resolution/covid/model_results.csv
sk,data/country_weather_by_era/covid/weather_era5_sk_uniform_1p0deg.csv,17521,14016,3505,2021-08-07 18:00:00+00:00,2021-12-31 22:00:00+00:00,classification,LogReg,auc,,,,0.5205520000308752,1.0,uniform,annual,"2020,2021",data/capacity_weights_pre_and_covid_by_year,20260723T010736Z-c3284c32,8,,,,covid,COVID (2020-2021),results/covid_era_spatial_resolution/covid/model_results.csv
at,data/country_weather_by_era/covid/weather_era5_at_uniform_2p0deg.csv,17543,14034,3509,2021-08-07 18:00:00+00:00,2021-12-31 22:00:00+00:00,classification,LogReg,auc,0.8252015639443886,0.8795884578836279,0.0543868939392393,3.675035582971759,2.0,uniform,annual,"2020,2021",data/capacity_weights_pre_and_covid_by_year,20260723T010736Z-c3284c32,8,,,,covid,COVID (2020-2021),results/covid_era_spatial_resolution/covid/model_results.csv
be,data/country_weather_by_era/covid/weather_era5_be_uniform_2p0deg.csv,17543,14034,3509,2021-08-07 18:00:00+00:00,2021-12-31 22:00:00+00:00,classification,LogReg,auc,0.6305685207454361,0.9716045356650294,0.3410360149195932,4.257842582999729,2.0,uniform,annual,"2020,2021",data/capacity_weights_pre_and_covid_by_year,20260723T010736Z-c3284c32,8,,,,covid,COVID (2020-2021),results/covid_era_spatial_resolution/covid/model_results.csv
bg,data/country_weather_by_era/covid/weather_era5_bg_uniform_2p0deg.csv,17541,14032,3509,2021-08-07 17:00:00+00:00,2021-12-31 21:00:00+00:00,classification,LogReg,auc,,,,0.5371551669668406,2.0,uniform,annual,"2020,2021",data/capacity_weights_pre_and_covid_by_year,20260723T010736Z-c3284c32,8,,,,covid,COVID (2020-2021),results/covid_era_spatial_resolution/covid/model_results.csv
cz,data/country_weather_by_era/covid/weather_era5_cz_uniform_2p0deg.csv,17543,14034,3509,2021-08-07 18:00:00+00:00,2021-12-31 22:00:00+00:00,classification,LogReg,auc,,,,1.546309084049426,2.0,uniform,annual,"2020,2021",data/capacity_weights_pre_and_covid_by_year,20260723T010736Z-c3284c32,8,,,,covid,COVID (2020-2021),results/covid_era_spatial_resolution/covid/model_results.csv
de,data/country_weather_by_era/covid/weather_era5_de_uniform_2p0deg.csv,17543,14034,3509,2021-08-07 18:00:00+00:00,2021-12-31 22:00:00+00:00,classification,LogReg,auc,0.585276150891114,0.9614370441167208,0.3761608932256068,5.013159166963305,2.0,uniform,annual,"2020,2021",data/capacity_weights_pre_and_covid_by_year,20260723T010736Z-c3284c32,8,,,,covid,COVID (2020-2021),results/covid_era_spatial_resolution/covid/model_results.csv
dk,data/country_weather_by_era/covid/weather_era5_dk_uniform_2p0deg.csv,17542,14033,3509,2021-08-07 18:00:00+00:00,2021-12-31 22:00:00+00:00,classification,LogReg,auc,0.5858872060903142,0.9689245231867174,0.3830373170964032,5.457598084001802,2.0,uniform,annual,"2020,2021",data/capacity_weights_pre_and_covid_by_year,20260723T010736Z-c3284c32,8,,,,covid,COVID (2020-2021),results/covid_era_spatial_resolution/covid/model_results.csv
es,data/country_weather_by_era/covid/weather_era5_es_uniform_2p0deg.csv,17542,14033,3509,2021-08-07 18:00:00+00:00,2021-12-31 22:00:00+00:00,classification,LogReg,auc,0.7331941398997199,0.933664365805123,0.2004702259054031,5.193632250011433,2.0,uniform,annual,"2020,2021",data/capacity_weights_pre_and_covid_by_year,20260723T010736Z-c3284c32,8,,,,covid,COVID (2020-2021),results/covid_era_spatial_resolution/covid/model_results.csv
fr,data/country_weather_by_era/covid/weather_era5_fr_uniform_2p0deg.csv,17532,14025,3507,2021-08-07 16:00:00+00:00,2021-12-31 22:00:00+00:00,classification,LogReg,auc,,,,0.5824435829999857,2.0,uniform,annual,"2020,2021",data/capacity_weights_pre_and_covid_by_year,20260723T010736Z-c3284c32,8,,,,covid,COVID (2020-2021),results/covid_era_spatial_resolution/covid/model_results.csv
gr,data/country_weather_by_era/covid/weather_era5_gr_uniform_2p0deg.csv,17538,14030,3508,2021-08-07 18:00:00+00:00,2021-12-31 21:00:00+00:00,classification,LogReg,auc,0.6948988555054071,0.8905838700242587,0.1956850145188515,4.794379083032254,2.0,uniform,annual,"2020,2021",data/capacity_weights_pre_and_covid_by_year,20260723T010736Z-c3284c32,8,,,,covid,COVID (2020-2021),results/covid_era_spatial_resolution/covid/model_results.csv
hr,data/country_weather_by_era/covid/weather_era5_hr_uniform_2p0deg.csv,17543,14034,3509,2021-08-07 18:00:00+00:00,2021-12-31 22:00:00+00:00,classification,LogReg,auc,0.8521859156885896,0.8930325022571012,0.0408465865685115,4.747785790998023,2.0,uniform,annual,"2020,2021",data/capacity_weights_pre_and_covid_by_year,20260723T010736Z-c3284c32,8,,,,covid,COVID (2020-2021),results/covid_era_spatial_resolution/covid/model_results.csv
ie,data/country_weather_by_era/covid/weather_era5_ie_uniform_2p0deg.csv,17235,13788,3447,2021-08-03 14:00:00+00:00,2021-12-31 23:00:00+00:00,classification,LogReg,auc,0.6518501278508062,0.9471573615060724,0.2953072336552662,4.218470958992839,2.0,uniform,annual,"2020,2021",data/capacity_weights_pre_and_covid_by_year,20260723T010736Z-c3284c32,8,,,,covid,COVID (2020-2021),results/covid_era_spatial_resolution/covid/model_results.csv
lt,data/country_weather_by_era/covid/weather_era5_lt_uniform_2p0deg.csv,17542,14033,3509,2021-08-07 17:00:00+00:00,2021-12-31 21:00:00+00:00,classification,LogReg,auc,0.8506846515430206,0.9984876353975066,0.1478029838544859,3.827650666993577,2.0,uniform,annual,"2020,2021",data/capacity_weights_pre_and_covid_by_year,20260723T010736Z-c3284c32,8,,,,covid,COVID (2020-2021),results/covid_era_spatial_resolution/covid/model_results.csv
lv,data/country_weather_by_era/covid/weather_era5_lv_uniform_2p0deg.csv,17531,14024,3507,2021-08-07 16:00:00+00:00,2021-12-31 21:00:00+00:00,classification,LogReg,auc,0.8064592563679278,0.807642376008307,0.0011831196403792,4.918876624957193,2.0,uniform,annual,"2020,2021",data/capacity_weights_pre_and_covid_by_year,20260723T010736Z-c3284c32,8,,,,covid,COVID (2020-2021),results/covid_era_spatial_resolution/covid/model_results.csv
nl,data/country_weather_by_era/covid/weather_era5_nl_uniform_2p0deg.csv,17543,14034,3509,2021-08-07 18:00:00+00:00,2021-12-31 22:00:00+00:00,classification,LogReg,auc,,,,0.4359006669837981,2.0,uniform,annual,"2020,2021",data/capacity_weights_pre_and_covid_by_year,20260723T010736Z-c3284c32,8,,,,covid,COVID (2020-2021),results/covid_era_spatial_resolution/covid/model_results.csv
pt,data/country_weather_by_era/covid/weather_era5_pt_uniform_2p0deg.csv,17544,14035,3509,2021-08-07 19:00:00+00:00,2021-12-31 23:00:00+00:00,classification,LogReg,auc,0.7708984124158149,0.9031473756240628,0.1322489632082477,4.603079874999821,2.0,uniform,annual,"2020,2021",data/capacity_weights_pre_and_covid_by_year,20260723T010736Z-c3284c32,8,,,,covid,COVID (2020-2021),results/covid_era_spatial_resolution/covid/model_results.csv
ro,data/country_weather_by_era/covid/weather_era5_ro_uniform_2p0deg.csv,17465,13972,3493,2021-08-07 23:00:00+00:00,2021-12-31 21:00:00+00:00,classification,LogReg,auc,0.3779077669256085,0.8201361776972378,0.4422284107716293,4.236334707995411,2.0,uniform,annual,"2020,2021",data/capacity_weights_pre_and_covid_by_year,20260723T010736Z-c3284c32,8,,,,covid,COVID (2020-2021),results/covid_era_spatial_resolution/covid/model_results.csv
rs,data/country_weather_by_era/covid/weather_era5_rs_uniform_2p0deg.csv,17543,14034,3509,2021-08-07 18:00:00+00:00,2021-12-31 22:00:00+00:00,classification,LogReg,auc,,,,0.4475852089817635,2.0,uniform,annual,"2020,2021",data/capacity_weights_pre_and_covid_by_year,20260723T010736Z-c3284c32,8,,,,covid,COVID (2020-2021),results/covid_era_spatial_resolution/covid/model_results.csv
si,data/country_weather_by_era/covid/weather_era5_si_uniform_2p0deg.csv,17543,14034,3509,2021-08-07 18:00:00+00:00,2021-12-31 22:00:00+00:00,classification,LogReg,auc,0.6493098365049584,0.5934601983382471,-0.0558496381667112,5.116358499974012,2.0,uniform,annual,"2020,2021",data/capacity_weights_pre_and_covid_by_year,20260723T010736Z-c3284c32,8,,,,covid,COVID (2020-2021),results/covid_era_spatial_resolution/covid/model_results.csv
sk,data/country_weather_by_era/covid/weather_era5_sk_uniform_2p0deg.csv,17521,14016,3505,2021-08-07 18:00:00+00:00,2021-12-31 22:00:00+00:00,classification,LogReg,auc,,,,0.5385024169809185,2.0,uniform,annual,"2020,2021",data/capacity_weights_pre_and_covid_by_year,20260723T010736Z-c3284c32,8,,,,covid,COVID (2020-2021),results/covid_era_spatial_resolution/covid/model_results.csv
at,data/country_weather_by_era/covid/weather_era5_at_uniform_0p25deg.csv,17543,14034,3509,2021-08-07 18:00:00+00:00,2021-12-31 22:00:00+00:00,classification,RandForest,auc,0.7802498964376595,0.8367663654005872,0.0565164689629277,4.388008792011533,0.25,uniform,annual,"2020,2021",data/capacity_weights_pre_and_covid_by_year,20260723T010736Z-c3284c32,8,,,,covid,COVID (2020-2021),results/covid_era_spatial_resolution/covid/model_results.csv
be,data/country_weather_by_era/covid/weather_era5_be_uniform_0p25deg.csv,17543,14034,3509,2021-08-07 18:00:00+00:00,2021-12-31 22:00:00+00:00,classification,RandForest,auc,0.6852227408298175,0.9318393358199322,0.2466165949901146,4.483756583998911,0.25,uniform,annual,"2020,2021",data/capacity_weights_pre_and_covid_by_year,20260723T010736Z-c3284c32,8,,,,covid,COVID (2020-2021),results/covid_era_spatial_resolution/covid/model_results.csv
bg,data/country_weather_by_era/covid/weather_era5_bg_uniform_0p25deg.csv,17541,14032,3509,2021-08-07 17:00:00+00:00,2021-12-31 21:00:00+00:00,classification,RandForest,auc,,,,0.5451610829913989,0.25,uniform,annual,"2020,2021",data/capacity_weights_pre_and_covid_by_year,20260723T010736Z-c3284c32,8,,,,covid,COVID (2020-2021),results/covid_era_spatial_resolution/covid/model_results.csv
cz,data/country_weather_by_era/covid/weather_era5_cz_uniform_0p25deg.csv,17543,14034,3509,2021-08-07 18:00:00+00:00,2021-12-31 22:00:00+00:00,classification,RandForest,auc,,,,0.5765787910204381,0.25,uniform,annual,"2020,2021",data/capacity_weights_pre_and_covid_by_year,20260723T010736Z-c3284c32,8,,,,covid,COVID (2020-2021),results/covid_era_spatial_resolution/covid/model_results.csv
de,data/country_weather_by_era/covid/weather_era5_de_uniform_0p25deg.csv,17543,14034,3509,2021-08-07 18:00:00+00:00,2021-12-31 22:00:00+00:00,classification,RandForest,auc,0.7178345058030768,0.9723076723604612,0.2544731665573844,4.523430957982782,0.25,uniform,annual,"2020,2021",data/capacity_weights_pre_and_covid_by_year,20260723T010736Z-c3284c32,8,,,,covid,COVID (2020-2021),results/covid_era_spatial_resolution/covid/model_results.csv
dk,data/country_weather_by_era/covid/weather_era5_dk_uniform_0p25deg.csv,17542,14033,3509,2021-08-07 18:00:00+00:00,2021-12-31 22:00:00+00:00,classification,RandForest,auc,0.5915752606628126,0.9643952549476476,0.3728199942848349,5.301884958986193,0.25,uniform,annual,"2020,2021",data/capacity_weights_pre_and_covid_by_year,20260723T010736Z-c3284c32,8,,,,covid,COVID (2020-2021),results/covid_era_spatial_resolution/covid/model_results.csv
es,data/country_weather_by_era/covid/weather_era5_es_uniform_0p25deg.csv,17542,14033,3509,2021-08-07 18:00:00+00:00,2021-12-31 22:00:00+00:00,classification,RandForest,auc,0.7057382260676124,0.9012348182242138,0.1954965921566014,4.916589125001337,0.25,uniform,annual,"2020,2021",data/capacity_weights_pre_and_covid_by_year,20260723T010736Z-c3284c32,8,,,,covid,COVID (2020-2021),results/covid_era_spatial_resolution/covid/model_results.csv
fr,data/country_weather_by_era/covid/weather_era5_fr_uniform_0p25deg.csv,17532,14025,3507,2021-08-07 16:00:00+00:00,2021-12-31 22:00:00+00:00,classification,RandForest,auc,,,,1.4524894589558244,0.25,uniform,annual,"2020,2021",data/capacity_weights_pre_and_covid_by_year,20260723T010736Z-c3284c32,8,,,,covid,COVID (2020-2021),results/covid_era_spatial_resolution/covid/model_results.csv
gr,data/country_weather_by_era/covid/weather_era5_gr_uniform_0p25deg.csv,17538,14030,3508,2021-08-07 18:00:00+00:00,2021-12-31 21:00:00+00:00,classification,RandForest,auc,0.6475620468235352,0.898538891214709,0.2509768443911737,4.564689541992266,0.25,uniform,annual,"2020,2021",data/capacity_weights_pre_and_covid_by_year,20260723T010736Z-c3284c32,8,,,,covid,COVID (2020-2021),results/covid_era_spatial_resolution/covid/model_results.csv
hr,data/country_weather_by_era/covid/weather_era5_hr_uniform_0p25deg.csv,17543,14034,3509,2021-08-07 18:00:00+00:00,2021-12-31 22:00:00+00:00,classification,RandForest,auc,0.8019150635460797,0.8860396555316341,0.0841245919855544,4.774842874961905,0.25,uniform,annual,"2020,2021",data/capacity_weights_pre_and_covid_by_year,20260723T010736Z-c3284c32,8,,,,covid,COVID (2020-2021),results/covid_era_spatial_resolution/covid/model_results.csv
ie,data/country_weather_by_era/covid/weather_era5_ie_uniform_0p25deg.csv,17235,13788,3447,2021-08-03 14:00:00+00:00,2021-12-31 23:00:00+00:00,classification,RandForest,auc,0.6671334665737649,0.9670515387102904,0.2999180721365254,4.154666332993656,0.25,uniform,annual,"2020,2021",data/capacity_weights_pre_and_covid_by_year,20260723T010736Z-c3284c32,8,,,,covid,COVID (2020-2021),results/covid_era_spatial_resolution/covid/model_results.csv
lt,data/country_weather_by_era/covid/weather_era5_lt_uniform_0p25deg.csv,17542,14033,3509,2021-08-07 17:00:00+00:00,2021-12-31 21:00:00+00:00,classification,RandForest,auc,0.6358880032699775,0.9990905375025548,0.3632025342325772,3.972018958011176,0.25,uniform,annual,"2020,2021",data/capacity_weights_pre_and_covid_by_year,20260723T010736Z-c3284c32,8,,,,covid,COVID (2020-2021),results/covid_era_spatial_resolution/covid/model_results.csv
lv,data/country_weather_by_era/covid/weather_era5_lv_uniform_0p25deg.csv,17531,14024,3507,2021-08-07 16:00:00+00:00,2021-12-31 21:00:00+00:00,classification,RandForest,auc,0.8130436446877956,0.811409004109245,-0.0016346405785505,4.797266417008359,0.25,uniform,annual,"2020,2021",data/capacity_weights_pre_and_covid_by_year,20260723T010736Z-c3284c32,8,,,,covid,COVID (2020-2021),results/covid_era_spatial_resolution/covid/model_results.csv
nl,data/country_weather_by_era/covid/weather_era5_nl_uniform_0p25deg.csv,17543,14034,3509,2021-08-07 18:00:00+00:00,2021-12-31 22:00:00+00:00,classification,RandForest,auc,,,,0.446928791992832,0.25,uniform,annual,"2020,2021",data/capacity_weights_pre_and_covid_by_year,20260723T010736Z-c3284c32,8,,,,covid,COVID (2020-2021),results/covid_era_spatial_resolution/covid/model_results.csv
pt,data/country_weather_by_era/covid/weather_era5_pt_uniform_0p25deg.csv,17544,14035,3509,2021-08-07 19:00:00+00:00,2021-12-31 23:00:00+00:00,classification,RandForest,auc,0.7542569109823478,0.8793675893088304,0.1251106783264826,4.7196453750366345,0.25,uniform,annual,"2020,2021",data/capacity_weights_pre_and_covid_by_year,20260723T010736Z-c3284c32,8,,,,covid,COVID (2020-2021),results/covid_era_spatial_resolution/covid/model_results.csv
ro,data/country_weather_by_era/covid/weather_era5_ro_uniform_0p25deg.csv,17465,13972,3493,2021-08-07 23:00:00+00:00,2021-12-31 21:00:00+00:00,classification,RandForest,auc,0.4993517568521899,0.7986075763834295,0.2992558195312396,4.729174166976009,0.25,uniform,annual,"2020,2021",data/capacity_weights_pre_and_covid_by_year,20260723T010736Z-c3284c32,8,,,,covid,COVID (2020-2021),results/covid_era_spatial_resolution/covid/model_results.csv
rs,data/country_weather_by_era/covid/weather_era5_rs_uniform_0p25deg.csv,17543,14034,3509,2021-08-07 18:00:00+00:00,2021-12-31 22:00:00+00:00,classification,RandForest,auc,,,,0.474461792036891,0.25,uniform,annual,"2020,2021",data/capacity_weights_pre_and_covid_by_year,20260723T010736Z-c3284c32,8,,,,covid,COVID (2020-2021),results/covid_era_spatial_resolution/covid/model_results.csv
si,data/country_weather_by_era/covid/weather_era5_si_uniform_0p25deg.csv,17543,14034,3509,2021-08-07 18:00:00+00:00,2021-12-31 22:00:00+00:00,classification,RandForest,auc,0.4352340748682212,0.4278008576789064,-0.0074332171893147,5.229063957987819,0.25,uniform,annual,"2020,2021",data/capacity_weights_pre_and_covid_by_year,20260723T010736Z-c3284c32,8,,,,covid,COVID (2020-2021),results/covid_era_spatial_resolution/covid/model_results.csv
sk,data/country_weather_by_era/covid/weather_era5_sk_uniform_0p25deg.csv,17521,14016,3505,2021-08-07 18:00:00+00:00,2021-12-31 22:00:00+00:00,classification,RandForest,auc,,,,0.5338927499833517,0.25,uniform,annual,"2020,2021",data/capacity_weights_pre_and_covid_by_year,20260723T010736Z-c3284c32,8,,,,covid,COVID (2020-2021),results/covid_era_spatial_resolution/covid/model_results.csv
at,data/country_weather_by_era/covid/weather_era5_at_uniform_0p5deg.csv,17543,14034,3509,2021-08-07 18:00:00+00:00,2021-12-31 22:00:00+00:00,classification,RandForest,auc,0.7802498964376595,0.8330022399394883,0.0527523435018287,4.221867041953374,0.5,uniform,annual,"2020,2021",data/capacity_weights_pre_and_covid_by_year,20260723T010736Z-c3284c32,8,,,,covid,COVID (2020-2021),results/covid_era_spatial_resolution/covid/model_results.csv
be,data/country_weather_by_era/covid/weather_era5_be_uniform_0p5deg.csv,17543,14034,3509,2021-08-07 18:00:00+00:00,2021-12-31 22:00:00+00:00,classification,RandForest,auc,0.6852227408298175,0.9443487624754568,0.2591260216456392,4.36613620800199,0.5,uniform,annual,"2020,2021",data/capacity_weights_pre_and_covid_by_year,20260723T010736Z-c3284c32,8,,,,covid,COVID (2020-2021),results/covid_era_spatial_resolution/covid/model_results.csv
bg,data/country_weather_by_era/covid/weather_era5_bg_uniform_0p5deg.csv,17541,14032,3509,2021-08-07 17:00:00+00:00,2021-12-31 21:00:00+00:00,classification,RandForest,auc,,,,0.5201078749960288,0.5,uniform,annual,"2020,2021",data/capacity_weights_pre_and_covid_by_year,20260723T010736Z-c3284c32,8,,,,covid,COVID (2020-2021),results/covid_era_spatial_resolution/covid/model_results.csv
cz,data/country_weather_by_era/covid/weather_era5_cz_uniform_0p5deg.csv,17543,14034,3509,2021-08-07 18:00:00+00:00,2021-12-31 22:00:00+00:00,classification,RandForest,auc,,,,0.5339169169892557,0.5,uniform,annual,"2020,2021",data/capacity_weights_pre_and_covid_by_year,20260723T010736Z-c3284c32,8,,,,covid,COVID (2020-2021),results/covid_era_spatial_resolution/covid/model_results.csv
de,data/country_weather_by_era/covid/weather_era5_de_uniform_0p5deg.csv,17543,14034,3509,2021-08-07 18:00:00+00:00,2021-12-31 22:00:00+00:00,classification,RandForest,auc,0.7178345058030768,0.9709012643409904,0.2530667585379136,5.061312292004004,0.5,uniform,annual,"2020,2021",data/capacity_weights_pre_and_covid_by_year,20260723T010736Z-c3284c32,8,,,,covid,COVID (2020-2021),results/covid_era_spatial_resolution/covid/model_results.csv
dk,data/country_weather_by_era/covid/weather_era5_dk_uniform_0p5deg.csv,17542,14033,3509,2021-08-07 18:00:00+00:00,2021-12-31 22:00:00+00:00,classification,RandForest,auc,0.5915752606628126,0.9641157247635168,0.372540464100704,5.374213957984466,0.5,uniform,annual,"2020,2021",data/capacity_weights_pre_and_covid_by_year,20260723T010736Z-c3284c32,8,,,,covid,COVID (2020-2021),results/covid_era_spatial_resolution/covid/model_results.csv
es,data/country_weather_by_era/covid/weather_era5_es_uniform_0p5deg.csv,17542,14033,3509,2021-08-07 18:00:00+00:00,2021-12-31 22:00:00+00:00,classification,RandForest,auc,0.7057382260676124,0.90705787830248,0.2013196522348674,5.294162208039779,0.5,uniform,annual,"2020,2021",data/capacity_weights_pre_and_covid_by_year,20260723T010736Z-c3284c32,8,,,,covid,COVID (2020-2021),results/covid_era_spatial_resolution/covid/model_results.csv
fr,data/country_weather_by_era/covid/weather_era5_fr_uniform_0p5deg.csv,17532,14025,3507,2021-08-07 16:00:00+00:00,2021-12-31 22:00:00+00:00,classification,RandForest,auc,,,,0.5099782079923898,0.5,uniform,annual,"2020,2021",data/capacity_weights_pre_and_covid_by_year,20260723T010736Z-c3284c32,8,,,,covid,COVID (2020-2021),results/covid_era_spatial_resolution/covid/model_results.csv
gr,data/country_weather_by_era/covid/weather_era5_gr_uniform_0p5deg.csv,17538,14030,3508,2021-08-07 18:00:00+00:00,2021-12-31 21:00:00+00:00,classification,RandForest,auc,0.6475620468235352,0.898538891214709,0.2509768443911737,4.697813667007722,0.5,uniform,annual,"2020,2021",data/capacity_weights_pre_and_covid_by_year,20260723T010736Z-c3284c32,8,,,,covid,COVID (2020-2021),results/covid_era_spatial_resolution/covid/model_results.csv
hr,data/country_weather_by_era/covid/weather_era5_hr_uniform_0p5deg.csv,17543,14034,3509,2021-08-07 18:00:00+00:00,2021-12-31 22:00:00+00:00,classification,RandForest,auc,0.8019150635460797,0.8822597055351067,0.080344641989027,4.761598791985307,0.5,uniform,annual,"2020,2021",data/capacity_weights_pre_and_covid_by_year,20260723T010736Z-c3284c32,8,,,,covid,COVID (2020-2021),results/covid_era_spatial_resolution/covid/model_results.csv
ie,data/country_weather_by_era/covid/weather_era5_ie_uniform_0p5deg.csv,17235,13788,3447,2021-08-03 14:00:00+00:00,2021-12-31 23:00:00+00:00,classification,RandForest,auc,0.6671334665737649,0.967098420117416,0.299964953543651,4.145933042047545,0.5,uniform,annual,"2020,2021",data/capacity_weights_pre_and_covid_by_year,20260723T010736Z-c3284c32,8,,,,covid,COVID (2020-2021),results/covid_era_spatial_resolution/covid/model_results.csv
lt,data/country_weather_by_era/covid/weather_era5_lt_uniform_0p5deg.csv,17542,14033,3509,2021-08-07 17:00:00+00:00,2021-12-31 21:00:00+00:00,classification,RandForest,auc,0.6358880032699775,0.9992335990190068,0.3633455957490291,3.9607947079930454,0.5,uniform,annual,"2020,2021",data/capacity_weights_pre_and_covid_by_year,20260723T010736Z-c3284c32,8,,,,covid,COVID (2020-2021),results/covid_era_spatial_resolution/covid/model_results.csv
lv,data/country_weather_by_era/covid/weather_era5_lv_uniform_0p5deg.csv,17531,14024,3507,2021-08-07 16:00:00+00:00,2021-12-31 21:00:00+00:00,classification,RandForest,auc,0.8130436446877956,0.8112963260482564,-0.0017473186395391,4.637605791038368,0.5,uniform,annual,"2020,2021",data/capacity_weights_pre_and_covid_by_year,20260723T010736Z-c3284c32,8,,,,covid,COVID (2020-2021),results/covid_era_spatial_resolution/covid/model_results.csv
nl,data/country_weather_by_era/covid/weather_era5_nl_uniform_0p5deg.csv,17543,14034,3509,2021-08-07 18:00:00+00:00,2021-12-31 22:00:00+00:00,classification,RandForest,auc,,,,0.4634887499851174,0.5,uniform,annual,"2020,2021",data/capacity_weights_pre_and_covid_by_year,20260723T010736Z-c3284c32,8,,,,covid,COVID (2020-2021),results/covid_era_spatial_resolution/covid/model_results.csv
pt,data/country_weather_by_era/covid/weather_era5_pt_uniform_0p5deg.csv,17544,14035,3509,2021-08-07 19:00:00+00:00,2021-12-31 23:00:00+00:00,classification,RandForest,auc,0.7542569109823478,0.8817649685004216,0.1275080575180738,4.685842000006232,0.5,uniform,annual,"2020,2021",data/capacity_weights_pre_and_covid_by_year,20260723T010736Z-c3284c32,8,,,,covid,COVID (2020-2021),results/covid_era_spatial_resolution/covid/model_results.csv
ro,data/country_weather_by_era/covid/weather_era5_ro_uniform_0p5deg.csv,17465,13972,3493,2021-08-07 23:00:00+00:00,2021-12-31 21:00:00+00:00,classification,RandForest,auc,0.4993517568521899,0.8062359258617703,0.3068841690095804,4.74358112498885,0.5,uniform,annual,"2020,2021",data/capacity_weights_pre_and_covid_by_year,20260723T010736Z-c3284c32,8,,,,covid,COVID (2020-2021),results/covid_era_spatial_resolution/covid/model_results.csv
rs,data/country_weather_by_era/covid/weather_era5_rs_uniform_0p5deg.csv,17543,14034,3509,2021-08-07 18:00:00+00:00,2021-12-31 22:00:00+00:00,classification,RandForest,auc,,,,0.46781874995213,0.5,uniform,annual,"2020,2021",data/capacity_weights_pre_and_covid_by_year,20260723T010736Z-c3284c32,8,,,,covid,COVID (2020-2021),results/covid_era_spatial_resolution/covid/model_results.csv
si,data/country_weather_by_era/covid/weather_era5_si_uniform_0p5deg.csv,17543,14034,3509,2021-08-07 18:00:00+00:00,2021-12-31 22:00:00+00:00,classification,RandForest,auc,0.4352340748682212,0.4280376127937104,-0.0071964620745107,5.07807595905615,0.5,uniform,annual,"2020,2021",data/capacity_weights_pre_and_covid_by_year,20260723T010736Z-c3284c32,8,,,,covid,COVID (2020-2021),results/covid_era_spatial_resolution/covid/model_results.csv
sk,data/country_weather_by_era/covid/weather_era5_sk_uniform_0p5deg.csv,17521,14016,3505,2021-08-07 18:00:00+00:00,2021-12-31 22:00:00+00:00,classification,RandForest,auc,,,,0.5256749579566531,0.5,uniform,annual,"2020,2021",data/capacity_weights_pre_and_covid_by_year,20260723T010736Z-c3284c32,8,,,,covid,COVID (2020-2021),results/covid_era_spatial_resolution/covid/model_results.csv
at,data/country_weather_by_era/covid/weather_era5_at_uniform_1p0deg.csv,17543,14034,3509,2021-08-07 18:00:00+00:00,2021-12-31 22:00:00+00:00,classification,RandForest,auc,0.7802498964376595,0.836495300752519,0.0562454043148594,3.7506190830026753,1.0,uniform,annual,"2020,2021",data/capacity_weights_pre_and_covid_by_year,20260723T010736Z-c3284c32,8,,,,covid,COVID (2020-2021),results/covid_era_spatial_resolution/covid/model_results.csv
be,data/country_weather_by_era/covid/weather_era5_be_uniform_1p0deg.csv,17543,14034,3509,2021-08-07 18:00:00+00:00,2021-12-31 22:00:00+00:00,classification,RandForest,auc,0.6852227408298175,0.9317815869392414,0.2465588461094239,4.302330582984723,1.0,uniform,annual,"2020,2021",data/capacity_weights_pre_and_covid_by_year,20260723T010736Z-c3284c32,8,,,,covid,COVID (2020-2021),results/covid_era_spatial_resolution/covid/model_results.csv
bg,data/country_weather_by_era/covid/weather_era5_bg_uniform_1p0deg.csv,17541,14032,3509,2021-08-07 17:00:00+00:00,2021-12-31 21:00:00+00:00,classification,RandForest,auc,,,,0.5494392919936217,1.0,uniform,annual,"2020,2021",data/capacity_weights_pre_and_covid_by_year,20260723T010736Z-c3284c32,8,,,,covid,COVID (2020-2021),results/covid_era_spatial_resolution/covid/model_results.csv
cz,data/country_weather_by_era/covid/weather_era5_cz_uniform_1p0deg.csv,17543,14034,3509,2021-08-07 18:00:00+00:00,2021-12-31 22:00:00+00:00,classification,RandForest,auc,,,,1.395951916987542,1.0,uniform,annual,"2020,2021",data/capacity_weights_pre_and_covid_by_year,20260723T010736Z-c3284c32,8,,,,covid,COVID (2020-2021),results/covid_era_spatial_resolution/covid/model_results.csv
de,data/country_weather_by_era/covid/weather_era5_de_uniform_1p0deg.csv,17543,14034,3509,2021-08-07 18:00:00+00:00,2021-12-31 22:00:00+00:00,classification,RandForest,auc,0.7178345058030768,0.9731396998625635,0.2553051940594867,5.079754874983337,1.0,uniform,annual,"2020,2021",data/capacity_weights_pre_and_covid_by_year,20260723T010736Z-c3284c32,8,,,,covid,COVID (2020-2021),results/covid_era_spatial_resolution/covid/model_results.csv
dk,data/country_weather_by_era/covid/weather_era5_dk_uniform_1p0deg.csv,17542,14033,3509,2021-08-07 18:00:00+00:00,2021-12-31 22:00:00+00:00,classification,RandForest,auc,0.5915752606628126,0.9623086701983454,0.3707334095355328,5.420578332967125,1.0,uniform,annual,"2020,2021",data/capacity_weights_pre_and_covid_by_year,20260723T010736Z-c3284c32,8,,,,covid,COVID (2020-2021),results/covid_era_spatial_resolution/covid/model_results.csv
es,data/country_weather_by_era/covid/weather_era5_es_uniform_1p0deg.csv,17542,14033,3509,2021-08-07 18:00:00+00:00,2021-12-31 22:00:00+00:00,classification,RandForest,auc,0.7057382260676124,0.9073596672392268,0.2016214411716144,5.0702262909617275,1.0,uniform,annual,"2020,2021",data/capacity_weights_pre_and_covid_by_year,20260723T010736Z-c3284c32,8,,,,covid,COVID (2020-2021),results/covid_era_spatial_resolution/covid/model_results.csv
fr,data/country_weather_by_era/covid/weather_era5_fr_uniform_1p0deg.csv,17532,14025,3507,2021-08-07 16:00:00+00:00,2021-12-31 22:00:00+00:00,classification,RandForest,auc,,,,0.5154899579938501,1.0,uniform,annual,"2020,2021",data/capacity_weights_pre_and_covid_by_year,20260723T010736Z-c3284c32,8,,,,covid,COVID (2020-2021),results/covid_era_spatial_resolution/covid/model_results.csv
gr,data/country_weather_by_era/covid/weather_era5_gr_uniform_1p0deg.csv,17538,14030,3508,2021-08-07 18:00:00+00:00,2021-12-31 21:00:00+00:00,classification,RandForest,auc,0.6475620468235352,0.8949944849392005,0.2474324381156653,4.863546499982476,1.0,uniform,annual,"2020,2021",data/capacity_weights_pre_and_covid_by_year,20260723T010736Z-c3284c32,8,,,,covid,COVID (2020-2021),results/covid_era_spatial_resolution/covid/model_results.csv
hr,data/country_weather_by_era/covid/weather_era5_hr_uniform_1p0deg.csv,17543,14034,3509,2021-08-07 18:00:00+00:00,2021-12-31 22:00:00+00:00,classification,RandForest,auc,0.8019150635460797,0.880161295923328,0.0782462323772483,4.946356208005454,1.0,uniform,annual,"2020,2021",data/capacity_weights_pre_and_covid_by_year,20260723T010736Z-c3284c32,8,,,,covid,COVID (2020-2021),results/covid_era_spatial_resolution/covid/model_results.csv
ie,data/country_weather_by_era/covid/weather_era5_ie_uniform_1p0deg.csv,17235,13788,3447,2021-08-03 14:00:00+00:00,2021-12-31 23:00:00+00:00,classification,RandForest,auc,0.6671334665737649,0.9550076010388084,0.2878741344650435,4.145761708030477,1.0,uniform,annual,"2020,2021",data/capacity_weights_pre_and_covid_by_year,20260723T010736Z-c3284c32,8,,,,covid,COVID (2020-2021),results/covid_era_spatial_resolution/covid/model_results.csv
lt,data/country_weather_by_era/covid/weather_era5_lt_uniform_1p0deg.csv,17542,14033,3509,2021-08-07 17:00:00+00:00,2021-12-31 21:00:00+00:00,classification,RandForest,auc,0.6358880032699775,0.999397097894952,0.3635090946249744,3.8739269169745967,1.0,uniform,annual,"2020,2021",data/capacity_weights_pre_and_covid_by_year,20260723T010736Z-c3284c32,8,,,,covid,COVID (2020-2021),results/covid_era_spatial_resolution/covid/model_results.csv
lv,data/country_weather_by_era/covid/weather_era5_lv_uniform_1p0deg.csv,17531,14024,3507,2021-08-07 16:00:00+00:00,2021-12-31 21:00:00+00:00,classification,RandForest,auc,0.8130436446877956,0.8140836254516556,0.00103998076386,4.881342000036966,1.0,uniform,annual,"2020,2021",data/capacity_weights_pre_and_covid_by_year,20260723T010736Z-c3284c32,8,,,,covid,COVID (2020-2021),results/covid_era_spatial_resolution/covid/model_results.csv
nl,data/country_weather_by_era/covid/weather_era5_nl_uniform_1p0deg.csv,17543,14034,3509,2021-08-07 18:00:00+00:00,2021-12-31 22:00:00+00:00,classification,RandForest,auc,,,,0.4450505410204641,1.0,uniform,annual,"2020,2021",data/capacity_weights_pre_and_covid_by_year,20260723T010736Z-c3284c32,8,,,,covid,COVID (2020-2021),results/covid_era_spatial_resolution/covid/model_results.csv
pt,data/country_weather_by_era/covid/weather_era5_pt_uniform_1p0deg.csv,17544,14035,3509,2021-08-07 19:00:00+00:00,2021-12-31 23:00:00+00:00,classification,RandForest,auc,0.7542569109823478,0.8814474584586781,0.1271905474763303,4.5936039999942295,1.0,uniform,annual,"2020,2021",data/capacity_weights_pre_and_covid_by_year,20260723T010736Z-c3284c32,8,,,,covid,COVID (2020-2021),results/covid_era_spatial_resolution/covid/model_results.csv
ro,data/country_weather_by_era/covid/weather_era5_ro_uniform_1p0deg.csv,17465,13972,3493,2021-08-07 23:00:00+00:00,2021-12-31 21:00:00+00:00,classification,RandForest,auc,0.4993517568521899,0.8170588548814776,0.3177070980292876,4.2136694170185365,1.0,uniform,annual,"2020,2021",data/capacity_weights_pre_and_covid_by_year,20260723T010736Z-c3284c32,8,,,,covid,COVID (2020-2021),results/covid_era_spatial_resolution/covid/model_results.csv
rs,data/country_weather_by_era/covid/weather_era5_rs_uniform_1p0deg.csv,17543,14034,3509,2021-08-07 18:00:00+00:00,2021-12-31 22:00:00+00:00,classification,RandForest,auc,,,,0.4425765000050887,1.0,uniform,annual,"2020,2021",data/capacity_weights_pre_and_covid_by_year,20260723T010736Z-c3284c32,8,,,,covid,COVID (2020-2021),results/covid_era_spatial_resolution/covid/model_results.csv
si,data/country_weather_by_era/covid/weather_era5_si_uniform_1p0deg.csv,17543,14034,3509,2021-08-07 18:00:00+00:00,2021-12-31 22:00:00+00:00,classification,RandForest,auc,0.4352340748682212,0.4246672027159832,-0.0105668721522379,5.188723833009135,1.0,uniform,annual,"2020,2021",data/capacity_weights_pre_and_covid_by_year,20260723T010736Z-c3284c32,8,,,,covid,COVID (2020-2021),results/covid_era_spatial_resolution/covid/model_results.csv
sk,data/country_weather_by_era/covid/weather_era5_sk_uniform_1p0deg.csv,17521,14016,3505,2021-08-07 18:00:00+00:00,2021-12-31 22:00:00+00:00,classification,RandForest,auc,,,,0.5205520000308752,1.0,uniform,annual,"2020,2021",data/capacity_weights_pre_and_covid_by_year,20260723T010736Z-c3284c32,8,,,,covid,COVID (2020-2021),results/covid_era_spatial_resolution/covid/model_results.csv
at,data/country_weather_by_era/covid/weather_era5_at_uniform_2p0deg.csv,17543,14034,3509,2021-08-07 18:00:00+00:00,2021-12-31 22:00:00+00:00,classification,RandForest,auc,0.7802498964376595,0.8428384515916632,0.0625885551540036,3.675035582971759,2.0,uniform,annual,"2020,2021",data/capacity_weights_pre_and_covid_by_year,20260723T010736Z-c3284c32,8,,,,covid,COVID (2020-2021),results/covid_era_spatial_resolution/covid/model_results.csv
be,data/country_weather_by_era/covid/weather_era5_be_uniform_2p0deg.csv,17543,14034,3509,2021-08-07 18:00:00+00:00,2021-12-31 22:00:00+00:00,classification,RandForest,auc,0.6852227408298175,0.9484047720957408,0.2631820312659232,4.257842582999729,2.0,uniform,annual,"2020,2021",data/capacity_weights_pre_and_covid_by_year,20260723T010736Z-c3284c32,8,,,,covid,COVID (2020-2021),results/covid_era_spatial_resolution/covid/model_results.csv
bg,data/country_weather_by_era/covid/weather_era5_bg_uniform_2p0deg.csv,17541,14032,3509,2021-08-07 17:00:00+00:00,2021-12-31 21:00:00+00:00,classification,RandForest,auc,,,,0.5371551669668406,2.0,uniform,annual,"2020,2021",data/capacity_weights_pre_and_covid_by_year,20260723T010736Z-c3284c32,8,,,,covid,COVID (2020-2021),results/covid_era_spatial_resolution/covid/model_results.csv
cz,data/country_weather_by_era/covid/weather_era5_cz_uniform_2p0deg.csv,17543,14034,3509,2021-08-07 18:00:00+00:00,2021-12-31 22:00:00+00:00,classification,RandForest,auc,,,,1.546309084049426,2.0,uniform,annual,"2020,2021",data/capacity_weights_pre_and_covid_by_year,20260723T010736Z-c3284c32,8,,,,covid,COVID (2020-2021),results/covid_era_spatial_resolution/covid/model_results.csv
de,data/country_weather_by_era/covid/weather_era5_de_uniform_2p0deg.csv,17543,14034,3509,2021-08-07 18:00:00+00:00,2021-12-31 22:00:00+00:00,classification,RandForest,auc,0.7178345058030768,0.9664473611095676,0.2486128553064908,5.013159166963305,2.0,uniform,annual,"2020,2021",data/capacity_weights_pre_and_covid_by_year,20260723T010736Z-c3284c32,8,,,,covid,COVID (2020-2021),results/covid_era_spatial_resolution/covid/model_results.csv
dk,data/country_weather_by_era/covid/weather_era5_dk_uniform_2p0deg.csv,17542,14033,3509,2021-08-07 18:00:00+00:00,2021-12-31 22:00:00+00:00,classification,RandForest,auc,0.5915752606628126,0.9542224444786378,0.3626471838158251,5.457598084001802,2.0,uniform,annual,"2020,2021",data/capacity_weights_pre_and_covid_by_year,20260723T010736Z-c3284c32,8,,,,covid,COVID (2020-2021),results/covid_era_spatial_resolution/covid/model_results.csv
es,data/country_weather_by_era/covid/weather_era5_es_uniform_2p0deg.csv,17542,14033,3509,2021-08-07 18:00:00+00:00,2021-12-31 22:00:00+00:00,classification,RandForest,auc,0.7057382260676124,0.9131638994534126,0.2074256733858002,5.193632250011433,2.0,uniform,annual,"2020,2021",data/capacity_weights_pre_and_covid_by_year,20260723T010736Z-c3284c32,8,,,,covid,COVID (2020-2021),results/covid_era_spatial_resolution/covid/model_results.csv
fr,data/country_weather_by_era/covid/weather_era5_fr_uniform_2p0deg.csv,17532,14025,3507,2021-08-07 16:00:00+00:00,2021-12-31 22:00:00+00:00,classification,RandForest,auc,,,,0.5824435829999857,2.0,uniform,annual,"2020,2021",data/capacity_weights_pre_and_covid_by_year,20260723T010736Z-c3284c32,8,,,,covid,COVID (2020-2021),results/covid_era_spatial_resolution/covid/model_results.csv
gr,data/country_weather_by_era/covid/weather_era5_gr_uniform_2p0deg.csv,17538,14030,3508,2021-08-07 18:00:00+00:00,2021-12-31 21:00:00+00:00,classification,RandForest,auc,0.6475620468235352,0.894716342358152,0.2471542955346167,4.794379083032254,2.0,uniform,annual,"2020,2021",data/capacity_weights_pre_and_covid_by_year,20260723T010736Z-c3284c32,8,,,,covid,COVID (2020-2021),results/covid_era_spatial_resolution/covid/model_results.csv
hr,data/country_weather_by_era/covid/weather_era5_hr_uniform_2p0deg.csv,17543,14034,3509,2021-08-07 18:00:00+00:00,2021-12-31 22:00:00+00:00,classification,RandForest,auc,0.8019150635460797,0.8660457323425237,0.064130668796444,4.747785790998023,2.0,uniform,annual,"2020,2021",data/capacity_weights_pre_and_covid_by_year,20260723T010736Z-c3284c32,8,,,,covid,COVID (2020-2021),results/covid_era_spatial_resolution/covid/model_results.csv
ie,data/country_weather_by_era/covid/weather_era5_ie_uniform_2p0deg.csv,17235,13788,3447,2021-08-03 14:00:00+00:00,2021-12-31 23:00:00+00:00,classification,RandForest,auc,0.6671334665737649,0.9379990265336264,0.2708655599598615,4.218470958992839,2.0,uniform,annual,"2020,2021",data/capacity_weights_pre_and_covid_by_year,20260723T010736Z-c3284c32,8,,,,covid,COVID (2020-2021),results/covid_era_spatial_resolution/covid/model_results.csv
lt,data/country_weather_by_era/covid/weather_era5_lt_uniform_2p0deg.csv,17542,14033,3509,2021-08-07 17:00:00+00:00,2021-12-31 21:00:00+00:00,classification,RandForest,auc,0.6358880032699775,0.9994890660126712,0.3636010627426936,3.827650666993577,2.0,uniform,annual,"2020,2021",data/capacity_weights_pre_and_covid_by_year,20260723T010736Z-c3284c32,8,,,,covid,COVID (2020-2021),results/covid_era_spatial_resolution/covid/model_results.csv
lv,data/country_weather_by_era/covid/weather_era5_lv_uniform_2p0deg.csv,17531,14024,3507,2021-08-07 16:00:00+00:00,2021-12-31 21:00:00+00:00,classification,RandForest,auc,0.8130436446877956,0.811538125619325,-0.0015055190684705,4.918876624957193,2.0,uniform,annual,"2020,2021",data/capacity_weights_pre_and_covid_by_year,20260723T010736Z-c3284c32,8,,,,covid,COVID (2020-2021),results/covid_era_spatial_resolution/covid/model_results.csv
nl,data/country_weather_by_era/covid/weather_era5_nl_uniform_2p0deg.csv,17543,14034,3509,2021-08-07 18:00:00+00:00,2021-12-31 22:00:00+00:00,classification,RandForest,auc,,,,0.4359006669837981,2.0,uniform,annual,"2020,2021",data/capacity_weights_pre_and_covid_by_year,20260723T010736Z-c3284c32,8,,,,covid,COVID (2020-2021),results/covid_era_spatial_resolution/covid/model_results.csv
pt,data/country_weather_by_era/covid/weather_era5_pt_uniform_2p0deg.csv,17544,14035,3509,2021-08-07 19:00:00+00:00,2021-12-31 23:00:00+00:00,classification,RandForest,auc,0.7542569109823478,0.8822504921490588,0.127993581166711,4.603079874999821,2.0,uniform,annual,"2020,2021",data/capacity_weights_pre_and_covid_by_year,20260723T010736Z-c3284c32,8,,,,covid,COVID (2020-2021),results/covid_era_spatial_resolution/covid/model_results.csv
ro,data/country_weather_by_era/covid/weather_era5_ro_uniform_2p0deg.csv,17465,13972,3493,2021-08-07 23:00:00+00:00,2021-12-31 21:00:00+00:00,classification,RandForest,auc,0.4993517568521899,0.8259110714333301,0.3265593145811402,4.236334707995411,2.0,uniform,annual,"2020,2021",data/capacity_weights_pre_and_covid_by_year,20260723T010736Z-c3284c32,8,,,,covid,COVID (2020-2021),results/covid_era_spatial_resolution/covid/model_results.csv
rs,data/country_weather_by_era/covid/weather_era5_rs_uniform_2p0deg.csv,17543,14034,3509,2021-08-07 18:00:00+00:00,2021-12-31 22:00:00+00:00,classification,RandForest,auc,,,,0.4475852089817635,2.0,uniform,annual,"2020,2021",data/capacity_weights_pre_and_covid_by_year,20260723T010736Z-c3284c32,8,,,,covid,COVID (2020-2021),results/covid_era_spatial_resolution/covid/model_results.csv
si,data/country_weather_by_era/covid/weather_era5_si_uniform_2p0deg.csv,17543,14034,3509,2021-08-07 18:00:00+00:00,2021-12-31 22:00:00+00:00,classification,RandForest,auc,0.4352340748682212,0.4291141785044224,-0.0061198963637987,5.116358499974012,2.0,uniform,annual,"2020,2021",data/capacity_weights_pre_and_covid_by_year,20260723T010736Z-c3284c32,8,,,,covid,COVID (2020-2021),results/covid_era_spatial_resolution/covid/model_results.csv
sk,data/country_weather_by_era/covid/weather_era5_sk_uniform_2p0deg.csv,17521,14016,3505,2021-08-07 18:00:00+00:00,2021-12-31 22:00:00+00:00,classification,RandForest,auc,,,,0.5385024169809185,2.0,uniform,annual,"2020,2021",data/capacity_weights_pre_and_covid_by_year,20260723T010736Z-c3284c32,8,,,,covid,COVID (2020-2021),results/covid_era_spatial_resolution/covid/model_results.csv
at,data/country_weather_by_era/covid/weather_era5_at_uniform_0p25deg.csv,17543,14034,3509,2021-08-07 18:00:00+00:00,2021-12-31 22:00:00+00:00,regression,GradientBoosting,r2,0.0493763916275756,0.0394934776075881,-0.0098829140199875,4.388008792011533,0.25,uniform,annual,"2020,2021",data/capacity_weights_pre_and_covid_by_year,20260723T010736Z-c3284c32,8,16.098585927094398,16.122332723037147,-0.023746795942749,covid,COVID (2020-2021),results/covid_era_spatial_resolution/covid/model_results.csv
be,data/country_weather_by_era/covid/weather_era5_be_uniform_0p25deg.csv,17543,14034,3509,2021-08-07 18:00:00+00:00,2021-12-31 22:00:00+00:00,regression,GradientBoosting,r2,0.173854734817512,0.7723847212833594,0.5985299864658474,4.483756583998911,0.25,uniform,annual,"2020,2021",data/capacity_weights_pre_and_covid_by_year,20260723T010736Z-c3284c32,8,9.770141187088626,4.6459989372814645,5.124142249807162,covid,COVID (2020-2021),results/covid_era_spatial_resolution/covid/model_results.csv
bg,data/country_weather_by_era/covid/weather_era5_bg_uniform_0p25deg.csv,17541,14032,3509,2021-08-07 17:00:00+00:00,2021-12-31 21:00:00+00:00,regression,GradientBoosting,r2,0.4012714293994806,0.5605385342828813,0.1592671048834006,0.5451610829913989,0.25,uniform,annual,"2020,2021",data/capacity_weights_pre_and_covid_by_year,20260723T010736Z-c3284c32,8,4.226175300381302,3.601469989781344,0.6247053105999574,covid,COVID (2020-2021),results/covid_era_spatial_resolution/covid/model_results.csv
cz,data/country_weather_by_era/covid/weather_era5_cz_uniform_0p25deg.csv,17543,14034,3509,2021-08-07 18:00:00+00:00,2021-12-31 22:00:00+00:00,regression,GradientBoosting,r2,0.5813499368485525,0.7767010572642492,0.1953511204156967,0.5765787910204381,0.25,uniform,annual,"2020,2021",data/capacity_weights_pre_and_covid_by_year,20260723T010736Z-c3284c32,8,2.4237061594800866,1.8495627134045187,0.5741434460755679,covid,COVID (2020-2021),results/covid_era_spatial_resolution/covid/model_results.csv
de,data/country_weather_by_era/covid/weather_era5_de_uniform_0p25deg.csv,17543,14034,3509,2021-08-07 18:00:00+00:00,2021-12-31 22:00:00+00:00,regression,GradientBoosting,r2,0.1927430200173079,0.8912027375098844,0.6984597174925765,4.523430957982782,0.25,uniform,annual,"2020,2021",data/capacity_weights_pre_and_covid_by_year,20260723T010736Z-c3284c32,8,12.755157385307024,4.547177475775175,8.207979909531849,covid,COVID (2020-2021),results/covid_era_spatial_resolution/covid/model_results.csv
dk,data/country_weather_by_era/covid/weather_era5_dk_uniform_0p25deg.csv,17542,14033,3509,2021-08-07 18:00:00+00:00,2021-12-31 22:00:00+00:00,regression,GradientBoosting,r2,-0.1113835881322431,0.7130376282246201,0.8244212163568633,5.301884958986193,0.25,uniform,annual,"2020,2021",data/capacity_weights_pre_and_covid_by_year,20260723T010736Z-c3284c32,8,25.83693439716621,12.750489152655824,13.086445244510386,covid,COVID (2020-2021),results/covid_era_spatial_resolution/covid/model_results.csv
es,data/country_weather_by_era/covid/weather_era5_es_uniform_0p25deg.csv,17542,14033,3509,2021-08-07 18:00:00+00:00,2021-12-31 22:00:00+00:00,regression,GradientBoosting,r2,0.1980391019031161,0.7124716235845194,0.5144325216814033,4.916589125001337,0.25,uniform,annual,"2020,2021",data/capacity_weights_pre_and_covid_by_year,20260723T010736Z-c3284c32,8,11.541325199159626,6.788616178793717,4.752709020365909,covid,COVID (2020-2021),results/covid_era_spatial_resolution/covid/model_results.csv
fr,data/country_weather_by_era/covid/weather_era5_fr_uniform_0p25deg.csv,17532,14025,3507,2021-08-07 16:00:00+00:00,2021-12-31 22:00:00+00:00,regression,GradientBoosting,r2,0.0655894875499037,0.6899384101188556,0.6243489225689518,1.4524894589558244,0.25,uniform,annual,"2020,2021",data/capacity_weights_pre_and_covid_by_year,20260723T010736Z-c3284c32,8,5.305004081063631,3.041127946656437,2.2638761344071936,covid,COVID (2020-2021),results/covid_era_spatial_resolution/covid/model_results.csv
gr,data/country_weather_by_era/covid/weather_era5_gr_uniform_0p25deg.csv,17538,14030,3508,2021-08-07 18:00:00+00:00,2021-12-31 21:00:00+00:00,regression,GradientBoosting,r2,-0.0511045133133116,0.5354740859094504,0.5865785992227621,4.564689541992266,0.25,uniform,annual,"2020,2021",data/capacity_weights_pre_and_covid_by_year,20260723T010736Z-c3284c32,8,13.56366539383814,8.857724930291262,4.705940463546877,covid,COVID (2020-2021),results/covid_era_spatial_resolution/covid/model_results.csv
hr,data/country_weather_by_era/covid/weather_era5_hr_uniform_0p25deg.csv,17543,14034,3509,2021-08-07 18:00:00+00:00,2021-12-31 22:00:00+00:00,regression,GradientBoosting,r2,0.2765515229617151,0.3285622658109191,0.0520107428492039,4.774842874961905,0.25,uniform,annual,"2020,2021",data/capacity_weights_pre_and_covid_by_year,20260723T010736Z-c3284c32,8,11.987408999499058,11.204906817382687,0.7825021821163691,covid,COVID (2020-2021),results/covid_era_spatial_resolution/covid/model_results.csv
ie,data/country_weather_by_era/covid/weather_era5_ie_uniform_0p25deg.csv,17235,13788,3447,2021-08-03 14:00:00+00:00,2021-12-31 23:00:00+00:00,regression,GradientBoosting,r2,0.046229080440292,0.8715444629533095,0.8253153825130174,4.154666332993656,0.25,uniform,annual,"2020,2021",data/capacity_weights_pre_and_covid_by_year,20260723T010736Z-c3284c32,8,19.86470611367887,6.501817900122495,13.36288821355638,covid,COVID (2020-2021),results/covid_era_spatial_resolution/covid/model_results.csv
lt,data/country_weather_by_era/covid/weather_era5_lt_uniform_0p25deg.csv,17542,14033,3509,2021-08-07 17:00:00+00:00,2021-12-31 21:00:00+00:00,regression,GradientBoosting,r2,-0.0328601730533388,0.7602099605507785,0.7930701336041174,3.972018958011176,0.25,uniform,annual,"2020,2021",data/capacity_weights_pre_and_covid_by_year,20260723T010736Z-c3284c32,8,7.983244157714869,3.845049992265291,4.138194165449577,covid,COVID (2020-2021),results/covid_era_spatial_resolution/covid/model_results.csv
lv,data/country_weather_by_era/covid/weather_era5_lv_uniform_0p25deg.csv,17531,14024,3507,2021-08-07 16:00:00+00:00,2021-12-31 21:00:00+00:00,regression,GradientBoosting,r2,0.3188691399973689,0.2733620758385395,-0.0455070641588293,4.797266417008359,0.25,uniform,annual,"2020,2021",data/capacity_weights_pre_and_covid_by_year,20260723T010736Z-c3284c32,8,12.936024187535656,13.559503265326596,-0.6234790777909396,covid,COVID (2020-2021),results/covid_era_spatial_resolution/covid/model_results.csv
nl,data/country_weather_by_era/covid/weather_era5_nl_uniform_0p25deg.csv,17543,14034,3509,2021-08-07 18:00:00+00:00,2021-12-31 22:00:00+00:00,regression,GradientBoosting,r2,-0.0497418431379457,0.6630482960011119,0.7127901391390576,0.446928791992832,0.25,uniform,annual,"2020,2021",data/capacity_weights_pre_and_covid_by_year,20260723T010736Z-c3284c32,8,7.729055111111219,4.179666100065124,3.5493890110460944,covid,COVID (2020-2021),results/covid_era_spatial_resolution/covid/model_results.csv
pt,data/country_weather_by_era/covid/weather_era5_pt_uniform_0p25deg.csv,17544,14035,3509,2021-08-07 19:00:00+00:00,2021-12-31 23:00:00+00:00,regression,GradientBoosting,r2,0.0959434369856228,0.5362193435678163,0.4402759065821935,4.7196453750366345,0.25,uniform,annual,"2020,2021",data/capacity_weights_pre_and_covid_by_year,20260723T010736Z-c3284c32,8,14.874241054271664,10.489603773279974,4.38463728099169,covid,COVID (2020-2021),results/covid_era_spatial_resolution/covid/model_results.csv
ro,data/country_weather_by_era/covid/weather_era5_ro_uniform_0p25deg.csv,17465,13972,3493,2021-08-07 23:00:00+00:00,2021-12-31 21:00:00+00:00,regression,GradientBoosting,r2,-0.3087405187003271,-0.1047195209920206,0.2040209977083065,4.729174166976009,0.25,uniform,annual,"2020,2021",data/capacity_weights_pre_and_covid_by_year,20260723T010736Z-c3284c32,8,9.15484266356598,8.174398246604575,0.9804444169614062,covid,COVID (2020-2021),results/covid_era_spatial_resolution/covid/model_results.csv
rs,data/country_weather_by_era/covid/weather_era5_rs_uniform_0p25deg.csv,17543,14034,3509,2021-08-07 18:00:00+00:00,2021-12-31 22:00:00+00:00,regression,GradientBoosting,r2,0.0613799383367807,-0.0556623997680043,-0.1170423381047851,0.474461792036891,0.25,uniform,annual,"2020,2021",data/capacity_weights_pre_and_covid_by_year,20260723T010736Z-c3284c32,8,6.365585476243997,6.662784813140616,-0.297199336896619,covid,COVID (2020-2021),results/covid_era_spatial_resolution/covid/model_results.csv
si,data/country_weather_by_era/covid/weather_era5_si_uniform_0p25deg.csv,17543,14034,3509,2021-08-07 18:00:00+00:00,2021-12-31 22:00:00+00:00,regression,GradientBoosting,r2,-3.2216368540283815,-3.686579190982155,-0.4649423369537739,5.229063957987819,0.25,uniform,annual,"2020,2021",data/capacity_weights_pre_and_covid_by_year,20260723T010736Z-c3284c32,8,21.030639946159045,21.65240631181867,-0.6217663656596244,covid,COVID (2020-2021),results/covid_era_spatial_resolution/covid/model_results.csv
sk,data/country_weather_by_era/covid/weather_era5_sk_uniform_0p25deg.csv,17521,14016,3505,2021-08-07 18:00:00+00:00,2021-12-31 22:00:00+00:00,regression,GradientBoosting,r2,-0.6365269724771117,-0.8604173797902694,-0.2238904073131578,0.5338927499833517,0.25,uniform,annual,"2020,2021",data/capacity_weights_pre_and_covid_by_year,20260723T010736Z-c3284c32,8,5.585387797179459,5.888688207267773,-0.3033004100883136,covid,COVID (2020-2021),results/covid_era_spatial_resolution/covid/model_results.csv
at,data/country_weather_by_era/covid/weather_era5_at_uniform_0p5deg.csv,17543,14034,3509,2021-08-07 18:00:00+00:00,2021-12-31 22:00:00+00:00,regression,GradientBoosting,r2,0.0493763916275756,0.0474639100024235,-0.0019124816251521,4.221867041953374,0.5,uniform,annual,"2020,2021",data/capacity_weights_pre_and_covid_by_year,20260723T010736Z-c3284c32,8,16.098585927094398,15.95763709996642,0.1409488271279784,covid,COVID (2020-2021),results/covid_era_spatial_resolution/covid/model_results.csv
be,data/country_weather_by_era/covid/weather_era5_be_uniform_0p5deg.csv,17543,14034,3509,2021-08-07 18:00:00+00:00,2021-12-31 22:00:00+00:00,regression,GradientBoosting,r2,0.173854734817512,0.7943531096587378,0.6204983748412258,4.36613620800199,0.5,uniform,annual,"2020,2021",data/capacity_weights_pre_and_covid_by_year,20260723T010736Z-c3284c32,8,9.770141187088626,4.399550095435937,5.370591091652689,covid,COVID (2020-2021),results/covid_era_spatial_resolution/covid/model_results.csv
bg,data/country_weather_by_era/covid/weather_era5_bg_uniform_0p5deg.csv,17541,14032,3509,2021-08-07 17:00:00+00:00,2021-12-31 21:00:00+00:00,regression,GradientBoosting,r2,0.4012714293994806,0.5548269190258464,0.1535554896263657,0.5201078749960288,0.5,uniform,annual,"2020,2021",data/capacity_weights_pre_and_covid_by_year,20260723T010736Z-c3284c32,8,4.226175300381302,3.5989600621565385,0.6272152382247631,covid,COVID (2020-2021),results/covid_era_spatial_resolution/covid/model_results.csv
cz,data/country_weather_by_era/covid/weather_era5_cz_uniform_0p5deg.csv,17543,14034,3509,2021-08-07 18:00:00+00:00,2021-12-31 22:00:00+00:00,regression,GradientBoosting,r2,0.5813499368485525,0.7755329853696912,0.1941830485211386,0.5339169169892557,0.5,uniform,annual,"2020,2021",data/capacity_weights_pre_and_covid_by_year,20260723T010736Z-c3284c32,8,2.4237061594800866,1.8538552727414623,0.5698508867386243,covid,COVID (2020-2021),results/covid_era_spatial_resolution/covid/model_results.csv
de,data/country_weather_by_era/covid/weather_era5_de_uniform_0p5deg.csv,17543,14034,3509,2021-08-07 18:00:00+00:00,2021-12-31 22:00:00+00:00,regression,GradientBoosting,r2,0.1927430200173079,0.8894979379521212,0.6967549179348133,5.061312292004004,0.5,uniform,annual,"2020,2021",data/capacity_weights_pre_and_covid_by_year,20260723T010736Z-c3284c32,8,12.755157385307024,4.551033507516393,8.204123877790632,covid,COVID (2020-2021),results/covid_era_spatial_resolution/covid/model_results.csv
dk,data/country_weather_by_era/covid/weather_era5_dk_uniform_0p5deg.csv,17542,14033,3509,2021-08-07 18:00:00+00:00,2021-12-31 22:00:00+00:00,regression,GradientBoosting,r2,-0.1113835881322431,0.7020204512291446,0.8134040393613877,5.374213957984466,0.5,uniform,annual,"2020,2021",data/capacity_weights_pre_and_covid_by_year,20260723T010736Z-c3284c32,8,25.83693439716621,12.97288395338644,12.864050443779773,covid,COVID (2020-2021),results/covid_era_spatial_resolution/covid/model_results.csv
es,data/country_weather_by_era/covid/weather_era5_es_uniform_0p5deg.csv,17542,14033,3509,2021-08-07 18:00:00+00:00,2021-12-31 22:00:00+00:00,regression,GradientBoosting,r2,0.1980391019031161,0.7249043035712934,0.5268652016681773,5.294162208039779,0.5,uniform,annual,"2020,2021",data/capacity_weights_pre_and_covid_by_year,20260723T010736Z-c3284c32,8,11.541325199159626,6.646045212744733,4.895279986414893,covid,COVID (2020-2021),results/covid_era_spatial_resolution/covid/model_results.csv
fr,data/country_weather_by_era/covid/weather_era5_fr_uniform_0p5deg.csv,17532,14025,3507,2021-08-07 16:00:00+00:00,2021-12-31 22:00:00+00:00,regression,GradientBoosting,r2,0.0655894875499037,0.6794553590214341,0.6138658714715303,0.5099782079923898,0.5,uniform,annual,"2020,2021",data/capacity_weights_pre_and_covid_by_year,20260723T010736Z-c3284c32,8,5.305004081063631,3.08381575663711,2.221188324426521,covid,COVID (2020-2021),results/covid_era_spatial_resolution/covid/model_results.csv
gr,data/country_weather_by_era/covid/weather_era5_gr_uniform_0p5deg.csv,17538,14030,3508,2021-08-07 18:00:00+00:00,2021-12-31 21:00:00+00:00,regression,GradientBoosting,r2,-0.0511045133133116,0.5354740859094504,0.5865785992227621,4.697813667007722,0.5,uniform,annual,"2020,2021",data/capacity_weights_pre_and_covid_by_year,20260723T010736Z-c3284c32,8,13.56366539383814,8.857724930291262,4.705940463546877,covid,COVID (2020-2021),results/covid_era_spatial_resolution/covid/model_results.csv
hr,data/country_weather_by_era/covid/weather_era5_hr_uniform_0p5deg.csv,17543,14034,3509,2021-08-07 18:00:00+00:00,2021-12-31 22:00:00+00:00,regression,GradientBoosting,r2,0.2765515229617151,0.335808928161741,0.0592574052000258,4.761598791985307,0.5,uniform,annual,"2020,2021",data/capacity_weights_pre_and_covid_by_year,20260723T010736Z-c3284c32,8,11.987408999499058,11.148019384446776,0.8393896150522817,covid,COVID (2020-2021),results/covid_era_spatial_resolution/covid/model_results.csv
ie,data/country_weather_by_era/covid/weather_era5_ie_uniform_0p5deg.csv,17235,13788,3447,2021-08-03 14:00:00+00:00,2021-12-31 23:00:00+00:00,regression,GradientBoosting,r2,0.046229080440292,0.8683711398664751,0.822142059426183,4.145933042047545,0.5,uniform,annual,"2020,2021",data/capacity_weights_pre_and_covid_by_year,20260723T010736Z-c3284c32,8,19.86470611367887,6.523410589942279,13.341295523736594,covid,COVID (2020-2021),results/covid_era_spatial_resolution/covid/model_results.csv
lt,data/country_weather_by_era/covid/weather_era5_lt_uniform_0p5deg.csv,17542,14033,3509,2021-08-07 17:00:00+00:00,2021-12-31 21:00:00+00:00,regression,GradientBoosting,r2,-0.0328601730533388,0.7642505321604333,0.7971107052137721,3.9607947079930454,0.5,uniform,annual,"2020,2021",data/capacity_weights_pre_and_covid_by_year,20260723T010736Z-c3284c32,8,7.983244157714869,3.812234333448809,4.17100982426606,covid,COVID (2020-2021),results/covid_era_spatial_resolution/covid/model_results.csv
lv,data/country_weather_by_era/covid/weather_era5_lv_uniform_0p5deg.csv,17531,14024,3507,2021-08-07 16:00:00+00:00,2021-12-31 21:00:00+00:00,regression,GradientBoosting,r2,0.3188691399973689,0.2775989168187308,-0.041270223178638,4.637605791038368,0.5,uniform,annual,"2020,2021",data/capacity_weights_pre_and_covid_by_year,20260723T010736Z-c3284c32,8,12.936024187535656,13.585056915572038,-0.6490327280363815,covid,COVID (2020-2021),results/covid_era_spatial_resolution/covid/model_results.csv
nl,data/country_weather_by_era/covid/weather_era5_nl_uniform_0p5deg.csv,17543,14034,3509,2021-08-07 18:00:00+00:00,2021-12-31 22:00:00+00:00,regression,GradientBoosting,r2,-0.0497418431379457,0.6644280016796864,0.7141698448176321,0.4634887499851174,0.5,uniform,annual,"2020,2021",data/capacity_weights_pre_and_covid_by_year,20260723T010736Z-c3284c32,8,7.729055111111219,4.17405338921817,3.5550017218930483,covid,COVID (2020-2021),results/covid_era_spatial_resolution/covid/model_results.csv
pt,data/country_weather_by_era/covid/weather_era5_pt_uniform_0p5deg.csv,17544,14035,3509,2021-08-07 19:00:00+00:00,2021-12-31 23:00:00+00:00,regression,GradientBoosting,r2,0.0959434369856228,0.542210143011385,0.4462667060257622,4.685842000006232,0.5,uniform,annual,"2020,2021",data/capacity_weights_pre_and_covid_by_year,20260723T010736Z-c3284c32,8,14.874241054271664,10.398308344024116,4.475932710247548,covid,COVID (2020-2021),results/covid_era_spatial_resolution/covid/model_results.csv
ro,data/country_weather_by_era/covid/weather_era5_ro_uniform_0p5deg.csv,17465,13972,3493,2021-08-07 23:00:00+00:00,2021-12-31 21:00:00+00:00,regression,GradientBoosting,r2,-0.3087405187003271,-0.1469807364149551,0.161759782285372,4.74358112498885,0.5,uniform,annual,"2020,2021",data/capacity_weights_pre_and_covid_by_year,20260723T010736Z-c3284c32,8,9.15484266356598,8.332715829668741,0.8221268338972401,covid,COVID (2020-2021),results/covid_era_spatial_resolution/covid/model_results.csv
rs,data/country_weather_by_era/covid/weather_era5_rs_uniform_0p5deg.csv,17543,14034,3509,2021-08-07 18:00:00+00:00,2021-12-31 22:00:00+00:00,regression,GradientBoosting,r2,0.0613799383367807,-0.0545867950872478,-0.1159667334240286,0.46781874995213,0.5,uniform,annual,"2020,2021",data/capacity_weights_pre_and_covid_by_year,20260723T010736Z-c3284c32,8,6.365585476243997,6.650358528875196,-0.2847730526311984,covid,COVID (2020-2021),results/covid_era_spatial_resolution/covid/model_results.csv
si,data/country_weather_by_era/covid/weather_era5_si_uniform_0p5deg.csv,17543,14034,3509,2021-08-07 18:00:00+00:00,2021-12-31 22:00:00+00:00,regression,GradientBoosting,r2,-3.2216368540283815,-3.6588332257368936,-0.4371963717085121,5.07807595905615,0.5,uniform,annual,"2020,2021",data/capacity_weights_pre_and_covid_by_year,20260723T010736Z-c3284c32,8,21.030639946159045,21.63238499438997,-0.6017450482309243,covid,COVID (2020-2021),results/covid_era_spatial_resolution/covid/model_results.csv
sk,data/country_weather_by_era/covid/weather_era5_sk_uniform_0p5deg.csv,17521,14016,3505,2021-08-07 18:00:00+00:00,2021-12-31 22:00:00+00:00,regression,GradientBoosting,r2,-0.6365269724771117,-0.8702559372771013,-0.2337289647999896,0.5256749579566531,0.5,uniform,annual,"2020,2021",data/capacity_weights_pre_and_covid_by_year,20260723T010736Z-c3284c32,8,5.585387797179459,5.917759902540322,-0.3323721053608626,covid,COVID (2020-2021),results/covid_era_spatial_resolution/covid/model_results.csv
at,data/country_weather_by_era/covid/weather_era5_at_uniform_1p0deg.csv,17543,14034,3509,2021-08-07 18:00:00+00:00,2021-12-31 22:00:00+00:00,regression,GradientBoosting,r2,0.0493763916275756,0.0390402706139173,-0.0103361210136583,3.7506190830026753,1.0,uniform,annual,"2020,2021",data/capacity_weights_pre_and_covid_by_year,20260723T010736Z-c3284c32,8,16.098585927094398,16.03122794629529,0.0673579807991089,covid,COVID (2020-2021),results/covid_era_spatial_resolution/covid/model_results.csv
be,data/country_weather_by_era/covid/weather_era5_be_uniform_1p0deg.csv,17543,14034,3509,2021-08-07 18:00:00+00:00,2021-12-31 22:00:00+00:00,regression,GradientBoosting,r2,0.173854734817512,0.7792904163733188,0.6054356815558067,4.302330582984723,1.0,uniform,annual,"2020,2021",data/capacity_weights_pre_and_covid_by_year,20260723T010736Z-c3284c32,8,9.770141187088626,4.581985926626554,5.188155260462072,covid,COVID (2020-2021),results/covid_era_spatial_resolution/covid/model_results.csv
bg,data/country_weather_by_era/covid/weather_era5_bg_uniform_1p0deg.csv,17541,14032,3509,2021-08-07 17:00:00+00:00,2021-12-31 21:00:00+00:00,regression,GradientBoosting,r2,0.4012714293994806,0.5678561895595535,0.1665847601600729,0.5494392919936217,1.0,uniform,annual,"2020,2021",data/capacity_weights_pre_and_covid_by_year,20260723T010736Z-c3284c32,8,4.226175300381302,3.586502287211114,0.6396730131701878,covid,COVID (2020-2021),results/covid_era_spatial_resolution/covid/model_results.csv
cz,data/country_weather_by_era/covid/weather_era5_cz_uniform_1p0deg.csv,17543,14034,3509,2021-08-07 18:00:00+00:00,2021-12-31 22:00:00+00:00,regression,GradientBoosting,r2,0.5813499368485525,0.7783350674186419,0.1969851305700893,1.395951916987542,1.0,uniform,annual,"2020,2021",data/capacity_weights_pre_and_covid_by_year,20260723T010736Z-c3284c32,8,2.4237061594800866,1.842362475766868,0.5813436837132184,covid,COVID (2020-2021),results/covid_era_spatial_resolution/covid/model_results.csv
de,data/country_weather_by_era/covid/weather_era5_de_uniform_1p0deg.csv,17543,14034,3509,2021-08-07 18:00:00+00:00,2021-12-31 22:00:00+00:00,regression,GradientBoosting,r2,0.1927430200173079,0.8964401228869017,0.7036971028695937,5.079754874983337,1.0,uniform,annual,"2020,2021",data/capacity_weights_pre_and_covid_by_year,20260723T010736Z-c3284c32,8,12.755157385307024,4.367518303563249,8.387639081743774,covid,COVID (2020-2021),results/covid_era_spatial_resolution/covid/model_results.csv
dk,data/country_weather_by_era/covid/weather_era5_dk_uniform_1p0deg.csv,17542,14033,3509,2021-08-07 18:00:00+00:00,2021-12-31 22:00:00+00:00,regression,GradientBoosting,r2,-0.1113835881322431,0.6992104342228985,0.8105940223551417,5.420578332967125,1.0,uniform,annual,"2020,2021",data/capacity_weights_pre_and_covid_by_year,20260723T010736Z-c3284c32,8,25.83693439716621,13.043315941497308,12.793618455668904,covid,COVID (2020-2021),results/covid_era_spatial_resolution/covid/model_results.csv
es,data/country_weather_by_era/covid/weather_era5_es_uniform_1p0deg.csv,17542,14033,3509,2021-08-07 18:00:00+00:00,2021-12-31 22:00:00+00:00,regression,GradientBoosting,r2,0.1980391019031161,0.7222890509245103,0.5242499490213942,5.0702262909617275,1.0,uniform,annual,"2020,2021",data/capacity_weights_pre_and_covid_by_year,20260723T010736Z-c3284c32,8,11.541325199159626,6.656560733186228,4.884764465973398,covid,COVID (2020-2021),results/covid_era_spatial_resolution/covid/model_results.csv
fr,data/country_weather_by_era/covid/weather_era5_fr_uniform_1p0deg.csv,17532,14025,3507,2021-08-07 16:00:00+00:00,2021-12-31 22:00:00+00:00,regression,GradientBoosting,r2,0.0655894875499037,0.6853354750667331,0.6197459875168293,0.5154899579938501,1.0,uniform,annual,"2020,2021",data/capacity_weights_pre_and_covid_by_year,20260723T010736Z-c3284c32,8,5.305004081063631,3.067672065309878,2.237332015753753,covid,COVID (2020-2021),results/covid_era_spatial_resolution/covid/model_results.csv
gr,data/country_weather_by_era/covid/weather_era5_gr_uniform_1p0deg.csv,17538,14030,3508,2021-08-07 18:00:00+00:00,2021-12-31 21:00:00+00:00,regression,GradientBoosting,r2,-0.0511045133133116,0.5539293133860377,0.6050338266993494,4.863546499982476,1.0,uniform,annual,"2020,2021",data/capacity_weights_pre_and_covid_by_year,20260723T010736Z-c3284c32,8,13.56366539383814,8.718592823553086,4.845072570285053,covid,COVID (2020-2021),results/covid_era_spatial_resolution/covid/model_results.csv
hr,data/country_weather_by_era/covid/weather_era5_hr_uniform_1p0deg.csv,17543,14034,3509,2021-08-07 18:00:00+00:00,2021-12-31 22:00:00+00:00,regression,GradientBoosting,r2,0.2765515229617151,0.3452161412412646,0.0686646182795495,4.946356208005454,1.0,uniform,annual,"2020,2021",data/capacity_weights_pre_and_covid_by_year,20260723T010736Z-c3284c32,8,11.987408999499058,11.195754057114607,0.7916549423844508,covid,COVID (2020-2021),results/covid_era_spatial_resolution/covid/model_results.csv
ie,data/country_weather_by_era/covid/weather_era5_ie_uniform_1p0deg.csv,17235,13788,3447,2021-08-03 14:00:00+00:00,2021-12-31 23:00:00+00:00,regression,GradientBoosting,r2,0.046229080440292,0.8313747963713924,0.7851457159311004,4.145761708030477,1.0,uniform,annual,"2020,2021",data/capacity_weights_pre_and_covid_by_year,20260723T010736Z-c3284c32,8,19.86470611367887,7.471203524358304,12.39350258932057,covid,COVID (2020-2021),results/covid_era_spatial_resolution/covid/model_results.csv
lt,data/country_weather_by_era/covid/weather_era5_lt_uniform_1p0deg.csv,17542,14033,3509,2021-08-07 17:00:00+00:00,2021-12-31 21:00:00+00:00,regression,GradientBoosting,r2,-0.0328601730533388,0.7392128928167128,0.7720730658700516,3.8739269169745967,1.0,uniform,annual,"2020,2021",data/capacity_weights_pre_and_covid_by_year,20260723T010736Z-c3284c32,8,7.983244157714869,4.00688433286565,3.9763598248492182,covid,COVID (2020-2021),results/covid_era_spatial_resolution/covid/model_results.csv
lv,data/country_weather_by_era/covid/weather_era5_lv_uniform_1p0deg.csv,17531,14024,3507,2021-08-07 16:00:00+00:00,2021-12-31 21:00:00+00:00,regression,GradientBoosting,r2,0.3188691399973689,0.2855496626544693,-0.0333194773428995,4.881342000036966,1.0,uniform,annual,"2020,2021",data/capacity_weights_pre_and_covid_by_year,20260723T010736Z-c3284c32,8,12.936024187535656,13.479272556673685,-0.5432483691380288,covid,COVID (2020-2021),results/covid_era_spatial_resolution/covid/model_results.csv
nl,data/country_weather_by_era/covid/weather_era5_nl_uniform_1p0deg.csv,17543,14034,3509,2021-08-07 18:00:00+00:00,2021-12-31 22:00:00+00:00,regression,GradientBoosting,r2,-0.0497418431379457,0.6725260279520907,0.7222678710900364,0.4450505410204641,1.0,uniform,annual,"2020,2021",data/capacity_weights_pre_and_covid_by_year,20260723T010736Z-c3284c32,8,7.729055111111219,4.086520482932268,3.642534628178951,covid,COVID (2020-2021),results/covid_era_spatial_resolution/covid/model_results.csv
pt,data/country_weather_by_era/covid/weather_era5_pt_uniform_1p0deg.csv,17544,14035,3509,2021-08-07 19:00:00+00:00,2021-12-31 23:00:00+00:00,regression,GradientBoosting,r2,0.0959434369856228,0.5408594452384472,0.4449160082528244,4.5936039999942295,1.0,uniform,annual,"2020,2021",data/capacity_weights_pre_and_covid_by_year,20260723T010736Z-c3284c32,8,14.874241054271664,10.428202975784869,4.446038078486797,covid,COVID (2020-2021),results/covid_era_spatial_resolution/covid/model_results.csv
ro,data/country_weather_by_era/covid/weather_era5_ro_uniform_1p0deg.csv,17465,13972,3493,2021-08-07 23:00:00+00:00,2021-12-31 21:00:00+00:00,regression,GradientBoosting,r2,-0.3087405187003271,-0.1128701693301021,0.1958703493702249,4.2136694170185365,1.0,uniform,annual,"2020,2021",data/capacity_weights_pre_and_covid_by_year,20260723T010736Z-c3284c32,8,9.15484266356598,8.281087799632207,0.8737548639337742,covid,COVID (2020-2021),results/covid_era_spatial_resolution/covid/model_results.csv
rs,data/country_weather_by_era/covid/weather_era5_rs_uniform_1p0deg.csv,17543,14034,3509,2021-08-07 18:00:00+00:00,2021-12-31 22:00:00+00:00,regression,GradientBoosting,r2,0.0613799383367807,-0.0724177879190257,-0.1337977262558065,0.4425765000050887,1.0,uniform,annual,"2020,2021",data/capacity_weights_pre_and_covid_by_year,20260723T010736Z-c3284c32,8,6.365585476243997,6.696357671701967,-0.3307721954579694,covid,COVID (2020-2021),results/covid_era_spatial_resolution/covid/model_results.csv
si,data/country_weather_by_era/covid/weather_era5_si_uniform_1p0deg.csv,17543,14034,3509,2021-08-07 18:00:00+00:00,2021-12-31 22:00:00+00:00,regression,GradientBoosting,r2,-3.2216368540283815,-3.651138979862115,-0.4295021258337339,5.188723833009135,1.0,uniform,annual,"2020,2021",data/capacity_weights_pre_and_covid_by_year,20260723T010736Z-c3284c32,8,21.030639946159045,21.620570999273287,-0.5899310531142419,covid,COVID (2020-2021),results/covid_era_spatial_resolution/covid/model_results.csv
sk,data/country_weather_by_era/covid/weather_era5_sk_uniform_1p0deg.csv,17521,14016,3505,2021-08-07 18:00:00+00:00,2021-12-31 22:00:00+00:00,regression,GradientBoosting,r2,-0.6365269724771117,-0.8742679811636052,-0.2377410086864935,0.5205520000308752,1.0,uniform,annual,"2020,2021",data/capacity_weights_pre_and_covid_by_year,20260723T010736Z-c3284c32,8,5.585387797179459,5.8832372532932755,-0.2978494561138163,covid,COVID (2020-2021),results/covid_era_spatial_resolution/covid/model_results.csv
at,data/country_weather_by_era/covid/weather_era5_at_uniform_2p0deg.csv,17543,14034,3509,2021-08-07 18:00:00+00:00,2021-12-31 22:00:00+00:00,regression,GradientBoosting,r2,0.0493763916275756,0.0719722640495742,0.0225958724219985,3.675035582971759,2.0,uniform,annual,"2020,2021",data/capacity_weights_pre_and_covid_by_year,20260723T010736Z-c3284c32,8,16.098585927094398,15.787285559036183,0.3113003680582142,covid,COVID (2020-2021),results/covid_era_spatial_resolution/covid/model_results.csv
be,data/country_weather_by_era/covid/weather_era5_be_uniform_2p0deg.csv,17543,14034,3509,2021-08-07 18:00:00+00:00,2021-12-31 22:00:00+00:00,regression,GradientBoosting,r2,0.173854734817512,0.7946850775588068,0.6208303427412948,4.257842582999729,2.0,uniform,annual,"2020,2021",data/capacity_weights_pre_and_covid_by_year,20260723T010736Z-c3284c32,8,9.770141187088626,4.390781492484794,5.379359694603832,covid,COVID (2020-2021),results/covid_era_spatial_resolution/covid/model_results.csv
bg,data/country_weather_by_era/covid/weather_era5_bg_uniform_2p0deg.csv,17541,14032,3509,2021-08-07 17:00:00+00:00,2021-12-31 21:00:00+00:00,regression,GradientBoosting,r2,0.4012714293994806,0.5674265785124746,0.166155149112994,0.5371551669668406,2.0,uniform,annual,"2020,2021",data/capacity_weights_pre_and_covid_by_year,20260723T010736Z-c3284c32,8,4.226175300381302,3.542525217062068,0.6836500833192334,covid,COVID (2020-2021),results/covid_era_spatial_resolution/covid/model_results.csv
cz,data/country_weather_by_era/covid/weather_era5_cz_uniform_2p0deg.csv,17543,14034,3509,2021-08-07 18:00:00+00:00,2021-12-31 22:00:00+00:00,regression,GradientBoosting,r2,0.5813499368485525,0.7756941750368445,0.1943442381882919,1.546309084049426,2.0,uniform,annual,"2020,2021",data/capacity_weights_pre_and_covid_by_year,20260723T010736Z-c3284c32,8,2.4237061594800866,1.8474267951599823,0.5762793643201041,covid,COVID (2020-2021),results/covid_era_spatial_resolution/covid/model_results.csv
de,data/country_weather_by_era/covid/weather_era5_de_uniform_2p0deg.csv,17543,14034,3509,2021-08-07 18:00:00+00:00,2021-12-31 22:00:00+00:00,regression,GradientBoosting,r2,0.1927430200173079,0.8726281615067897,0.6798851414894818,5.013159166963305,2.0,uniform,annual,"2020,2021",data/capacity_weights_pre_and_covid_by_year,20260723T010736Z-c3284c32,8,12.755157385307024,4.875300482426937,7.879856902880087,covid,COVID (2020-2021),results/covid_era_spatial_resolution/covid/model_results.csv
dk,data/country_weather_by_era/covid/weather_era5_dk_uniform_2p0deg.csv,17542,14033,3509,2021-08-07 18:00:00+00:00,2021-12-31 22:00:00+00:00,regression,GradientBoosting,r2,-0.1113835881322431,0.677808336721614,0.7891919248538571,5.457598084001802,2.0,uniform,annual,"2020,2021",data/capacity_weights_pre_and_covid_by_year,20260723T010736Z-c3284c32,8,25.83693439716621,13.37943391676801,12.4575004803982,covid,COVID (2020-2021),results/covid_era_spatial_resolution/covid/model_results.csv
es,data/country_weather_by_era/covid/weather_era5_es_uniform_2p0deg.csv,17542,14033,3509,2021-08-07 18:00:00+00:00,2021-12-31 22:00:00+00:00,regression,GradientBoosting,r2,0.1980391019031161,0.7458059475128307,0.5477668456097146,5.193632250011433,2.0,uniform,annual,"2020,2021",data/capacity_weights_pre_and_covid_by_year,20260723T010736Z-c3284c32,8,11.541325199159626,6.3352870106462555,5.206038188513371,covid,COVID (2020-2021),results/covid_era_spatial_resolution/covid/model_results.csv
fr,data/country_weather_by_era/covid/weather_era5_fr_uniform_2p0deg.csv,17532,14025,3507,2021-08-07 16:00:00+00:00,2021-12-31 22:00:00+00:00,regression,GradientBoosting,r2,0.0655894875499037,0.6824298540558014,0.6168403665058976,0.5824435829999857,2.0,uniform,annual,"2020,2021",data/capacity_weights_pre_and_covid_by_year,20260723T010736Z-c3284c32,8,5.305004081063631,3.088340070744184,2.216664010319447,covid,COVID (2020-2021),results/covid_era_spatial_resolution/covid/model_results.csv
gr,data/country_weather_by_era/covid/weather_era5_gr_uniform_2p0deg.csv,17538,14030,3508,2021-08-07 18:00:00+00:00,2021-12-31 21:00:00+00:00,regression,GradientBoosting,r2,-0.0511045133133116,0.5468957615452084,0.59800027485852,4.794379083032254,2.0,uniform,annual,"2020,2021",data/capacity_weights_pre_and_covid_by_year,20260723T010736Z-c3284c32,8,13.56366539383814,8.78177253031144,4.7818928635267,covid,COVID (2020-2021),results/covid_era_spatial_resolution/covid/model_results.csv
hr,data/country_weather_by_era/covid/weather_era5_hr_uniform_2p0deg.csv,17543,14034,3509,2021-08-07 18:00:00+00:00,2021-12-31 22:00:00+00:00,regression,GradientBoosting,r2,0.2765515229617151,0.3537207698743172,0.077169246912602,4.747785790998023,2.0,uniform,annual,"2020,2021",data/capacity_weights_pre_and_covid_by_year,20260723T010736Z-c3284c32,8,11.987408999499058,11.25984536569262,0.7275636338064366,covid,COVID (2020-2021),results/covid_era_spatial_resolution/covid/model_results.csv
ie,data/country_weather_by_era/covid/weather_era5_ie_uniform_2p0deg.csv,17235,13788,3447,2021-08-03 14:00:00+00:00,2021-12-31 23:00:00+00:00,regression,GradientBoosting,r2,0.046229080440292,0.7618785951491613,0.7156495147088693,4.218470958992839,2.0,uniform,annual,"2020,2021",data/capacity_weights_pre_and_covid_by_year,20260723T010736Z-c3284c32,8,19.86470611367887,8.885910420422537,10.978795693256338,covid,COVID (2020-2021),results/covid_era_spatial_resolution/covid/model_results.csv
lt,data/country_weather_by_era/covid/weather_era5_lt_uniform_2p0deg.csv,17542,14033,3509,2021-08-07 17:00:00+00:00,2021-12-31 21:00:00+00:00,regression,GradientBoosting,r2,-0.0328601730533388,0.7171430680413571,0.750003241094696,3.827650666993577,2.0,uniform,annual,"2020,2021",data/capacity_weights_pre_and_covid_by_year,20260723T010736Z-c3284c32,8,7.983244157714869,4.137719220258286,3.8455249374565823,covid,COVID (2020-2021),results/covid_era_spatial_resolution/covid/model_results.csv
lv,data/country_weather_by_era/covid/weather_era5_lv_uniform_2p0deg.csv,17531,14024,3507,2021-08-07 16:00:00+00:00,2021-12-31 21:00:00+00:00,regression,GradientBoosting,r2,0.3188691399973689,0.2822016318556593,-0.0366675081417096,4.918876624957193,2.0,uniform,annual,"2020,2021",data/capacity_weights_pre_and_covid_by_year,20260723T010736Z-c3284c32,8,12.936024187535656,13.545538660294696,-0.6095144727590398,covid,COVID (2020-2021),results/covid_era_spatial_resolution/covid/model_results.csv
nl,data/country_weather_by_era/covid/weather_era5_nl_uniform_2p0deg.csv,17543,14034,3509,2021-08-07 18:00:00+00:00,2021-12-31 22:00:00+00:00,regression,GradientBoosting,r2,-0.0497418431379457,0.6674385768617734,0.7171804199997192,0.4359006669837981,2.0,uniform,annual,"2020,2021",data/capacity_weights_pre_and_covid_by_year,20260723T010736Z-c3284c32,8,7.729055111111219,4.127568630516683,3.6014864805945352,covid,COVID (2020-2021),results/covid_era_spatial_resolution/covid/model_results.csv
pt,data/country_weather_by_era/covid/weather_era5_pt_uniform_2p0deg.csv,17544,14035,3509,2021-08-07 19:00:00+00:00,2021-12-31 23:00:00+00:00,regression,GradientBoosting,r2,0.0959434369856228,0.5395054525865228,0.4435620156009,4.603079874999821,2.0,uniform,annual,"2020,2021",data/capacity_weights_pre_and_covid_by_year,20260723T010736Z-c3284c32,8,14.874241054271664,10.472989956811928,4.4012510974597365,covid,COVID (2020-2021),results/covid_era_spatial_resolution/covid/model_results.csv
ro,data/country_weather_by_era/covid/weather_era5_ro_uniform_2p0deg.csv,17465,13972,3493,2021-08-07 23:00:00+00:00,2021-12-31 21:00:00+00:00,regression,GradientBoosting,r2,-0.3087405187003271,-0.0795854176875729,0.2291551010127541,4.236334707995411,2.0,uniform,annual,"2020,2021",data/capacity_weights_pre_and_covid_by_year,20260723T010736Z-c3284c32,8,9.15484266356598,8.080726862919716,1.0741158006462648,covid,COVID (2020-2021),results/covid_era_spatial_resolution/covid/model_results.csv
rs,data/country_weather_by_era/covid/weather_era5_rs_uniform_2p0deg.csv,17543,14034,3509,2021-08-07 18:00:00+00:00,2021-12-31 22:00:00+00:00,regression,GradientBoosting,r2,0.0613799383367807,-0.0693576815419478,-0.1307376198787286,0.4475852089817635,2.0,uniform,annual,"2020,2021",data/capacity_weights_pre_and_covid_by_year,20260723T010736Z-c3284c32,8,6.365585476243997,6.73928291643576,-0.373697440191763,covid,COVID (2020-2021),results/covid_era_spatial_resolution/covid/model_results.csv
si,data/country_weather_by_era/covid/weather_era5_si_uniform_2p0deg.csv,17543,14034,3509,2021-08-07 18:00:00+00:00,2021-12-31 22:00:00+00:00,regression,GradientBoosting,r2,-3.2216368540283815,-3.678400577892453,-0.4567637238640714,5.116358499974012,2.0,uniform,annual,"2020,2021",data/capacity_weights_pre_and_covid_by_year,20260723T010736Z-c3284c32,8,21.030639946159045,21.663933424767382,-0.6332934786083371,covid,COVID (2020-2021),results/covid_era_spatial_resolution/covid/model_results.csv
sk,data/country_weather_by_era/covid/weather_era5_sk_uniform_2p0deg.csv,17521,14016,3505,2021-08-07 18:00:00+00:00,2021-12-31 22:00:00+00:00,regression,GradientBoosting,r2,-0.6365269724771117,-0.8516468368506012,-0.2151198643734895,0.5385024169809185,2.0,uniform,annual,"2020,2021",data/capacity_weights_pre_and_covid_by_year,20260723T010736Z-c3284c32,8,5.585387797179459,5.843052563998278,-0.2576647668188192,covid,COVID (2020-2021),results/covid_era_spatial_resolution/covid/model_results.csv
at,data/country_weather_by_era/covid/weather_era5_at_uniform_0p25deg.csv,17543,14034,3509,2021-08-07 18:00:00+00:00,2021-12-31 22:00:00+00:00,regression,LightGBM,r2,0.0422113855757515,0.0275676921580537,-0.0146436934176977,4.388008792011533,0.25,uniform,annual,"2020,2021",data/capacity_weights_pre_and_covid_by_year,20260723T010736Z-c3284c32,8,16.13102984139921,16.13260430354798,-0.0015744621487669,covid,COVID (2020-2021),results/covid_era_spatial_resolution/covid/model_results.csv
be,data/country_weather_by_era/covid/weather_era5_be_uniform_0p25deg.csv,17543,14034,3509,2021-08-07 18:00:00+00:00,2021-12-31 22:00:00+00:00,regression,LightGBM,r2,0.1675467414797984,0.7659995025950705,0.5984527611152721,4.483756583998911,0.25,uniform,annual,"2020,2021",data/capacity_weights_pre_and_covid_by_year,20260723T010736Z-c3284c32,8,9.784687228291778,4.71692047329894,5.067766754992839,covid,COVID (2020-2021),results/covid_era_spatial_resolution/covid/model_results.csv
bg,data/country_weather_by_era/covid/weather_era5_bg_uniform_0p25deg.csv,17541,14032,3509,2021-08-07 17:00:00+00:00,2021-12-31 21:00:00+00:00,regression,LightGBM,r2,0.3976709538189161,0.5569192766069582,0.159248322788042,0.5451610829913989,0.25,uniform,annual,"2020,2021",data/capacity_weights_pre_and_covid_by_year,20260723T010736Z-c3284c32,8,4.226201839880811,3.61029045708,0.6159113828008111,covid,COVID (2020-2021),results/covid_era_spatial_resolution/covid/model_results.csv
cz,data/country_weather_by_era/covid/weather_era5_cz_uniform_0p25deg.csv,17543,14034,3509,2021-08-07 18:00:00+00:00,2021-12-31 22:00:00+00:00,regression,LightGBM,r2,0.581364386547248,0.7686806144376825,0.1873162278904345,0.5765787910204381,0.25,uniform,annual,"2020,2021",data/capacity_weights_pre_and_covid_by_year,20260723T010736Z-c3284c32,8,2.423705468127076,1.8812486845165548,0.5424567836105214,covid,COVID (2020-2021),results/covid_era_spatial_resolution/covid/model_results.csv
de,data/country_weather_by_era/covid/weather_era5_de_uniform_0p25deg.csv,17543,14034,3509,2021-08-07 18:00:00+00:00,2021-12-31 22:00:00+00:00,regression,LightGBM,r2,0.1890554475216719,0.8920833924148713,0.7030279448931994,4.523430957982782,0.25,uniform,annual,"2020,2021",data/capacity_weights_pre_and_covid_by_year,20260723T010736Z-c3284c32,8,12.734296292536891,4.55000824918924,8.184288043347653,covid,COVID (2020-2021),results/covid_era_spatial_resolution/covid/model_results.csv
dk,data/country_weather_by_era/covid/weather_era5_dk_uniform_0p25deg.csv,17542,14033,3509,2021-08-07 18:00:00+00:00,2021-12-31 22:00:00+00:00,regression,LightGBM,r2,-0.1227372464447775,0.7045058507689356,0.8272430972137131,5.301884958986193,0.25,uniform,annual,"2020,2021",data/capacity_weights_pre_and_covid_by_year,20260723T010736Z-c3284c32,8,25.91289797858493,12.977800473064836,12.935097505520089,covid,COVID (2020-2021),results/covid_era_spatial_resolution/covid/model_results.csv
es,data/country_weather_by_era/covid/weather_era5_es_uniform_0p25deg.csv,17542,14033,3509,2021-08-07 18:00:00+00:00,2021-12-31 22:00:00+00:00,regression,LightGBM,r2,0.1946643900470538,0.7090509786678749,0.5143865886208211,4.916589125001337,0.25,uniform,annual,"2020,2021",data/capacity_weights_pre_and_covid_by_year,20260723T010736Z-c3284c32,8,11.523697988539194,6.794378374812681,4.7293196137265126,covid,COVID (2020-2021),results/covid_era_spatial_resolution/covid/model_results.csv
fr,data/country_weather_by_era/covid/weather_era5_fr_uniform_0p25deg.csv,17532,14025,3507,2021-08-07 16:00:00+00:00,2021-12-31 22:00:00+00:00,regression,LightGBM,r2,0.0655266580911612,0.6751976234513586,0.6096709653601974,1.4524894589558244,0.25,uniform,annual,"2020,2021",data/capacity_weights_pre_and_covid_by_year,20260723T010736Z-c3284c32,8,5.2879000422490074,3.1366075548490153,2.151292487399992,covid,COVID (2020-2021),results/covid_era_spatial_resolution/covid/model_results.csv
gr,data/country_weather_by_era/covid/weather_era5_gr_uniform_0p25deg.csv,17538,14030,3508,2021-08-07 18:00:00+00:00,2021-12-31 21:00:00+00:00,regression,LightGBM,r2,-0.0670114948999256,0.5328234384281942,0.5998349333281199,4.564689541992266,0.25,uniform,annual,"2020,2021",data/capacity_weights_pre_and_covid_by_year,20260723T010736Z-c3284c32,8,13.634396234906122,8.880104888613083,4.754291346293039,covid,COVID (2020-2021),results/covid_era_spatial_resolution/covid/model_results.csv
hr,data/country_weather_by_era/covid/weather_era5_hr_uniform_0p25deg.csv,17543,14034,3509,2021-08-07 18:00:00+00:00,2021-12-31 22:00:00+00:00,regression,LightGBM,r2,0.2569454552944459,0.3030109271512132,0.0460654718567673,4.774842874961905,0.25,uniform,annual,"2020,2021",data/capacity_weights_pre_and_covid_by_year,20260723T010736Z-c3284c32,8,12.063795883505366,11.408842088626177,0.654953794879189,covid,COVID (2020-2021),results/covid_era_spatial_resolution/covid/model_results.csv
ie,data/country_weather_by_era/covid/weather_era5_ie_uniform_0p25deg.csv,17235,13788,3447,2021-08-03 14:00:00+00:00,2021-12-31 23:00:00+00:00,regression,LightGBM,r2,0.0309691262913429,0.8669904790768045,0.8360213527854615,4.154666332993656,0.25,uniform,annual,"2020,2021",data/capacity_weights_pre_and_covid_by_year,20260723T010736Z-c3284c32,8,19.95470024865127,6.62316762980596,13.331532618845312,covid,COVID (2020-2021),results/covid_era_spatial_resolution/covid/model_results.csv
lt,data/country_weather_by_era/covid/weather_era5_lt_uniform_0p25deg.csv,17542,14033,3509,2021-08-07 17:00:00+00:00,2021-12-31 21:00:00+00:00,regression,LightGBM,r2,-0.0633987618936442,0.7556563623907914,0.8190551242844356,3.972018958011176,0.25,uniform,annual,"2020,2021",data/capacity_weights_pre_and_covid_by_year,20260723T010736Z-c3284c32,8,8.086636283048058,3.897904690281507,4.188731592766551,covid,COVID (2020-2021),results/covid_era_spatial_resolution/covid/model_results.csv
lv,data/country_weather_by_era/covid/weather_era5_lv_uniform_0p25deg.csv,17531,14024,3507,2021-08-07 16:00:00+00:00,2021-12-31 21:00:00+00:00,regression,LightGBM,r2,0.3026545956869373,0.2536475947450073,-0.04900700094193,4.797266417008359,0.25,uniform,annual,"2020,2021",data/capacity_weights_pre_and_covid_by_year,20260723T010736Z-c3284c32,8,12.992739051881518,13.79182991698778,-0.7990908651062618,covid,COVID (2020-2021),results/covid_era_spatial_resolution/covid/model_results.csv
nl,data/country_weather_by_era/covid/weather_era5_nl_uniform_0p25deg.csv,17543,14034,3509,2021-08-07 18:00:00+00:00,2021-12-31 22:00:00+00:00,regression,LightGBM,r2,-0.0544104914447087,0.6632859615070272,0.717696452951736,0.446928791992832,0.25,uniform,annual,"2020,2021",data/capacity_weights_pre_and_covid_by_year,20260723T010736Z-c3284c32,8,7.741896547702485,4.185963928804266,3.555932618898219,covid,COVID (2020-2021),results/covid_era_spatial_resolution/covid/model_results.csv
pt,data/country_weather_by_era/covid/weather_era5_pt_uniform_0p25deg.csv,17544,14035,3509,2021-08-07 19:00:00+00:00,2021-12-31 23:00:00+00:00,regression,LightGBM,r2,0.078248252467673,0.5402187352146339,0.4619704827469608,4.7196453750366345,0.25,uniform,annual,"2020,2021",data/capacity_weights_pre_and_covid_by_year,20260723T010736Z-c3284c32,8,14.969037918507311,10.419104906055855,4.549933012451454,covid,COVID (2020-2021),results/covid_era_spatial_resolution/covid/model_results.csv
ro,data/country_weather_by_era/covid/weather_era5_ro_uniform_0p25deg.csv,17465,13972,3493,2021-08-07 23:00:00+00:00,2021-12-31 21:00:00+00:00,regression,LightGBM,r2,-0.3151065111993532,-0.2453622112085414,0.0697442999908117,4.729174166976009,0.25,uniform,annual,"2020,2021",data/capacity_weights_pre_and_covid_by_year,20260723T010736Z-c3284c32,8,9.112283293134851,8.588485661904674,0.5237976312301775,covid,COVID (2020-2021),results/covid_era_spatial_resolution/covid/model_results.csv
rs,data/country_weather_by_era/covid/weather_era5_rs_uniform_0p25deg.csv,17543,14034,3509,2021-08-07 18:00:00+00:00,2021-12-31 22:00:00+00:00,regression,LightGBM,r2,0.0227888220991842,-0.1071808802135236,-0.1299697023127078,0.474461792036891,0.25,uniform,annual,"2020,2021",data/capacity_weights_pre_and_covid_by_year,20260723T010736Z-c3284c32,8,6.4894207356373705,6.80532708447303,-0.315906348835659,covid,COVID (2020-2021),results/covid_era_spatial_resolution/covid/model_results.csv
si,data/country_weather_by_era/covid/weather_era5_si_uniform_0p25deg.csv,17543,14034,3509,2021-08-07 18:00:00+00:00,2021-12-31 22:00:00+00:00,regression,LightGBM,r2,-3.292681316945142,-3.68516034185119,-0.3924790249060477,5.229063957987819,0.25,uniform,annual,"2020,2021",data/capacity_weights_pre_and_covid_by_year,20260723T010736Z-c3284c32,8,21.18163495842748,21.609556005321377,-0.4279210468938963,covid,COVID (2020-2021),results/covid_era_spatial_resolution/covid/model_results.csv
sk,data/country_weather_by_era/covid/weather_era5_sk_uniform_0p25deg.csv,17521,14016,3505,2021-08-07 18:00:00+00:00,2021-12-31 22:00:00+00:00,regression,LightGBM,r2,-0.648077875715755,-0.9195100979205724,-0.2714322222048173,0.5338927499833517,0.25,uniform,annual,"2020,2021",data/capacity_weights_pre_and_covid_by_year,20260723T010736Z-c3284c32,8,5.588891697006814,5.940560000131682,-0.3516683031248675,covid,COVID (2020-2021),results/covid_era_spatial_resolution/covid/model_results.csv
at,data/country_weather_by_era/covid/weather_era5_at_uniform_0p5deg.csv,17543,14034,3509,2021-08-07 18:00:00+00:00,2021-12-31 22:00:00+00:00,regression,LightGBM,r2,0.0422113855757515,0.0023197209429016,-0.0398916646328498,4.221867041953374,0.5,uniform,annual,"2020,2021",data/capacity_weights_pre_and_covid_by_year,20260723T010736Z-c3284c32,8,16.13102984139921,16.205726151915638,-0.0746963105164262,covid,COVID (2020-2021),results/covid_era_spatial_resolution/covid/model_results.csv
be,data/country_weather_by_era/covid/weather_era5_be_uniform_0p5deg.csv,17543,14034,3509,2021-08-07 18:00:00+00:00,2021-12-31 22:00:00+00:00,regression,LightGBM,r2,0.1675467414797984,0.7901927948066374,0.622646053326839,4.36613620800199,0.5,uniform,annual,"2020,2021",data/capacity_weights_pre_and_covid_by_year,20260723T010736Z-c3284c32,8,9.784687228291778,4.453597684409633,5.331089543882145,covid,COVID (2020-2021),results/covid_era_spatial_resolution/covid/model_results.csv
bg,data/country_weather_by_era/covid/weather_era5_bg_uniform_0p5deg.csv,17541,14032,3509,2021-08-07 17:00:00+00:00,2021-12-31 21:00:00+00:00,regression,LightGBM,r2,0.3976709538189161,0.5502829479392604,0.1526119941203442,0.5201078749960288,0.5,uniform,annual,"2020,2021",data/capacity_weights_pre_and_covid_by_year,20260723T010736Z-c3284c32,8,4.226201839880811,3.6378256261911974,0.5883762136896133,covid,COVID (2020-2021),results/covid_era_spatial_resolution/covid/model_results.csv
cz,data/country_weather_by_era/covid/weather_era5_cz_uniform_0p5deg.csv,17543,14034,3509,2021-08-07 18:00:00+00:00,2021-12-31 22:00:00+00:00,regression,LightGBM,r2,0.581364386547248,0.7706953548894704,0.1893309683422224,0.5339169169892557,0.5,uniform,annual,"2020,2021",data/capacity_weights_pre_and_covid_by_year,20260723T010736Z-c3284c32,8,2.423705468127076,1.8597616940862969,0.5639437740407796,covid,COVID (2020-2021),results/covid_era_spatial_resolution/covid/model_results.csv
de,data/country_weather_by_era/covid/weather_era5_de_uniform_0p5deg.csv,17543,14034,3509,2021-08-07 18:00:00+00:00,2021-12-31 22:00:00+00:00,regression,LightGBM,r2,0.1890554475216719,0.8880370975758807,0.6989816500542088,5.061312292004004,0.5,uniform,annual,"2020,2021",data/capacity_weights_pre_and_covid_by_year,20260723T010736Z-c3284c32,8,12.734296292536891,4.594290341908509,8.140005950628385,covid,COVID (2020-2021),results/covid_era_spatial_resolution/covid/model_results.csv
dk,data/country_weather_by_era/covid/weather_era5_dk_uniform_0p5deg.csv,17542,14033,3509,2021-08-07 18:00:00+00:00,2021-12-31 22:00:00+00:00,regression,LightGBM,r2,-0.1227372464447775,0.6975122682792234,0.820249514724001,5.374213957984466,0.5,uniform,annual,"2020,2021",data/capacity_weights_pre_and_covid_by_year,20260723T010736Z-c3284c32,8,25.91289797858493,13.113040639164112,12.799857339420814,covid,COVID (2020-2021),results/covid_era_spatial_resolution/covid/model_results.csv
es,data/country_weather_by_era/covid/weather_era5_es_uniform_0p5deg.csv,17542,14033,3509,2021-08-07 18:00:00+00:00,2021-12-31 22:00:00+00:00,regression,LightGBM,r2,0.1946643900470538,0.7279035919441004,0.5332392018970465,5.294162208039779,0.5,uniform,annual,"2020,2021",data/capacity_weights_pre_and_covid_by_year,20260723T010736Z-c3284c32,8,11.523697988539194,6.582832682375108,4.940865306164086,covid,COVID (2020-2021),results/covid_era_spatial_resolution/covid/model_results.csv
fr,data/country_weather_by_era/covid/weather_era5_fr_uniform_0p5deg.csv,17532,14025,3507,2021-08-07 16:00:00+00:00,2021-12-31 22:00:00+00:00,regression,LightGBM,r2,0.0655266580911612,0.673929808788704,0.6084031506975428,0.5099782079923898,0.5,uniform,annual,"2020,2021",data/capacity_weights_pre_and_covid_by_year,20260723T010736Z-c3284c32,8,5.2879000422490074,3.129831452820997,2.1580685894280105,covid,COVID (2020-2021),results/covid_era_spatial_resolution/covid/model_results.csv
gr,data/country_weather_by_era/covid/weather_era5_gr_uniform_0p5deg.csv,17538,14030,3508,2021-08-07 18:00:00+00:00,2021-12-31 21:00:00+00:00,regression,LightGBM,r2,-0.0670114948999256,0.5328234384281942,0.5998349333281199,4.697813667007722,0.5,uniform,annual,"2020,2021",data/capacity_weights_pre_and_covid_by_year,20260723T010736Z-c3284c32,8,13.634396234906122,8.880104888613083,4.754291346293039,covid,COVID (2020-2021),results/covid_era_spatial_resolution/covid/model_results.csv
hr,data/country_weather_by_era/covid/weather_era5_hr_uniform_0p5deg.csv,17543,14034,3509,2021-08-07 18:00:00+00:00,2021-12-31 22:00:00+00:00,regression,LightGBM,r2,0.2569454552944459,0.3126603466485816,0.0557148913541357,4.761598791985307,0.5,uniform,annual,"2020,2021",data/capacity_weights_pre_and_covid_by_year,20260723T010736Z-c3284c32,8,12.063795883505366,11.355152589639388,0.708643293865979,covid,COVID (2020-2021),results/covid_era_spatial_resolution/covid/model_results.csv
ie,data/country_weather_by_era/covid/weather_era5_ie_uniform_0p5deg.csv,17235,13788,3447,2021-08-03 14:00:00+00:00,2021-12-31 23:00:00+00:00,regression,LightGBM,r2,0.0309691262913429,0.8652463050193585,0.8342771787280155,4.145933042047545,0.5,uniform,annual,"2020,2021",data/capacity_weights_pre_and_covid_by_year,20260723T010736Z-c3284c32,8,19.95470024865127,6.669949683779705,13.284750564871564,covid,COVID (2020-2021),results/covid_era_spatial_resolution/covid/model_results.csv
lt,data/country_weather_by_era/covid/weather_era5_lt_uniform_0p5deg.csv,17542,14033,3509,2021-08-07 17:00:00+00:00,2021-12-31 21:00:00+00:00,regression,LightGBM,r2,-0.0633987618936442,0.7556043584887963,0.8190031203824405,3.9607947079930454,0.5,uniform,annual,"2020,2021",data/capacity_weights_pre_and_covid_by_year,20260723T010736Z-c3284c32,8,8.086636283048058,3.9109139006907574,4.175722382357301,covid,COVID (2020-2021),results/covid_era_spatial_resolution/covid/model_results.csv
lv,data/country_weather_by_era/covid/weather_era5_lv_uniform_0p5deg.csv,17531,14024,3507,2021-08-07 16:00:00+00:00,2021-12-31 21:00:00+00:00,regression,LightGBM,r2,0.3026545956869373,0.2530936535587245,-0.0495609421282128,4.637605791038368,0.5,uniform,annual,"2020,2021",data/capacity_weights_pre_and_covid_by_year,20260723T010736Z-c3284c32,8,12.992739051881518,13.810361988615968,-0.8176229367344501,covid,COVID (2020-2021),results/covid_era_spatial_resolution/covid/model_results.csv
nl,data/country_weather_by_era/covid/weather_era5_nl_uniform_0p5deg.csv,17543,14034,3509,2021-08-07 18:00:00+00:00,2021-12-31 22:00:00+00:00,regression,LightGBM,r2,-0.0544104914447087,0.6617258128079737,0.7161363042526825,0.4634887499851174,0.5,uniform,annual,"2020,2021",data/capacity_weights_pre_and_covid_by_year,20260723T010736Z-c3284c32,8,7.741896547702485,4.185586668679849,3.5563098790226357,covid,COVID (2020-2021),results/covid_era_spatial_resolution/covid/model_results.csv
pt,data/country_weather_by_era/covid/weather_era5_pt_uniform_0p5deg.csv,17544,14035,3509,2021-08-07 19:00:00+00:00,2021-12-31 23:00:00+00:00,regression,LightGBM,r2,0.078248252467673,0.5416924998559289,0.4634442473882558,4.685842000006232,0.5,uniform,annual,"2020,2021",data/capacity_weights_pre_and_covid_by_year,20260723T010736Z-c3284c32,8,14.969037918507311,10.419273378546173,4.549764539961139,covid,COVID (2020-2021),results/covid_era_spatial_resolution/covid/model_results.csv
ro,data/country_weather_by_era/covid/weather_era5_ro_uniform_0p5deg.csv,17465,13972,3493,2021-08-07 23:00:00+00:00,2021-12-31 21:00:00+00:00,regression,LightGBM,r2,-0.3151065111993532,-0.2314160802130556,0.0836904309862975,4.74358112498885,0.5,uniform,annual,"2020,2021",data/capacity_weights_pre_and_covid_by_year,20260723T010736Z-c3284c32,8,9.112283293134851,8.586167716770978,0.526115576363873,covid,COVID (2020-2021),results/covid_era_spatial_resolution/covid/model_results.csv
rs,data/country_weather_by_era/covid/weather_era5_rs_uniform_0p5deg.csv,17543,14034,3509,2021-08-07 18:00:00+00:00,2021-12-31 22:00:00+00:00,regression,LightGBM,r2,0.0227888220991842,-0.1037907786436698,-0.126579600742854,0.46781874995213,0.5,uniform,annual,"2020,2021",data/capacity_weights_pre_and_covid_by_year,20260723T010736Z-c3284c32,8,6.4894207356373705,6.793939454846442,-0.3045187192090717,covid,COVID (2020-2021),results/covid_era_spatial_resolution/covid/model_results.csv
si,data/country_weather_by_era/covid/weather_era5_si_uniform_0p5deg.csv,17543,14034,3509,2021-08-07 18:00:00+00:00,2021-12-31 22:00:00+00:00,regression,LightGBM,r2,-3.292681316945142,-3.759821123128561,-0.4671398061834191,5.07807595905615,0.5,uniform,annual,"2020,2021",data/capacity_weights_pre_and_covid_by_year,20260723T010736Z-c3284c32,8,21.18163495842748,21.728897954839013,-0.5472629964115328,covid,COVID (2020-2021),results/covid_era_spatial_resolution/covid/model_results.csv
sk,data/country_weather_by_era/covid/weather_era5_sk_uniform_0p5deg.csv,17521,14016,3505,2021-08-07 18:00:00+00:00,2021-12-31 22:00:00+00:00,regression,LightGBM,r2,-0.648077875715755,-1.0053943677395345,-0.3573164920237792,0.5256749579566531,0.5,uniform,annual,"2020,2021",data/capacity_weights_pre_and_covid_by_year,20260723T010736Z-c3284c32,8,5.588891697006814,6.026128505429068,-0.437236808422254,covid,COVID (2020-2021),results/covid_era_spatial_resolution/covid/model_results.csv
at,data/country_weather_by_era/covid/weather_era5_at_uniform_1p0deg.csv,17543,14034,3509,2021-08-07 18:00:00+00:00,2021-12-31 22:00:00+00:00,regression,LightGBM,r2,0.0422113855757515,0.0096271858093659,-0.0325841997663856,3.7506190830026753,1.0,uniform,annual,"2020,2021",data/capacity_weights_pre_and_covid_by_year,20260723T010736Z-c3284c32,8,16.13102984139921,16.18394148979626,-0.0529116483970497,covid,COVID (2020-2021),results/covid_era_spatial_resolution/covid/model_results.csv
be,data/country_weather_by_era/covid/weather_era5_be_uniform_1p0deg.csv,17543,14034,3509,2021-08-07 18:00:00+00:00,2021-12-31 22:00:00+00:00,regression,LightGBM,r2,0.1675467414797984,0.7735593101024261,0.6060125686226276,4.302330582984723,1.0,uniform,annual,"2020,2021",data/capacity_weights_pre_and_covid_by_year,20260723T010736Z-c3284c32,8,9.784687228291778,4.612773653937017,5.171913574354761,covid,COVID (2020-2021),results/covid_era_spatial_resolution/covid/model_results.csv
bg,data/country_weather_by_era/covid/weather_era5_bg_uniform_1p0deg.csv,17541,14032,3509,2021-08-07 17:00:00+00:00,2021-12-31 21:00:00+00:00,regression,LightGBM,r2,0.3976709538189161,0.5549815261503408,0.1573105723314246,0.5494392919936217,1.0,uniform,annual,"2020,2021",data/capacity_weights_pre_and_covid_by_year,20260723T010736Z-c3284c32,8,4.226201839880811,3.61956673778266,0.6066351020981511,covid,COVID (2020-2021),results/covid_era_spatial_resolution/covid/model_results.csv
cz,data/country_weather_by_era/covid/weather_era5_cz_uniform_1p0deg.csv,17543,14034,3509,2021-08-07 18:00:00+00:00,2021-12-31 22:00:00+00:00,regression,LightGBM,r2,0.581364386547248,0.7705466792198018,0.1891822926725538,1.395951916987542,1.0,uniform,annual,"2020,2021",data/capacity_weights_pre_and_covid_by_year,20260723T010736Z-c3284c32,8,2.423705468127076,1.8679396669810708,0.5557658011460054,covid,COVID (2020-2021),results/covid_era_spatial_resolution/covid/model_results.csv
de,data/country_weather_by_era/covid/weather_era5_de_uniform_1p0deg.csv,17543,14034,3509,2021-08-07 18:00:00+00:00,2021-12-31 22:00:00+00:00,regression,LightGBM,r2,0.1890554475216719,0.897816124134565,0.7087606766128931,5.079754874983337,1.0,uniform,annual,"2020,2021",data/capacity_weights_pre_and_covid_by_year,20260723T010736Z-c3284c32,8,12.734296292536891,4.336543900852345,8.397752391684548,covid,COVID (2020-2021),results/covid_era_spatial_resolution/covid/model_results.csv
dk,data/country_weather_by_era/covid/weather_era5_dk_uniform_1p0deg.csv,17542,14033,3509,2021-08-07 18:00:00+00:00,2021-12-31 22:00:00+00:00,regression,LightGBM,r2,-0.1227372464447775,0.6886343718970345,0.811371618341812,5.420578332967125,1.0,uniform,annual,"2020,2021",data/capacity_weights_pre_and_covid_by_year,20260723T010736Z-c3284c32,8,25.91289797858493,13.256571564762057,12.656326413822873,covid,COVID (2020-2021),results/covid_era_spatial_resolution/covid/model_results.csv
es,data/country_weather_by_era/covid/weather_era5_es_uniform_1p0deg.csv,17542,14033,3509,2021-08-07 18:00:00+00:00,2021-12-31 22:00:00+00:00,regression,LightGBM,r2,0.1946643900470538,0.72315729696991,0.5284929069228562,5.0702262909617275,1.0,uniform,annual,"2020,2021",data/capacity_weights_pre_and_covid_by_year,20260723T010736Z-c3284c32,8,11.523697988539194,6.6486741883623415,4.875023800176852,covid,COVID (2020-2021),results/covid_era_spatial_resolution/covid/model_results.csv
fr,data/country_weather_by_era/covid/weather_era5_fr_uniform_1p0deg.csv,17532,14025,3507,2021-08-07 16:00:00+00:00,2021-12-31 22:00:00+00:00,regression,LightGBM,r2,0.0655266580911612,0.6765111437676983,0.6109844856765371,0.5154899579938501,1.0,uniform,annual,"2020,2021",data/capacity_weights_pre_and_covid_by_year,20260723T010736Z-c3284c32,8,5.2879000422490074,3.1090598718651545,2.178840170383853,covid,COVID (2020-2021),results/covid_era_spatial_resolution/covid/model_results.csv
gr,data/country_weather_by_era/covid/weather_era5_gr_uniform_1p0deg.csv,17538,14030,3508,2021-08-07 18:00:00+00:00,2021-12-31 21:00:00+00:00,regression,LightGBM,r2,-0.0670114948999256,0.5339739257122461,0.6009854206121718,4.863546499982476,1.0,uniform,annual,"2020,2021",data/capacity_weights_pre_and_covid_by_year,20260723T010736Z-c3284c32,8,13.634396234906122,8.841556231638137,4.792840003267985,covid,COVID (2020-2021),results/covid_era_spatial_resolution/covid/model_results.csv
hr,data/country_weather_by_era/covid/weather_era5_hr_uniform_1p0deg.csv,17543,14034,3509,2021-08-07 18:00:00+00:00,2021-12-31 22:00:00+00:00,regression,LightGBM,r2,0.2569454552944459,0.3072287717268698,0.0502833164324239,4.946356208005454,1.0,uniform,annual,"2020,2021",data/capacity_weights_pre_and_covid_by_year,20260723T010736Z-c3284c32,8,12.063795883505366,11.465171681656765,0.598624201848601,covid,COVID (2020-2021),results/covid_era_spatial_resolution/covid/model_results.csv
ie,data/country_weather_by_era/covid/weather_era5_ie_uniform_1p0deg.csv,17235,13788,3447,2021-08-03 14:00:00+00:00,2021-12-31 23:00:00+00:00,regression,LightGBM,r2,0.0309691262913429,0.8241987033766289,0.793229577085286,4.145761708030477,1.0,uniform,annual,"2020,2021",data/capacity_weights_pre_and_covid_by_year,20260723T010736Z-c3284c32,8,19.95470024865127,7.618831433453524,12.335868815197747,covid,COVID (2020-2021),results/covid_era_spatial_resolution/covid/model_results.csv
lt,data/country_weather_by_era/covid/weather_era5_lt_uniform_1p0deg.csv,17542,14033,3509,2021-08-07 17:00:00+00:00,2021-12-31 21:00:00+00:00,regression,LightGBM,r2,-0.0633987618936442,0.7392425031967989,0.8026412650904431,3.8739269169745967,1.0,uniform,annual,"2020,2021",data/capacity_weights_pre_and_covid_by_year,20260723T010736Z-c3284c32,8,8.086636283048058,4.0280292340790975,4.058607048968961,covid,COVID (2020-2021),results/covid_era_spatial_resolution/covid/model_results.csv
lv,data/country_weather_by_era/covid/weather_era5_lv_uniform_1p0deg.csv,17531,14024,3507,2021-08-07 16:00:00+00:00,2021-12-31 21:00:00+00:00,regression,LightGBM,r2,0.3026545956869373,0.2703204671101235,-0.0323341285768138,4.881342000036966,1.0,uniform,annual,"2020,2021",data/capacity_weights_pre_and_covid_by_year,20260723T010736Z-c3284c32,8,12.992739051881518,13.583479166143643,-0.5907401142621254,covid,COVID (2020-2021),results/covid_era_spatial_resolution/covid/model_results.csv
nl,data/country_weather_by_era/covid/weather_era5_nl_uniform_1p0deg.csv,17543,14034,3509,2021-08-07 18:00:00+00:00,2021-12-31 22:00:00+00:00,regression,LightGBM,r2,-0.0544104914447087,0.6675996480314226,0.7220101394761314,0.4450505410204641,1.0,uniform,annual,"2020,2021",data/capacity_weights_pre_and_covid_by_year,20260723T010736Z-c3284c32,8,7.741896547702485,4.119212871069593,3.6226836766328914,covid,COVID (2020-2021),results/covid_era_spatial_resolution/covid/model_results.csv
pt,data/country_weather_by_era/covid/weather_era5_pt_uniform_1p0deg.csv,17544,14035,3509,2021-08-07 19:00:00+00:00,2021-12-31 23:00:00+00:00,regression,LightGBM,r2,0.078248252467673,0.54743115802842,0.4691829055607469,4.5936039999942295,1.0,uniform,annual,"2020,2021",data/capacity_weights_pre_and_covid_by_year,20260723T010736Z-c3284c32,8,14.969037918507311,10.378604878298736,4.590433040208575,covid,COVID (2020-2021),results/covid_era_spatial_resolution/covid/model_results.csv
ro,data/country_weather_by_era/covid/weather_era5_ro_uniform_1p0deg.csv,17465,13972,3493,2021-08-07 23:00:00+00:00,2021-12-31 21:00:00+00:00,regression,LightGBM,r2,-0.3151065111993532,-0.1683288440687962,0.1467776671305569,4.2136694170185365,1.0,uniform,annual,"2020,2021",data/capacity_weights_pre_and_covid_by_year,20260723T010736Z-c3284c32,8,9.112283293134851,8.409824579590769,0.7024587135440825,covid,COVID (2020-2021),results/covid_era_spatial_resolution/covid/model_results.csv
rs,data/country_weather_by_era/covid/weather_era5_rs_uniform_1p0deg.csv,17543,14034,3509,2021-08-07 18:00:00+00:00,2021-12-31 22:00:00+00:00,regression,LightGBM,r2,0.0227888220991842,-0.1426695470500676,-0.1654583691492518,0.4425765000050887,1.0,uniform,annual,"2020,2021",data/capacity_weights_pre_and_covid_by_year,20260723T010736Z-c3284c32,8,6.4894207356373705,6.904160919704456,-0.4147401840670852,covid,COVID (2020-2021),results/covid_era_spatial_resolution/covid/model_results.csv
si,data/country_weather_by_era/covid/weather_era5_si_uniform_1p0deg.csv,17543,14034,3509,2021-08-07 18:00:00+00:00,2021-12-31 22:00:00+00:00,regression,LightGBM,r2,-3.292681316945142,-3.727787073631416,-0.4351057566862737,5.188723833009135,1.0,uniform,annual,"2020,2021",data/capacity_weights_pre_and_covid_by_year,20260723T010736Z-c3284c32,8,21.18163495842748,21.68188909913381,-0.5002541407063283,covid,COVID (2020-2021),results/covid_era_spatial_resolution/covid/model_results.csv
sk,data/country_weather_by_era/covid/weather_era5_sk_uniform_1p0deg.csv,17521,14016,3505,2021-08-07 18:00:00+00:00,2021-12-31 22:00:00+00:00,regression,LightGBM,r2,-0.648077875715755,-1.0243121549347731,-0.3762342792190181,0.5205520000308752,1.0,uniform,annual,"2020,2021",data/capacity_weights_pre_and_covid_by_year,20260723T010736Z-c3284c32,8,5.588891697006814,6.045798833164895,-0.4569071361580805,covid,COVID (2020-2021),results/covid_era_spatial_resolution/covid/model_results.csv
at,data/country_weather_by_era/covid/weather_era5_at_uniform_2p0deg.csv,17543,14034,3509,2021-08-07 18:00:00+00:00,2021-12-31 22:00:00+00:00,regression,LightGBM,r2,0.0422113855757515,0.0319674759422609,-0.0102439096334906,3.675035582971759,2.0,uniform,annual,"2020,2021",data/capacity_weights_pre_and_covid_by_year,20260723T010736Z-c3284c32,8,16.13102984139921,16.122402338605628,0.0086275027935833,covid,COVID (2020-2021),results/covid_era_spatial_resolution/covid/model_results.csv
be,data/country_weather_by_era/covid/weather_era5_be_uniform_2p0deg.csv,17543,14034,3509,2021-08-07 18:00:00+00:00,2021-12-31 22:00:00+00:00,regression,LightGBM,r2,0.1675467414797984,0.7892646369859495,0.6217178955061511,4.257842582999729,2.0,uniform,annual,"2020,2021",data/capacity_weights_pre_and_covid_by_year,20260723T010736Z-c3284c32,8,9.784687228291778,4.457743748470584,5.326943479821194,covid,COVID (2020-2021),results/covid_era_spatial_resolution/covid/model_results.csv
bg,data/country_weather_by_era/covid/weather_era5_bg_uniform_2p0deg.csv,17541,14032,3509,2021-08-07 17:00:00+00:00,2021-12-31 21:00:00+00:00,regression,LightGBM,r2,0.3976709538189161,0.5615440320125413,0.1638730781936251,0.5371551669668406,2.0,uniform,annual,"2020,2021",data/capacity_weights_pre_and_covid_by_year,20260723T010736Z-c3284c32,8,4.226201839880811,3.5779762372718915,0.6482256026089193,covid,COVID (2020-2021),results/covid_era_spatial_resolution/covid/model_results.csv
cz,data/country_weather_by_era/covid/weather_era5_cz_uniform_2p0deg.csv,17543,14034,3509,2021-08-07 18:00:00+00:00,2021-12-31 22:00:00+00:00,regression,LightGBM,r2,0.581364386547248,0.7718953545293016,0.1905309679820536,1.546309084049426,2.0,uniform,annual,"2020,2021",data/capacity_weights_pre_and_covid_by_year,20260723T010736Z-c3284c32,8,2.423705468127076,1.8588634746278256,0.5648419934992508,covid,COVID (2020-2021),results/covid_era_spatial_resolution/covid/model_results.csv
de,data/country_weather_by_era/covid/weather_era5_de_uniform_2p0deg.csv,17543,14034,3509,2021-08-07 18:00:00+00:00,2021-12-31 22:00:00+00:00,regression,LightGBM,r2,0.1890554475216719,0.8631101452953793,0.6740546977737074,5.013159166963305,2.0,uniform,annual,"2020,2021",data/capacity_weights_pre_and_covid_by_year,20260723T010736Z-c3284c32,8,12.734296292536891,5.025111249743816,7.709185042793077,covid,COVID (2020-2021),results/covid_era_spatial_resolution/covid/model_results.csv
dk,data/country_weather_by_era/covid/weather_era5_dk_uniform_2p0deg.csv,17542,14033,3509,2021-08-07 18:00:00+00:00,2021-12-31 22:00:00+00:00,regression,LightGBM,r2,-0.1227372464447775,0.665142767784061,0.7878800142288386,5.457598084001802,2.0,uniform,annual,"2020,2021",data/capacity_weights_pre_and_covid_by_year,20260723T010736Z-c3284c32,8,25.91289797858493,13.64018624962097,12.272711728963955,covid,COVID (2020-2021),results/covid_era_spatial_resolution/covid/model_results.csv
es,data/country_weather_by_era/covid/weather_era5_es_uniform_2p0deg.csv,17542,14033,3509,2021-08-07 18:00:00+00:00,2021-12-31 22:00:00+00:00,regression,LightGBM,r2,0.1946643900470538,0.7497498326932805,0.5550854426462267,5.193632250011433,2.0,uniform,annual,"2020,2021",data/capacity_weights_pre_and_covid_by_year,20260723T010736Z-c3284c32,8,11.523697988539194,6.306117078227575,5.217580910311619,covid,COVID (2020-2021),results/covid_era_spatial_resolution/covid/model_results.csv
fr,data/country_weather_by_era/covid/weather_era5_fr_uniform_2p0deg.csv,17532,14025,3507,2021-08-07 16:00:00+00:00,2021-12-31 22:00:00+00:00,regression,LightGBM,r2,0.0655266580911612,0.6816418835167455,0.6161152254255843,0.5824435829999857,2.0,uniform,annual,"2020,2021",data/capacity_weights_pre_and_covid_by_year,20260723T010736Z-c3284c32,8,5.2879000422490074,3.1087821817057955,2.179117860543212,covid,COVID (2020-2021),results/covid_era_spatial_resolution/covid/model_results.csv
gr,data/country_weather_by_era/covid/weather_era5_gr_uniform_2p0deg.csv,17538,14030,3508,2021-08-07 18:00:00+00:00,2021-12-31 21:00:00+00:00,regression,LightGBM,r2,-0.0670114948999256,0.5311067596770249,0.5981182545769506,4.794379083032254,2.0,uniform,annual,"2020,2021",data/capacity_weights_pre_and_covid_by_year,20260723T010736Z-c3284c32,8,13.634396234906122,8.868489007083383,4.765907227822739,covid,COVID (2020-2021),results/covid_era_spatial_resolution/covid/model_results.csv
hr,data/country_weather_by_era/covid/weather_era5_hr_uniform_2p0deg.csv,17543,14034,3509,2021-08-07 18:00:00+00:00,2021-12-31 22:00:00+00:00,regression,LightGBM,r2,0.2569454552944459,0.3042448557241901,0.0472994004297442,4.747785790998023,2.0,uniform,annual,"2020,2021",data/capacity_weights_pre_and_covid_by_year,20260723T010736Z-c3284c32,8,12.063795883505366,11.625129475583512,0.4386664079218541,covid,COVID (2020-2021),results/covid_era_spatial_resolution/covid/model_results.csv
ie,data/country_weather_by_era/covid/weather_era5_ie_uniform_2p0deg.csv,17235,13788,3447,2021-08-03 14:00:00+00:00,2021-12-31 23:00:00+00:00,regression,LightGBM,r2,0.0309691262913429,0.7582614225784727,0.7272922962871298,4.218470958992839,2.0,uniform,annual,"2020,2021",data/capacity_weights_pre_and_covid_by_year,20260723T010736Z-c3284c32,8,19.95470024865127,8.95299691634561,11.00170333230566,covid,COVID (2020-2021),results/covid_era_spatial_resolution/covid/model_results.csv
lt,data/country_weather_by_era/covid/weather_era5_lt_uniform_2p0deg.csv,17542,14033,3509,2021-08-07 17:00:00+00:00,2021-12-31 21:00:00+00:00,regression,LightGBM,r2,-0.0633987618936442,0.7118697535338039,0.7752685154274481,3.827650666993577,2.0,uniform,annual,"2020,2021",data/capacity_weights_pre_and_covid_by_year,20260723T010736Z-c3284c32,8,8.086636283048058,4.200846136966456,3.885790146081602,covid,COVID (2020-2021),results/covid_era_spatial_resolution/covid/model_results.csv
lv,data/country_weather_by_era/covid/weather_era5_lv_uniform_2p0deg.csv,17531,14024,3507,2021-08-07 16:00:00+00:00,2021-12-31 21:00:00+00:00,regression,LightGBM,r2,0.3026545956869373,0.273014617343556,-0.0296399783433812,4.918876624957193,2.0,uniform,annual,"2020,2021",data/capacity_weights_pre_and_covid_by_year,20260723T010736Z-c3284c32,8,12.992739051881518,13.670107818206166,-0.6773687663246477,covid,COVID (2020-2021),results/covid_era_spatial_resolution/covid/model_results.csv
nl,data/country_weather_by_era/covid/weather_era5_nl_uniform_2p0deg.csv,17543,14034,3509,2021-08-07 18:00:00+00:00,2021-12-31 22:00:00+00:00,regression,LightGBM,r2,-0.0544104914447087,0.6605360314465912,0.7149465228913,0.4359006669837981,2.0,uniform,annual,"2020,2021",data/capacity_weights_pre_and_covid_by_year,20260723T010736Z-c3284c32,8,7.741896547702485,4.168867381808818,3.573029165893667,covid,COVID (2020-2021),results/covid_era_spatial_resolution/covid/model_results.csv
pt,data/country_weather_by_era/covid/weather_era5_pt_uniform_2p0deg.csv,17544,14035,3509,2021-08-07 19:00:00+00:00,2021-12-31 23:00:00+00:00,regression,LightGBM,r2,0.078248252467673,0.5496787553037876,0.4714305028361145,4.603079874999821,2.0,uniform,annual,"2020,2021",data/capacity_weights_pre_and_covid_by_year,20260723T010736Z-c3284c32,8,14.969037918507311,10.350637090066318,4.618400828440993,covid,COVID (2020-2021),results/covid_era_spatial_resolution/covid/model_results.csv
ro,data/country_weather_by_era/covid/weather_era5_ro_uniform_2p0deg.csv,17465,13972,3493,2021-08-07 23:00:00+00:00,2021-12-31 21:00:00+00:00,regression,LightGBM,r2,-0.3151065111993532,-0.1550683395427328,0.1600381716566203,4.236334707995411,2.0,uniform,annual,"2020,2021",data/capacity_weights_pre_and_covid_by_year,20260723T010736Z-c3284c32,8,9.112283293134851,8.314926377400953,0.7973569157338982,covid,COVID (2020-2021),results/covid_era_spatial_resolution/covid/model_results.csv
rs,data/country_weather_by_era/covid/weather_era5_rs_uniform_2p0deg.csv,17543,14034,3509,2021-08-07 18:00:00+00:00,2021-12-31 22:00:00+00:00,regression,LightGBM,r2,0.0227888220991842,-0.1074698215124367,-0.1302586436116209,0.4475852089817635,2.0,uniform,annual,"2020,2021",data/capacity_weights_pre_and_covid_by_year,20260723T010736Z-c3284c32,8,6.4894207356373705,6.844416173016993,-0.354995437379622,covid,COVID (2020-2021),results/covid_era_spatial_resolution/covid/model_results.csv
si,data/country_weather_by_era/covid/weather_era5_si_uniform_2p0deg.csv,17543,14034,3509,2021-08-07 18:00:00+00:00,2021-12-31 22:00:00+00:00,regression,LightGBM,r2,-3.292681316945142,-3.742198491536292,-0.4495171745911497,5.116358499974012,2.0,uniform,annual,"2020,2021",data/capacity_weights_pre_and_covid_by_year,20260723T010736Z-c3284c32,8,21.18163495842748,21.771432160827157,-0.5897972023996765,covid,COVID (2020-2021),results/covid_era_spatial_resolution/covid/model_results.csv
sk,data/country_weather_by_era/covid/weather_era5_sk_uniform_2p0deg.csv,17521,14016,3505,2021-08-07 18:00:00+00:00,2021-12-31 22:00:00+00:00,regression,LightGBM,r2,-0.648077875715755,-1.08454236789701,-0.436464492181255,0.5385024169809185,2.0,uniform,annual,"2020,2021",data/capacity_weights_pre_and_covid_by_year,20260723T010736Z-c3284c32,8,5.588891697006814,6.046680988026743,-0.457789291019929,covid,COVID (2020-2021),results/covid_era_spatial_resolution/covid/model_results.csv
at,data/country_weather_post_covid/weather_era5_at_capacity_0p25deg.csv,37942,30353,7589,2025-06-18 17:00:00+00:00,2026-04-30 21:00:00+00:00,classification,LogReg,auc,0.8934039385367636,0.9604512099223698,0.0670472713856061,10.413438166957349,0.25,capacity,annual,"2022,2023,2024,2025,2026",data/capacity_weights_post_by_year,20260723T013213Z-85f136d9,8,,,,post,Post-COVID (2022-Apr 2026),results/post_covid_spatial_resolution/model_results.csv
be,data/country_weather_post_covid/weather_era5_be_capacity_0p25deg.csv,37942,30353,7589,2025-06-18 17:00:00+00:00,2026-04-30 21:00:00+00:00,classification,LogReg,auc,0.8042809132710942,0.9657265809642822,0.161445667693188,9.32093345897738,0.25,capacity,annual,"2022,2023,2024,2025,2026",data/capacity_weights_post_by_year,20260723T013213Z-85f136d9,8,,,,post,Post-COVID (2022-Apr 2026),results/post_covid_spatial_resolution/model_results.csv
bg,data/country_weather_post_covid/weather_era5_bg_capacity_0p25deg.csv,37940,30352,7588,2025-06-18 17:00:00+00:00,2026-04-30 20:00:00+00:00,classification,LogReg,auc,0.9298391817529084,0.9377629214508088,0.0079237396979003,8.682679291989189,0.25,capacity,annual,"2022,2023,2024,2025,2026",data/capacity_weights_post_by_year,20260723T013213Z-85f136d9,8,,,,post,Post-COVID (2022-Apr 2026),results/post_covid_spatial_resolution/model_results.csv
cz,data/country_weather_post_covid/weather_era5_cz_capacity_0p25deg.csv,37942,30353,7589,2025-06-18 17:00:00+00:00,2026-04-30 21:00:00+00:00,classification,LogReg,auc,0.9826602450807118,0.9957317073170732,0.0130714622363613,8.755098833993543,0.25,capacity,annual,"2022,2023,2024,2025,2026",data/capacity_weights_post_by_year,20260723T013213Z-85f136d9,8,,,,post,Post-COVID (2022-Apr 2026),results/post_covid_spatial_resolution/model_results.csv
de,data/country_weather_post_covid/weather_era5_de_capacity_0p25deg.csv,37942,30353,7589,2025-06-18 17:00:00+00:00,2026-04-30 21:00:00+00:00,classification,LogReg,auc,0.6577787109776246,0.9636600550776828,0.3058813441000582,9.161748583021108,0.25,capacity,annual,"2022,2023,2024,2025,2026",data/capacity_weights_post_by_year,20260723T013213Z-85f136d9,8,,,,post,Post-COVID (2022-Apr 2026),results/post_covid_spatial_resolution/model_results.csv
dk,data/country_weather_post_covid/weather_era5_dk_capacity_0p25deg.csv,37924,30339,7585,2025-06-18 12:00:00+00:00,2026-04-30 21:00:00+00:00,classification,LogReg,auc,0.5802757181854625,0.9693799022990888,0.3891041841136263,9.48399012500886,0.25,capacity,annual,"2022,2023,2024,2025,2026",data/capacity_weights_post_by_year,20260723T013213Z-85f136d9,8,,,,post,Post-COVID (2022-Apr 2026),results/post_covid_spatial_resolution/model_results.csv
es,data/country_weather_post_covid/weather_era5_es_capacity_0p25deg.csv,37941,30352,7589,2025-06-18 16:00:00+00:00,2026-04-30 21:00:00+00:00,classification,LogReg,auc,0.8151945160355635,0.9567733670870632,0.1415788510514997,8.900201665994246,0.25,capacity,annual,"2022,2023,2024,2025,2026",data/capacity_weights_post_by_year,20260723T013213Z-85f136d9,8,,,,post,Post-COVID (2022-Apr 2026),results/post_covid_spatial_resolution/model_results.csv
fr,data/country_weather_post_covid/weather_era5_fr_capacity_0p25deg.csv,37882,30305,7577,2025-06-18 00:00:00+00:00,2026-04-30 21:00:00+00:00,classification,LogReg,auc,0.8439973298483466,0.9298718515245248,0.0858745216761782,7.0803609160357155,0.25,capacity,annual,"2022,2023,2024,2025,2026",data/capacity_weights_post_by_year,20260723T013213Z-85f136d9,8,,,,post,Post-COVID (2022-Apr 2026),results/post_covid_spatial_resolution/model_results.csv
gr,data/country_weather_post_covid/weather_era5_gr_capacity_0p25deg.csv,37933,30346,7587,2025-06-18 17:00:00+00:00,2026-04-30 20:00:00+00:00,classification,LogReg,auc,0.7953325344182544,0.9281072914052072,0.1327747569869528,9.438121041981503,0.25,capacity,annual,"2022,2023,2024,2025,2026",data/capacity_weights_post_by_year,20260723T013213Z-85f136d9,8,,,,post,Post-COVID (2022-Apr 2026),results/post_covid_spatial_resolution/model_results.csv
hr,data/country_weather_post_covid/weather_era5_hr_capacity_0p25deg.csv,37941,30352,7589,2025-06-18 17:00:00+00:00,2026-04-30 21:00:00+00:00,classification,LogReg,auc,0.7011282692057182,0.8732917371687398,0.1721634679630215,10.674397499999031,0.25,capacity,annual,"2022,2023,2024,2025,2026",data/capacity_weights_post_by_year,20260723T013213Z-85f136d9,8,,,,post,Post-COVID (2022-Apr 2026),results/post_covid_spatial_resolution/model_results.csv
ie,data/country_weather_post_covid/weather_era5_ie_capacity_0p25deg.csv,36085,28868,7217,2025-05-18 22:00:00+00:00,2026-04-30 22:00:00+00:00,classification,LogReg,auc,0.6190012642341016,0.9774998440349802,0.3584985798008786,8.326414999959525,0.25,capacity,annual,"2022,2023,2024,2025,2026",data/capacity_weights_post_by_year,20260723T013213Z-85f136d9,8,,,,post,Post-COVID (2022-Apr 2026),results/post_covid_spatial_resolution/model_results.csv
lt,data/country_weather_post_covid/weather_era5_lt_capacity_0p25deg.csv,37939,30351,7588,2025-06-18 16:00:00+00:00,2026-04-30 20:00:00+00:00,classification,LogReg,auc,0.618380465095226,0.922654287821014,0.3042738227257879,10.448820999998134,0.25,capacity,annual,"2022,2023,2024,2025,2026",data/capacity_weights_post_by_year,20260723T013213Z-85f136d9,8,,,,post,Post-COVID (2022-Apr 2026),results/post_covid_spatial_resolution/model_results.csv
lv,data/country_weather_post_covid/weather_era5_lv_capacity_0p25deg.csv,37941,30352,7589,2025-06-18 16:00:00+00:00,2026-04-30 20:00:00+00:00,classification,LogReg,auc,0.6047247653192754,0.6106781159265458,0.0059533506072703,10.30859450000571,0.25,capacity,annual,"2022,2023,2024,2025,2026",data/capacity_weights_post_by_year,20260723T013213Z-85f136d9,8,,,,post,Post-COVID (2022-Apr 2026),results/post_covid_spatial_resolution/model_results.csv
nl,data/country_weather_post_covid/weather_era5_nl_capacity_0p25deg.csv,37942,30353,7589,2025-06-18 17:00:00+00:00,2026-04-30 21:00:00+00:00,classification,LogReg,auc,0.8220071105365223,0.949825468648998,0.1278183581124756,7.382260792015586,0.25,capacity,annual,"2022,2023,2024,2025,2026",data/capacity_weights_post_by_year,20260723T013213Z-85f136d9,8,,,,post,Post-COVID (2022-Apr 2026),results/post_covid_spatial_resolution/model_results.csv
pt,data/country_weather_post_covid/weather_era5_pt_capacity_0p25deg.csv,37943,30354,7589,2025-06-18 18:00:00+00:00,2026-04-30 22:00:00+00:00,classification,LogReg,auc,0.7521459560523929,0.8714172415255947,0.1192712854732018,10.161908708978444,0.25,capacity,annual,"2022,2023,2024,2025,2026",data/capacity_weights_post_by_year,20260723T013213Z-85f136d9,8,,,,post,Post-COVID (2022-Apr 2026),results/post_covid_spatial_resolution/model_results.csv
ro,data/country_weather_post_covid/weather_era5_ro_capacity_0p25deg.csv,37941,30352,7589,2025-06-18 16:00:00+00:00,2026-04-30 20:00:00+00:00,classification,LogReg,auc,0.6904696574617976,0.8400232747730088,0.1495536173112112,15.41175495798234,0.25,capacity,annual,"2022,2023,2024,2025,2026",data/capacity_weights_post_by_year,20260723T013213Z-85f136d9,8,,,,post,Post-COVID (2022-Apr 2026),results/post_covid_spatial_resolution/model_results.csv
rs,data/country_weather_post_covid/weather_era5_rs_capacity_0p25deg.csv,37939,30351,7588,2025-06-18 15:00:00+00:00,2026-04-30 21:00:00+00:00,classification,LogReg,auc,0.8509231079187037,0.9080252579647572,0.0571021500460533,8.954873083974235,0.25,capacity,annual,"2022,2023,2024,2025,2026",data/capacity_weights_post_by_year,20260723T013213Z-85f136d9,8,,,,post,Post-COVID (2022-Apr 2026),results/post_covid_spatial_resolution/model_results.csv
si,data/country_weather_post_covid/weather_era5_si_capacity_0p25deg.csv,37852,30281,7571,2025-06-19 04:00:00+00:00,2026-04-30 21:00:00+00:00,classification,LogReg,auc,0.7120709590882126,0.6955284723571132,-0.0165424867310993,10.499656416010112,0.25,capacity,annual,"2022,2023,2024,2025,2026",data/capacity_weights_post_by_year,20260723T013213Z-85f136d9,8,,,,post,Post-COVID (2022-Apr 2026),results/post_covid_spatial_resolution/model_results.csv
sk,data/country_weather_post_covid/weather_era5_sk_capacity_0p25deg.csv,37886,30308,7578,2025-06-18 22:00:00+00:00,2026-04-30 21:00:00+00:00,classification,LogReg,auc,0.7284488448844885,0.8079647964796479,0.0795159515951594,5.7537921659532,0.25,capacity,annual,"2022,2023,2024,2025,2026",data/capacity_weights_post_by_year,20260723T013213Z-85f136d9,8,,,,post,Post-COVID (2022-Apr 2026),results/post_covid_spatial_resolution/model_results.csv
at,data/country_weather_post_covid/weather_era5_at_capacity_0p5deg.csv,37942,30353,7589,2025-06-18 17:00:00+00:00,2026-04-30 21:00:00+00:00,classification,LogReg,auc,0.8934039385367636,0.9611678834837116,0.0677639449469481,10.464441709045786,0.5,capacity,annual,"2022,2023,2024,2025,2026",data/capacity_weights_post_by_year,20260723T013213Z-85f136d9,8,,,,post,Post-COVID (2022-Apr 2026),results/post_covid_spatial_resolution/model_results.csv
be,data/country_weather_post_covid/weather_era5_be_capacity_0p5deg.csv,37942,30353,7589,2025-06-18 17:00:00+00:00,2026-04-30 21:00:00+00:00,classification,LogReg,auc,0.8042809132710942,0.9658608564300628,0.1615799431589687,9.229867959045803,0.5,capacity,annual,"2022,2023,2024,2025,2026",data/capacity_weights_post_by_year,20260723T013213Z-85f136d9,8,,,,post,Post-COVID (2022-Apr 2026),results/post_covid_spatial_resolution/model_results.csv
bg,data/country_weather_post_covid/weather_era5_bg_capacity_0p5deg.csv,37940,30352,7588,2025-06-18 17:00:00+00:00,2026-04-30 20:00:00+00:00,classification,LogReg,auc,0.9298391817529084,0.9378703705258232,0.0080311887729148,8.602129874983802,0.5,capacity,annual,"2022,2023,2024,2025,2026",data/capacity_weights_post_by_year,20260723T013213Z-85f136d9,8,,,,post,Post-COVID (2022-Apr 2026),results/post_covid_spatial_resolution/model_results.csv
cz,data/country_weather_post_covid/weather_era5_cz_capacity_0p5deg.csv,37942,30353,7589,2025-06-18 17:00:00+00:00,2026-04-30 21:00:00+00:00,classification,LogReg,auc,0.9826602450807118,0.995451867562154,0.012791622481442,8.892306958034169,0.5,capacity,annual,"2022,2023,2024,2025,2026",data/capacity_weights_post_by_year,20260723T013213Z-85f136d9,8,,,,post,Post-COVID (2022-Apr 2026),results/post_covid_spatial_resolution/model_results.csv
de,data/country_weather_post_covid/weather_era5_de_capacity_0p5deg.csv,37942,30353,7589,2025-06-18 17:00:00+00:00,2026-04-30 21:00:00+00:00,classification,LogReg,auc,0.6577787109776246,0.9635923953564772,0.3058136843788527,9.689197750005404,0.5,capacity,annual,"2022,2023,2024,2025,2026",data/capacity_weights_post_by_year,20260723T013213Z-85f136d9,8,,,,post,Post-COVID (2022-Apr 2026),results/post_covid_spatial_resolution/model_results.csv
dk,data/country_weather_post_covid/weather_era5_dk_capacity_0p5deg.csv,37924,30339,7585,2025-06-18 12:00:00+00:00,2026-04-30 21:00:00+00:00,classification,LogReg,auc,0.5802757181854625,0.9694772854769288,0.3892015672914664,9.467442166991532,0.5,capacity,annual,"2022,2023,2024,2025,2026",data/capacity_weights_post_by_year,20260723T013213Z-85f136d9,8,,,,post,Post-COVID (2022-Apr 2026),results/post_covid_spatial_resolution/model_results.csv
es,data/country_weather_post_covid/weather_era5_es_capacity_0p5deg.csv,37941,30352,7589,2025-06-18 16:00:00+00:00,2026-04-30 21:00:00+00:00,classification,LogReg,auc,0.8151945160355635,0.9561050983125752,0.1409105822770116,10.259038125048392,0.5,capacity,annual,"2022,2023,2024,2025,2026",data/capacity_weights_post_by_year,20260723T013213Z-85f136d9,8,,,,post,Post-COVID (2022-Apr 2026),results/post_covid_spatial_resolution/model_results.csv
fr,data/country_weather_post_covid/weather_era5_fr_capacity_0p5deg.csv,37882,30305,7577,2025-06-18 00:00:00+00:00,2026-04-30 21:00:00+00:00,classification,LogReg,auc,0.8439973298483466,0.9299127499741446,0.085915420125798,9.056059917027596,0.5,capacity,annual,"2022,2023,2024,2025,2026",data/capacity_weights_post_by_year,20260723T013213Z-85f136d9,8,,,,post,Post-COVID (2022-Apr 2026),results/post_covid_spatial_resolution/model_results.csv
gr,data/country_weather_post_covid/weather_era5_gr_capacity_0p5deg.csv,37933,30346,7587,2025-06-18 17:00:00+00:00,2026-04-30 20:00:00+00:00,classification,LogReg,auc,0.7953325344182544,0.928468760858941,0.1331362264406866,9.971640417003073,0.5,capacity,annual,"2022,2023,2024,2025,2026",data/capacity_weights_post_by_year,20260723T013213Z-85f136d9,8,,,,post,Post-COVID (2022-Apr 2026),results/post_covid_spatial_resolution/model_results.csv
hr,data/country_weather_post_covid/weather_era5_hr_capacity_0p5deg.csv,37941,30352,7589,2025-06-18 17:00:00+00:00,2026-04-30 21:00:00+00:00,classification,LogReg,auc,0.7011282692057182,0.8683430490296199,0.1672147798239016,10.572843708039729,0.5,capacity,annual,"2022,2023,2024,2025,2026",data/capacity_weights_post_by_year,20260723T013213Z-85f136d9,8,,,,post,Post-COVID (2022-Apr 2026),results/post_covid_spatial_resolution/model_results.csv
ie,data/country_weather_post_covid/weather_era5_ie_capacity_0p5deg.csv,36085,28868,7217,2025-05-18 22:00:00+00:00,2026-04-30 22:00:00+00:00,classification,LogReg,auc,0.6190012642341016,0.9766472658414586,0.3576460016073569,8.334649084019475,0.5,capacity,annual,"2022,2023,2024,2025,2026",data/capacity_weights_post_by_year,20260723T013213Z-85f136d9,8,,,,post,Post-COVID (2022-Apr 2026),results/post_covid_spatial_resolution/model_results.csv
lt,data/country_weather_post_covid/weather_era5_lt_capacity_0p5deg.csv,37939,30351,7588,2025-06-18 16:00:00+00:00,2026-04-30 20:00:00+00:00,classification,LogReg,auc,0.618380465095226,0.9230215682609348,0.3046411031657087,10.46143716701772,0.5,capacity,annual,"2022,2023,2024,2025,2026",data/capacity_weights_post_by_year,20260723T013213Z-85f136d9,8,,,,post,Post-COVID (2022-Apr 2026),results/post_covid_spatial_resolution/model_results.csv
lv,data/country_weather_post_covid/weather_era5_lv_capacity_0p5deg.csv,37941,30352,7589,2025-06-18 16:00:00+00:00,2026-04-30 20:00:00+00:00,classification,LogReg,auc,0.6047247653192754,0.6108239327616327,0.0060991674423572,10.535158417013008,0.5,capacity,annual,"2022,2023,2024,2025,2026",data/capacity_weights_post_by_year,20260723T013213Z-85f136d9,8,,,,post,Post-COVID (2022-Apr 2026),results/post_covid_spatial_resolution/model_results.csv
nl,data/country_weather_post_covid/weather_era5_nl_capacity_0p5deg.csv,37942,30353,7589,2025-06-18 17:00:00+00:00,2026-04-30 21:00:00+00:00,classification,LogReg,auc,0.8220071105365223,0.9499007566827636,0.1278936461462412,7.440081208012998,0.5,capacity,annual,"2022,2023,2024,2025,2026",data/capacity_weights_post_by_year,20260723T013213Z-85f136d9,8,,,,post,Post-COVID (2022-Apr 2026),results/post_covid_spatial_resolution/model_results.csv
pt,data/country_weather_post_covid/weather_era5_pt_capacity_0p5deg.csv,37943,30354,7589,2025-06-18 18:00:00+00:00,2026-04-30 22:00:00+00:00,classification,LogReg,auc,0.7521459560523929,0.8716245252908612,0.1194785692384683,10.130786291032564,0.5,capacity,annual,"2022,2023,2024,2025,2026",data/capacity_weights_post_by_year,20260723T013213Z-85f136d9,8,,,,post,Post-COVID (2022-Apr 2026),results/post_covid_spatial_resolution/model_results.csv
ro,data/country_weather_post_covid/weather_era5_ro_capacity_0p5deg.csv,37941,30352,7589,2025-06-18 16:00:00+00:00,2026-04-30 20:00:00+00:00,classification,LogReg,auc,0.6904696574617976,0.8446901100318572,0.1542204525700596,15.534108499996364,0.5,capacity,annual,"2022,2023,2024,2025,2026",data/capacity_weights_post_by_year,20260723T013213Z-85f136d9,8,,,,post,Post-COVID (2022-Apr 2026),results/post_covid_spatial_resolution/model_results.csv
rs,data/country_weather_post_covid/weather_era5_rs_capacity_0p5deg.csv,37939,30351,7588,2025-06-18 15:00:00+00:00,2026-04-30 21:00:00+00:00,classification,LogReg,auc,0.8509231079187037,0.904734423654742,0.0538113157360381,8.8949201250216,0.5,capacity,annual,"2022,2023,2024,2025,2026",data/capacity_weights_post_by_year,20260723T013213Z-85f136d9,8,,,,post,Post-COVID (2022-Apr 2026),results/post_covid_spatial_resolution/model_results.csv
si,data/country_weather_post_covid/weather_era5_si_capacity_0p5deg.csv,37852,30281,7571,2025-06-19 04:00:00+00:00,2026-04-30 21:00:00+00:00,classification,LogReg,auc,0.7120709590882126,0.6955448780206108,-0.0165260810676017,10.397476957994511,0.5,capacity,annual,"2022,2023,2024,2025,2026",data/capacity_weights_post_by_year,20260723T013213Z-85f136d9,8,,,,post,Post-COVID (2022-Apr 2026),results/post_covid_spatial_resolution/model_results.csv
sk,data/country_weather_post_covid/weather_era5_sk_capacity_0p5deg.csv,37886,30308,7578,2025-06-18 22:00:00+00:00,2026-04-30 21:00:00+00:00,classification,LogReg,auc,0.7284488448844885,0.8106930693069307,0.0822442244224422,5.87373920797836,0.5,capacity,annual,"2022,2023,2024,2025,2026",data/capacity_weights_post_by_year,20260723T013213Z-85f136d9,8,,,,post,Post-COVID (2022-Apr 2026),results/post_covid_spatial_resolution/model_results.csv
at,data/country_weather_post_covid/weather_era5_at_capacity_1p0deg.csv,37942,30353,7589,2025-06-18 17:00:00+00:00,2026-04-30 21:00:00+00:00,classification,LogReg,auc,0.8934039385367636,0.9596712730552356,0.0662673345184721,10.701391540991608,1.0,capacity,annual,"2022,2023,2024,2025,2026",data/capacity_weights_post_by_year,20260723T013213Z-85f136d9,8,,,,post,Post-COVID (2022-Apr 2026),results/post_covid_spatial_resolution/model_results.csv
be,data/country_weather_post_covid/weather_era5_be_capacity_1p0deg.csv,37942,30353,7589,2025-06-18 17:00:00+00:00,2026-04-30 21:00:00+00:00,classification,LogReg,auc,0.8042809132710942,0.9660428143058026,0.1617619010347084,9.18204624997452,1.0,capacity,annual,"2022,2023,2024,2025,2026",data/capacity_weights_post_by_year,20260723T013213Z-85f136d9,8,,,,post,Post-COVID (2022-Apr 2026),results/post_covid_spatial_resolution/model_results.csv
bg,data/country_weather_post_covid/weather_era5_bg_capacity_1p0deg.csv,37940,30352,7588,2025-06-18 17:00:00+00:00,2026-04-30 20:00:00+00:00,classification,LogReg,auc,0.9298391817529084,0.93780279513099,0.0079636133780816,8.813952041964512,1.0,capacity,annual,"2022,2023,2024,2025,2026",data/capacity_weights_post_by_year,20260723T013213Z-85f136d9,8,,,,post,Post-COVID (2022-Apr 2026),results/post_covid_spatial_resolution/model_results.csv
cz,data/country_weather_post_covid/weather_era5_cz_capacity_1p0deg.csv,37942,30353,7589,2025-06-18 17:00:00+00:00,2026-04-30 21:00:00+00:00,classification,LogReg,auc,0.9826602450807118,0.9949893955461294,0.0123291504654176,9.000602292013355,1.0,capacity,annual,"2022,2023,2024,2025,2026",data/capacity_weights_post_by_year,20260723T013213Z-85f136d9,8,,,,post,Post-COVID (2022-Apr 2026),results/post_covid_spatial_resolution/model_results.csv
de,data/country_weather_post_covid/weather_era5_de_capacity_1p0deg.csv,37942,30353,7589,2025-06-18 17:00:00+00:00,2026-04-30 21:00:00+00:00,classification,LogReg,auc,0.6577787109776246,0.9629429884996742,0.3051642775220495,9.688972959003875,1.0,capacity,annual,"2022,2023,2024,2025,2026",data/capacity_weights_post_by_year,20260723T013213Z-85f136d9,8,,,,post,Post-COVID (2022-Apr 2026),results/post_covid_spatial_resolution/model_results.csv
dk,data/country_weather_post_covid/weather_era5_dk_capacity_1p0deg.csv,37924,30339,7585,2025-06-18 12:00:00+00:00,2026-04-30 21:00:00+00:00,classification,LogReg,auc,0.5802757181854625,0.9691158123252852,0.3888400941398228,9.563528625003528,1.0,capacity,annual,"2022,2023,2024,2025,2026",data/capacity_weights_post_by_year,20260723T013213Z-85f136d9,8,,,,post,Post-COVID (2022-Apr 2026),results/post_covid_spatial_resolution/model_results.csv
es,data/country_weather_post_covid/weather_era5_es_capacity_1p0deg.csv,37941,30352,7589,2025-06-18 16:00:00+00:00,2026-04-30 21:00:00+00:00,classification,LogReg,auc,0.8151945160355635,0.9541931256041772,0.1389986095686137,10.35304062499199,1.0,capacity,annual,"2022,2023,2024,2025,2026",data/capacity_weights_post_by_year,20260723T013213Z-85f136d9,8,,,,post,Post-COVID (2022-Apr 2026),results/post_covid_spatial_resolution/model_results.csv
fr,data/country_weather_post_covid/weather_era5_fr_capacity_1p0deg.csv,37882,30305,7577,2025-06-18 00:00:00+00:00,2026-04-30 21:00:00+00:00,classification,LogReg,auc,0.8439973298483466,0.929720950348342,0.0857236204999953,9.137591125036124,1.0,capacity,annual,"2022,2023,2024,2025,2026",data/capacity_weights_post_by_year,20260723T013213Z-85f136d9,8,,,,post,Post-COVID (2022-Apr 2026),results/post_covid_spatial_resolution/model_results.csv
gr,data/country_weather_post_covid/weather_era5_gr_capacity_1p0deg.csv,37933,30346,7587,2025-06-18 17:00:00+00:00,2026-04-30 20:00:00+00:00,classification,LogReg,auc,0.7953325344182544,0.9280085689934718,0.1326760345752174,10.06911358301295,1.0,capacity,annual,"2022,2023,2024,2025,2026",data/capacity_weights_post_by_year,20260723T013213Z-85f136d9,8,,,,post,Post-COVID (2022-Apr 2026),results/post_covid_spatial_resolution/model_results.csv
hr,data/country_weather_post_covid/weather_era5_hr_capacity_1p0deg.csv,37941,30352,7589,2025-06-18 17:00:00+00:00,2026-04-30 21:00:00+00:00,classification,LogReg,auc,0.7011282692057182,0.8506370321220227,0.1495087629163044,10.61534187500365,1.0,capacity,annual,"2022,2023,2024,2025,2026",data/capacity_weights_post_by_year,20260723T013213Z-85f136d9,8,,,,post,Post-COVID (2022-Apr 2026),results/post_covid_spatial_resolution/model_results.csv
ie,data/country_weather_post_covid/weather_era5_ie_capacity_1p0deg.csv,36085,28868,7217,2025-05-18 22:00:00+00:00,2026-04-30 22:00:00+00:00,classification,LogReg,auc,0.6190012642341016,0.9763708407798984,0.3573695765457968,8.250701874960214,1.0,capacity,annual,"2022,2023,2024,2025,2026",data/capacity_weights_post_by_year,20260723T013213Z-85f136d9,8,,,,post,Post-COVID (2022-Apr 2026),results/post_covid_spatial_resolution/model_results.csv
lt,data/country_weather_post_covid/weather_era5_lt_capacity_1p0deg.csv,37939,30351,7588,2025-06-18 16:00:00+00:00,2026-04-30 20:00:00+00:00,classification,LogReg,auc,0.618380465095226,0.9234125982918736,0.3050321331966474,10.426088790991344,1.0,capacity,annual,"2022,2023,2024,2025,2026",data/capacity_weights_post_by_year,20260723T013213Z-85f136d9,8,,,,post,Post-COVID (2022-Apr 2026),results/post_covid_spatial_resolution/model_results.csv
lv,data/country_weather_post_covid/weather_era5_lv_capacity_1p0deg.csv,37941,30352,7589,2025-06-18 16:00:00+00:00,2026-04-30 20:00:00+00:00,classification,LogReg,auc,0.6047247653192754,0.6094712044177689,0.0047464390984934,10.63291158399079,1.0,capacity,annual,"2022,2023,2024,2025,2026",data/capacity_weights_post_by_year,20260723T013213Z-85f136d9,8,,,,post,Post-COVID (2022-Apr 2026),results/post_covid_spatial_resolution/model_results.csv
nl,data/country_weather_post_covid/weather_era5_nl_capacity_1p0deg.csv,37942,30353,7589,2025-06-18 17:00:00+00:00,2026-04-30 21:00:00+00:00,classification,LogReg,auc,0.8220071105365223,0.9504832883379596,0.1284761778014372,7.565691291994881,1.0,capacity,annual,"2022,2023,2024,2025,2026",data/capacity_weights_post_by_year,20260723T013213Z-85f136d9,8,,,,post,Post-COVID (2022-Apr 2026),results/post_covid_spatial_resolution/model_results.csv
pt,data/country_weather_post_covid/weather_era5_pt_capacity_1p0deg.csv,37943,30354,7589,2025-06-18 18:00:00+00:00,2026-04-30 22:00:00+00:00,classification,LogReg,auc,0.7521459560523929,0.8728470166485767,0.1207010605961838,10.14698399999179,1.0,capacity,annual,"2022,2023,2024,2025,2026",data/capacity_weights_post_by_year,20260723T013213Z-85f136d9,8,,,,post,Post-COVID (2022-Apr 2026),results/post_covid_spatial_resolution/model_results.csv
ro,data/country_weather_post_covid/weather_era5_ro_capacity_1p0deg.csv,37941,30352,7589,2025-06-18 16:00:00+00:00,2026-04-30 20:00:00+00:00,classification,LogReg,auc,0.6904696574617976,0.8513449752458023,0.1608753177840047,15.615983374998905,1.0,capacity,annual,"2022,2023,2024,2025,2026",data/capacity_weights_post_by_year,20260723T013213Z-85f136d9,8,,,,post,Post-COVID (2022-Apr 2026),results/post_covid_spatial_resolution/model_results.csv
rs,data/country_weather_post_covid/weather_era5_rs_capacity_1p0deg.csv,37939,30351,7588,2025-06-18 15:00:00+00:00,2026-04-30 21:00:00+00:00,classification,LogReg,auc,0.8509231079187037,0.8942278196223813,0.0433047117036775,9.084612583974376,1.0,capacity,annual,"2022,2023,2024,2025,2026",data/capacity_weights_post_by_year,20260723T013213Z-85f136d9,8,,,,post,Post-COVID (2022-Apr 2026),results/post_covid_spatial_resolution/model_results.csv
si,data/country_weather_post_covid/weather_era5_si_capacity_1p0deg.csv,37852,30281,7571,2025-06-19 04:00:00+00:00,2026-04-30 21:00:00+00:00,classification,LogReg,auc,0.7120709590882126,0.6952423575857164,-0.0168286015024962,10.397637708985712,1.0,capacity,annual,"2022,2023,2024,2025,2026",data/capacity_weights_post_by_year,20260723T013213Z-85f136d9,8,,,,post,Post-COVID (2022-Apr 2026),results/post_covid_spatial_resolution/model_results.csv
sk,data/country_weather_post_covid/weather_era5_sk_capacity_1p0deg.csv,37886,30308,7578,2025-06-18 22:00:00+00:00,2026-04-30 21:00:00+00:00,classification,LogReg,auc,0.7284488448844885,0.8064686468646864,0.0780198019801979,5.764175999967847,1.0,capacity,annual,"2022,2023,2024,2025,2026",data/capacity_weights_post_by_year,20260723T013213Z-85f136d9,8,,,,post,Post-COVID (2022-Apr 2026),results/post_covid_spatial_resolution/model_results.csv
at,data/country_weather_post_covid/weather_era5_at_capacity_2p0deg.csv,37942,30353,7589,2025-06-18 17:00:00+00:00,2026-04-30 21:00:00+00:00,classification,LogReg,auc,0.8934039385367636,0.9495292986437984,0.0561253601070349,10.638243291003164,2.0,capacity,annual,"2022,2023,2024,2025,2026",data/capacity_weights_post_by_year,20260723T013213Z-85f136d9,8,,,,post,Post-COVID (2022-Apr 2026),results/post_covid_spatial_resolution/model_results.csv
be,data/country_weather_post_covid/weather_era5_be_capacity_2p0deg.csv,37942,30353,7589,2025-06-18 17:00:00+00:00,2026-04-30 21:00:00+00:00,classification,LogReg,auc,0.8042809132710942,0.9649478057544572,0.160666892483363,9.212129374966024,2.0,capacity,annual,"2022,2023,2024,2025,2026",data/capacity_weights_post_by_year,20260723T013213Z-85f136d9,8,,,,post,Post-COVID (2022-Apr 2026),results/post_covid_spatial_resolution/model_results.csv
bg,data/country_weather_post_covid/weather_era5_bg_capacity_2p0deg.csv,37940,30352,7588,2025-06-18 17:00:00+00:00,2026-04-30 20:00:00+00:00,classification,LogReg,auc,0.9298391817529084,0.9365819609791968,0.0067427792262884,8.745522167009767,2.0,capacity,annual,"2022,2023,2024,2025,2026",data/capacity_weights_post_by_year,20260723T013213Z-85f136d9,8,,,,post,Post-COVID (2022-Apr 2026),results/post_covid_spatial_resolution/model_results.csv
cz,data/country_weather_post_covid/weather_era5_cz_capacity_2p0deg.csv,37942,30353,7589,2025-06-18 17:00:00+00:00,2026-04-30 21:00:00+00:00,classification,LogReg,auc,0.9826602450807118,0.9945534346647816,0.0118931895840697,8.968975916970521,2.0,capacity,annual,"2022,2023,2024,2025,2026",data/capacity_weights_post_by_year,20260723T013213Z-85f136d9,8,,,,post,Post-COVID (2022-Apr 2026),results/post_covid_spatial_resolution/model_results.csv
de,data/country_weather_post_covid/weather_era5_de_capacity_2p0deg.csv,37942,30353,7589,2025-06-18 17:00:00+00:00,2026-04-30 21:00:00+00:00,classification,LogReg,auc,0.6577787109776246,0.9625052729616578,0.3047265619840331,9.770131875004154,2.0,capacity,annual,"2022,2023,2024,2025,2026",data/capacity_weights_post_by_year,20260723T013213Z-85f136d9,8,,,,post,Post-COVID (2022-Apr 2026),results/post_covid_spatial_resolution/model_results.csv
dk,data/country_weather_post_covid/weather_era5_dk_capacity_2p0deg.csv,37924,30339,7585,2025-06-18 12:00:00+00:00,2026-04-30 21:00:00+00:00,classification,LogReg,auc,0.5802757181854625,0.9652632966722806,0.3849875784868181,9.590015875000972,2.0,capacity,annual,"2022,2023,2024,2025,2026",data/capacity_weights_post_by_year,20260723T013213Z-85f136d9,8,,,,post,Post-COVID (2022-Apr 2026),results/post_covid_spatial_resolution/model_results.csv
es,data/country_weather_post_covid/weather_era5_es_capacity_2p0deg.csv,37941,30352,7589,2025-06-18 16:00:00+00:00,2026-04-30 21:00:00+00:00,classification,LogReg,auc,0.8151945160355635,0.9512917419983568,0.1360972259627934,10.016476541000884,2.0,capacity,annual,"2022,2023,2024,2025,2026",data/capacity_weights_post_by_year,20260723T013213Z-85f136d9,8,,,,post,Post-COVID (2022-Apr 2026),results/post_covid_spatial_resolution/model_results.csv
fr,data/country_weather_post_covid/weather_era5_fr_capacity_2p0deg.csv,37882,30305,7577,2025-06-18 00:00:00+00:00,2026-04-30 21:00:00+00:00,classification,LogReg,auc,0.8439973298483466,0.930324084955952,0.0863267551076052,8.965193292009644,2.0,capacity,annual,"2022,2023,2024,2025,2026",data/capacity_weights_post_by_year,20260723T013213Z-85f136d9,8,,,,post,Post-COVID (2022-Apr 2026),results/post_covid_spatial_resolution/model_results.csv
gr,data/country_weather_post_covid/weather_era5_gr_capacity_2p0deg.csv,37933,30346,7587,2025-06-18 17:00:00+00:00,2026-04-30 20:00:00+00:00,classification,LogReg,auc,0.7953325344182544,0.9239708782868724,0.1286383438686181,10.174147458048536,2.0,capacity,annual,"2022,2023,2024,2025,2026",data/capacity_weights_post_by_year,20260723T013213Z-85f136d9,8,,,,post,Post-COVID (2022-Apr 2026),results/post_covid_spatial_resolution/model_results.csv
hr,data/country_weather_post_covid/weather_era5_hr_capacity_2p0deg.csv,37941,30352,7589,2025-06-18 17:00:00+00:00,2026-04-30 21:00:00+00:00,classification,LogReg,auc,0.7011282692057182,0.843489955321305,0.1423616861155867,10.611911166983193,2.0,capacity,annual,"2022,2023,2024,2025,2026",data/capacity_weights_post_by_year,20260723T013213Z-85f136d9,8,,,,post,Post-COVID (2022-Apr 2026),results/post_covid_spatial_resolution/model_results.csv
ie,data/country_weather_post_covid/weather_era5_ie_capacity_2p0deg.csv,36085,28868,7217,2025-05-18 22:00:00+00:00,2026-04-30 22:00:00+00:00,classification,LogReg,auc,0.6190012642341016,0.974003658755876,0.3550023945217745,8.298145540989935,2.0,capacity,annual,"2022,2023,2024,2025,2026",data/capacity_weights_post_by_year,20260723T013213Z-85f136d9,8,,,,post,Post-COVID (2022-Apr 2026),results/post_covid_spatial_resolution/model_results.csv
lt,data/country_weather_post_covid/weather_era5_lt_capacity_2p0deg.csv,37939,30351,7588,2025-06-18 16:00:00+00:00,2026-04-30 20:00:00+00:00,classification,LogReg,auc,0.618380465095226,0.9203947237908594,0.3020142586956333,10.393995916994754,2.0,capacity,annual,"2022,2023,2024,2025,2026",data/capacity_weights_post_by_year,20260723T013213Z-85f136d9,8,,,,post,Post-COVID (2022-Apr 2026),results/post_covid_spatial_resolution/model_results.csv
lv,data/country_weather_post_covid/weather_era5_lv_capacity_2p0deg.csv,37941,30352,7589,2025-06-18 16:00:00+00:00,2026-04-30 20:00:00+00:00,classification,LogReg,auc,0.6047247653192754,0.6035530353472282,-0.0011717299720472,10.440506166021803,2.0,capacity,annual,"2022,2023,2024,2025,2026",data/capacity_weights_post_by_year,20260723T013213Z-85f136d9,8,,,,post,Post-COVID (2022-Apr 2026),results/post_covid_spatial_resolution/model_results.csv
nl,data/country_weather_post_covid/weather_era5_nl_capacity_2p0deg.csv,37942,30353,7589,2025-06-18 17:00:00+00:00,2026-04-30 21:00:00+00:00,classification,LogReg,auc,0.8220071105365223,0.9509083995589184,0.1289012890223961,7.520949458004907,2.0,capacity,annual,"2022,2023,2024,2025,2026",data/capacity_weights_post_by_year,20260723T013213Z-85f136d9,8,,,,post,Post-COVID (2022-Apr 2026),results/post_covid_spatial_resolution/model_results.csv
pt,data/country_weather_post_covid/weather_era5_pt_capacity_2p0deg.csv,37943,30354,7589,2025-06-18 18:00:00+00:00,2026-04-30 22:00:00+00:00,classification,LogReg,auc,0.7521459560523929,0.8605973566318905,0.1084514005794976,10.379115334013475,2.0,capacity,annual,"2022,2023,2024,2025,2026",data/capacity_weights_post_by_year,20260723T013213Z-85f136d9,8,,,,post,Post-COVID (2022-Apr 2026),results/post_covid_spatial_resolution/model_results.csv
ro,data/country_weather_post_covid/weather_era5_ro_capacity_2p0deg.csv,37941,30352,7589,2025-06-18 16:00:00+00:00,2026-04-30 20:00:00+00:00,classification,LogReg,auc,0.6904696574617976,0.8340187340990134,0.1435490766372158,15.761257500038482,2.0,capacity,annual,"2022,2023,2024,2025,2026",data/capacity_weights_post_by_year,20260723T013213Z-85f136d9,8,,,,post,Post-COVID (2022-Apr 2026),results/post_covid_spatial_resolution/model_results.csv
rs,data/country_weather_post_covid/weather_era5_rs_capacity_2p0deg.csv,37939,30351,7588,2025-06-18 15:00:00+00:00,2026-04-30 21:00:00+00:00,classification,LogReg,auc,0.8509231079187037,0.8961091445532813,0.0451860366345775,9.223434665997049,2.0,capacity,annual,"2022,2023,2024,2025,2026",data/capacity_weights_post_by_year,20260723T013213Z-85f136d9,8,,,,post,Post-COVID (2022-Apr 2026),results/post_covid_spatial_resolution/model_results.csv
si,data/country_weather_post_covid/weather_era5_si_capacity_2p0deg.csv,37852,30281,7571,2025-06-19 04:00:00+00:00,2026-04-30 21:00:00+00:00,classification,LogReg,auc,0.7120709590882126,0.6951826409705854,-0.0168883181176272,10.44051225000294,2.0,capacity,annual,"2022,2023,2024,2025,2026",data/capacity_weights_post_by_year,20260723T013213Z-85f136d9,8,,,,post,Post-COVID (2022-Apr 2026),results/post_covid_spatial_resolution/model_results.csv
sk,data/country_weather_post_covid/weather_era5_sk_capacity_2p0deg.csv,37886,30308,7578,2025-06-18 22:00:00+00:00,2026-04-30 21:00:00+00:00,classification,LogReg,auc,0.7284488448844885,0.8151375137513752,0.0866886688668867,5.647832083981484,2.0,capacity,annual,"2022,2023,2024,2025,2026",data/capacity_weights_post_by_year,20260723T013213Z-85f136d9,8,,,,post,Post-COVID (2022-Apr 2026),results/post_covid_spatial_resolution/model_results.csv
at,data/country_weather_post_covid/weather_era5_at_capacity_0p25deg.csv,37942,30353,7589,2025-06-18 17:00:00+00:00,2026-04-30 21:00:00+00:00,classification,RandForest,auc,0.8483202614013706,0.92911132292051,0.0807910615191392,10.413438166957349,0.25,capacity,annual,"2022,2023,2024,2025,2026",data/capacity_weights_post_by_year,20260723T013213Z-85f136d9,8,,,,post,Post-COVID (2022-Apr 2026),results/post_covid_spatial_resolution/model_results.csv
be,data/country_weather_post_covid/weather_era5_be_capacity_0p25deg.csv,37942,30353,7589,2025-06-18 17:00:00+00:00,2026-04-30 21:00:00+00:00,classification,RandForest,auc,0.8553930267624273,0.9675748928720196,0.1121818661095921,9.32093345897738,0.25,capacity,annual,"2022,2023,2024,2025,2026",data/capacity_weights_post_by_year,20260723T013213Z-85f136d9,8,,,,post,Post-COVID (2022-Apr 2026),results/post_covid_spatial_resolution/model_results.csv
bg,data/country_weather_post_covid/weather_era5_bg_capacity_0p25deg.csv,37940,30352,7588,2025-06-18 17:00:00+00:00,2026-04-30 20:00:00+00:00,classification,RandForest,auc,0.8976928808831867,0.927965048830568,0.0302721679473811,8.682679291989189,0.25,capacity,annual,"2022,2023,2024,2025,2026",data/capacity_weights_post_by_year,20260723T013213Z-85f136d9,8,,,,post,Post-COVID (2022-Apr 2026),results/post_covid_spatial_resolution/model_results.csv
cz,data/country_weather_post_covid/weather_era5_cz_capacity_0p25deg.csv,37942,30353,7589,2025-06-18 17:00:00+00:00,2026-04-30 21:00:00+00:00,classification,RandForest,auc,0.8609476257806057,0.936494049723106,0.0755464239425002,8.755098833993543,0.25,capacity,annual,"2022,2023,2024,2025,2026",data/capacity_weights_post_by_year,20260723T013213Z-85f136d9,8,,,,post,Post-COVID (2022-Apr 2026),results/post_covid_spatial_resolution/model_results.csv
de,data/country_weather_post_covid/weather_era5_de_capacity_0p25deg.csv,37942,30353,7589,2025-06-18 17:00:00+00:00,2026-04-30 21:00:00+00:00,classification,RandForest,auc,0.7234274700435355,0.9715495790483348,0.2481221090047992,9.161748583021108,0.25,capacity,annual,"2022,2023,2024,2025,2026",data/capacity_weights_post_by_year,20260723T013213Z-85f136d9,8,,,,post,Post-COVID (2022-Apr 2026),results/post_covid_spatial_resolution/model_results.csv
dk,data/country_weather_post_covid/weather_era5_dk_capacity_0p25deg.csv,37924,30339,7585,2025-06-18 12:00:00+00:00,2026-04-30 21:00:00+00:00,classification,RandForest,auc,0.6393063264197466,0.973276828394954,0.3339705019752073,9.48399012500886,0.25,capacity,annual,"2022,2023,2024,2025,2026",data/capacity_weights_post_by_year,20260723T013213Z-85f136d9,8,,,,post,Post-COVID (2022-Apr 2026),results/post_covid_spatial_resolution/model_results.csv
es,data/country_weather_post_covid/weather_era5_es_capacity_0p25deg.csv,37941,30352,7589,2025-06-18 16:00:00+00:00,2026-04-30 21:00:00+00:00,classification,RandForest,auc,0.855632068846712,0.9669985752186956,0.1113665063719836,8.900201665994246,0.25,capacity,annual,"2022,2023,2024,2025,2026",data/capacity_weights_post_by_year,20260723T013213Z-85f136d9,8,,,,post,Post-COVID (2022-Apr 2026),results/post_covid_spatial_resolution/model_results.csv
fr,data/country_weather_post_covid/weather_era5_fr_capacity_0p25deg.csv,37882,30305,7577,2025-06-18 00:00:00+00:00,2026-04-30 21:00:00+00:00,classification,RandForest,auc,0.8032544823760589,0.8860315341149482,0.0827770517388892,7.0803609160357155,0.25,capacity,annual,"2022,2023,2024,2025,2026",data/capacity_weights_post_by_year,20260723T013213Z-85f136d9,8,,,,post,Post-COVID (2022-Apr 2026),results/post_covid_spatial_resolution/model_results.csv
gr,data/country_weather_post_covid/weather_era5_gr_capacity_0p25deg.csv,37933,30346,7587,2025-06-18 17:00:00+00:00,2026-04-30 20:00:00+00:00,classification,RandForest,auc,0.788488666149749,0.9417220698426104,0.1532334036928615,9.438121041981503,0.25,capacity,annual,"2022,2023,2024,2025,2026",data/capacity_weights_post_by_year,20260723T013213Z-85f136d9,8,,,,post,Post-COVID (2022-Apr 2026),results/post_covid_spatial_resolution/model_results.csv
hr,data/country_weather_post_covid/weather_era5_hr_capacity_0p25deg.csv,37941,30352,7589,2025-06-18 17:00:00+00:00,2026-04-30 21:00:00+00:00,classification,RandForest,auc,0.6286851369828342,0.8205702671789602,0.1918851301961259,10.674397499999031,0.25,capacity,annual,"2022,2023,2024,2025,2026",data/capacity_weights_post_by_year,20260723T013213Z-85f136d9,8,,,,post,Post-COVID (2022-Apr 2026),results/post_covid_spatial_resolution/model_results.csv
ie,data/country_weather_post_covid/weather_era5_ie_capacity_0p25deg.csv,36085,28868,7217,2025-05-18 22:00:00+00:00,2026-04-30 22:00:00+00:00,classification,RandForest,auc,0.6276550292296796,0.9736873249980734,0.3460322957683938,8.326414999959525,0.25,capacity,annual,"2022,2023,2024,2025,2026",data/capacity_weights_post_by_year,20260723T013213Z-85f136d9,8,,,,post,Post-COVID (2022-Apr 2026),results/post_covid_spatial_resolution/model_results.csv
lt,data/country_weather_post_covid/weather_era5_lt_capacity_0p25deg.csv,37939,30351,7588,2025-06-18 16:00:00+00:00,2026-04-30 20:00:00+00:00,classification,RandForest,auc,0.6811298881897195,0.9305472548406556,0.249417366650936,10.448820999998134,0.25,capacity,annual,"2022,2023,2024,2025,2026",data/capacity_weights_post_by_year,20260723T013213Z-85f136d9,8,,,,post,Post-COVID (2022-Apr 2026),results/post_covid_spatial_resolution/model_results.csv
lv,data/country_weather_post_covid/weather_era5_lv_capacity_0p25deg.csv,37941,30352,7589,2025-06-18 16:00:00+00:00,2026-04-30 20:00:00+00:00,classification,RandForest,auc,0.60216233604846,0.6219672399571881,0.019804903908728,10.30859450000571,0.25,capacity,annual,"2022,2023,2024,2025,2026",data/capacity_weights_post_by_year,20260723T013213Z-85f136d9,8,,,,post,Post-COVID (2022-Apr 2026),results/post_covid_spatial_resolution/model_results.csv
nl,data/country_weather_post_covid/weather_era5_nl_capacity_0p25deg.csv,37942,30353,7589,2025-06-18 17:00:00+00:00,2026-04-30 21:00:00+00:00,classification,RandForest,auc,0.7405519221263166,0.9170920947564546,0.176540172630138,7.382260792015586,0.25,capacity,annual,"2022,2023,2024,2025,2026",data/capacity_weights_post_by_year,20260723T013213Z-85f136d9,8,,,,post,Post-COVID (2022-Apr 2026),results/post_covid_spatial_resolution/model_results.csv
pt,data/country_weather_post_covid/weather_era5_pt_capacity_0p25deg.csv,37943,30354,7589,2025-06-18 18:00:00+00:00,2026-04-30 22:00:00+00:00,classification,RandForest,auc,0.7258488546106153,0.8610211070746534,0.135172252464038,10.161908708978444,0.25,capacity,annual,"2022,2023,2024,2025,2026",data/capacity_weights_post_by_year,20260723T013213Z-85f136d9,8,,,,post,Post-COVID (2022-Apr 2026),results/post_covid_spatial_resolution/model_results.csv
ro,data/country_weather_post_covid/weather_era5_ro_capacity_0p25deg.csv,37941,30352,7589,2025-06-18 16:00:00+00:00,2026-04-30 20:00:00+00:00,classification,RandForest,auc,0.7258137637223947,0.837668264520756,0.1118545007983613,15.41175495798234,0.25,capacity,annual,"2022,2023,2024,2025,2026",data/capacity_weights_post_by_year,20260723T013213Z-85f136d9,8,,,,post,Post-COVID (2022-Apr 2026),results/post_covid_spatial_resolution/model_results.csv
rs,data/country_weather_post_covid/weather_era5_rs_capacity_0p25deg.csv,37939,30351,7588,2025-06-18 15:00:00+00:00,2026-04-30 21:00:00+00:00,classification,RandForest,auc,0.8548951457225289,0.835924756502406,-0.0189703892201228,8.954873083974235,0.25,capacity,annual,"2022,2023,2024,2025,2026",data/capacity_weights_post_by_year,20260723T013213Z-85f136d9,8,,,,post,Post-COVID (2022-Apr 2026),results/post_covid_spatial_resolution/model_results.csv
si,data/country_weather_post_covid/weather_era5_si_capacity_0p25deg.csv,37852,30281,7571,2025-06-19 04:00:00+00:00,2026-04-30 21:00:00+00:00,classification,RandForest,auc,0.7048730726626523,0.7297040943286277,0.0248310216659753,10.499656416010112,0.25,capacity,annual,"2022,2023,2024,2025,2026",data/capacity_weights_post_by_year,20260723T013213Z-85f136d9,8,,,,post,Post-COVID (2022-Apr 2026),results/post_covid_spatial_resolution/model_results.csv
sk,data/country_weather_post_covid/weather_era5_sk_capacity_0p25deg.csv,37886,30308,7578,2025-06-18 22:00:00+00:00,2026-04-30 21:00:00+00:00,classification,RandForest,auc,0.4766336633663366,0.4756435643564356,-0.0009900990099009,5.7537921659532,0.25,capacity,annual,"2022,2023,2024,2025,2026",data/capacity_weights_post_by_year,20260723T013213Z-85f136d9,8,,,,post,Post-COVID (2022-Apr 2026),results/post_covid_spatial_resolution/model_results.csv
at,data/country_weather_post_covid/weather_era5_at_capacity_0p5deg.csv,37942,30353,7589,2025-06-18 17:00:00+00:00,2026-04-30 21:00:00+00:00,classification,RandForest,auc,0.8483202614013706,0.932266987921274,0.0839467265199033,10.464441709045786,0.5,capacity,annual,"2022,2023,2024,2025,2026",data/capacity_weights_post_by_year,20260723T013213Z-85f136d9,8,,,,post,Post-COVID (2022-Apr 2026),results/post_covid_spatial_resolution/model_results.csv
be,data/country_weather_post_covid/weather_era5_be_capacity_0p5deg.csv,37942,30353,7589,2025-06-18 17:00:00+00:00,2026-04-30 21:00:00+00:00,classification,RandForest,auc,0.8553930267624273,0.9685796534658364,0.113186626703409,9.229867959045803,0.5,capacity,annual,"2022,2023,2024,2025,2026",data/capacity_weights_post_by_year,20260723T013213Z-85f136d9,8,,,,post,Post-COVID (2022-Apr 2026),results/post_covid_spatial_resolution/model_results.csv
bg,data/country_weather_post_covid/weather_era5_bg_capacity_0p5deg.csv,37940,30352,7588,2025-06-18 17:00:00+00:00,2026-04-30 20:00:00+00:00,classification,RandForest,auc,0.8976928808831867,0.927640602990778,0.0299477221075912,8.602129874983802,0.5,capacity,annual,"2022,2023,2024,2025,2026",data/capacity_weights_post_by_year,20260723T013213Z-85f136d9,8,,,,post,Post-COVID (2022-Apr 2026),results/post_covid_spatial_resolution/model_results.csv
cz,data/country_weather_post_covid/weather_era5_cz_capacity_0p5deg.csv,37942,30353,7589,2025-06-18 17:00:00+00:00,2026-04-30 21:00:00+00:00,classification,RandForest,auc,0.8609476257806057,0.9363997879109224,0.0754521621303168,8.892306958034169,0.5,capacity,annual,"2022,2023,2024,2025,2026",data/capacity_weights_post_by_year,20260723T013213Z-85f136d9,8,,,,post,Post-COVID (2022-Apr 2026),results/post_covid_spatial_resolution/model_results.csv
de,data/country_weather_post_covid/weather_era5_de_capacity_0p5deg.csv,37942,30353,7589,2025-06-18 17:00:00+00:00,2026-04-30 21:00:00+00:00,classification,RandForest,auc,0.7234274700435355,0.9718419631914256,0.24841449314789,9.689197750005404,0.5,capacity,annual,"2022,2023,2024,2025,2026",data/capacity_weights_post_by_year,20260723T013213Z-85f136d9,8,,,,post,Post-COVID (2022-Apr 2026),results/post_covid_spatial_resolution/model_results.csv
dk,data/country_weather_post_covid/weather_era5_dk_capacity_0p5deg.csv,37924,30339,7585,2025-06-18 12:00:00+00:00,2026-04-30 21:00:00+00:00,classification,RandForest,auc,0.6393063264197466,0.9725104516701936,0.333204125250447,9.467442166991532,0.5,capacity,annual,"2022,2023,2024,2025,2026",data/capacity_weights_post_by_year,20260723T013213Z-85f136d9,8,,,,post,Post-COVID (2022-Apr 2026),results/post_covid_spatial_resolution/model_results.csv
es,data/country_weather_post_covid/weather_era5_es_capacity_0p5deg.csv,37941,30352,7589,2025-06-18 16:00:00+00:00,2026-04-30 21:00:00+00:00,classification,RandForest,auc,0.855632068846712,0.9665689421365264,0.1109368732898143,10.259038125048392,0.5,capacity,annual,"2022,2023,2024,2025,2026",data/capacity_weights_post_by_year,20260723T013213Z-85f136d9,8,,,,post,Post-COVID (2022-Apr 2026),results/post_covid_spatial_resolution/model_results.csv
fr,data/country_weather_post_covid/weather_era5_fr_capacity_0p5deg.csv,37882,30305,7577,2025-06-18 00:00:00+00:00,2026-04-30 21:00:00+00:00,classification,RandForest,auc,0.8032544823760589,0.8838298342437547,0.0805753518676958,9.056059917027596,0.5,capacity,annual,"2022,2023,2024,2025,2026",data/capacity_weights_post_by_year,20260723T013213Z-85f136d9,8,,,,post,Post-COVID (2022-Apr 2026),results/post_covid_spatial_resolution/model_results.csv
gr,data/country_weather_post_covid/weather_era5_gr_capacity_0p5deg.csv,37933,30346,7587,2025-06-18 17:00:00+00:00,2026-04-30 20:00:00+00:00,classification,RandForest,auc,0.788488666149749,0.9416561034152222,0.1531674372654732,9.971640417003073,0.5,capacity,annual,"2022,2023,2024,2025,2026",data/capacity_weights_post_by_year,20260723T013213Z-85f136d9,8,,,,post,Post-COVID (2022-Apr 2026),results/post_covid_spatial_resolution/model_results.csv
hr,data/country_weather_post_covid/weather_era5_hr_capacity_0p5deg.csv,37941,30352,7589,2025-06-18 17:00:00+00:00,2026-04-30 21:00:00+00:00,classification,RandForest,auc,0.6286851369828342,0.8164741242026494,0.1877889872198151,10.572843708039729,0.5,capacity,annual,"2022,2023,2024,2025,2026",data/capacity_weights_post_by_year,20260723T013213Z-85f136d9,8,,,,post,Post-COVID (2022-Apr 2026),results/post_covid_spatial_resolution/model_results.csv
ie,data/country_weather_post_covid/weather_era5_ie_capacity_0p5deg.csv,36085,28868,7217,2025-05-18 22:00:00+00:00,2026-04-30 22:00:00+00:00,classification,RandForest,auc,0.6276550292296796,0.9727279107659902,0.3450728815363105,8.334649084019475,0.5,capacity,annual,"2022,2023,2024,2025,2026",data/capacity_weights_post_by_year,20260723T013213Z-85f136d9,8,,,,post,Post-COVID (2022-Apr 2026),results/post_covid_spatial_resolution/model_results.csv
lt,data/country_weather_post_covid/weather_era5_lt_capacity_0p5deg.csv,37939,30351,7588,2025-06-18 16:00:00+00:00,2026-04-30 20:00:00+00:00,classification,RandForest,auc,0.6811298881897195,0.9301454676420206,0.249015579452301,10.46143716701772,0.5,capacity,annual,"2022,2023,2024,2025,2026",data/capacity_weights_post_by_year,20260723T013213Z-85f136d9,8,,,,post,Post-COVID (2022-Apr 2026),results/post_covid_spatial_resolution/model_results.csv
lv,data/country_weather_post_covid/weather_era5_lv_capacity_0p5deg.csv,37941,30352,7589,2025-06-18 16:00:00+00:00,2026-04-30 20:00:00+00:00,classification,RandForest,auc,0.60216233604846,0.6192277175000007,0.0170653814515406,10.535158417013008,0.5,capacity,annual,"2022,2023,2024,2025,2026",data/capacity_weights_post_by_year,20260723T013213Z-85f136d9,8,,,,post,Post-COVID (2022-Apr 2026),results/post_covid_spatial_resolution/model_results.csv
nl,data/country_weather_post_covid/weather_era5_nl_capacity_0p5deg.csv,37942,30353,7589,2025-06-18 17:00:00+00:00,2026-04-30 21:00:00+00:00,classification,RandForest,auc,0.7405519221263166,0.914887258070649,0.1743353359443323,7.440081208012998,0.5,capacity,annual,"2022,2023,2024,2025,2026",data/capacity_weights_post_by_year,20260723T013213Z-85f136d9,8,,,,post,Post-COVID (2022-Apr 2026),results/post_covid_spatial_resolution/model_results.csv
pt,data/country_weather_post_covid/weather_era5_pt_capacity_0p5deg.csv,37943,30354,7589,2025-06-18 18:00:00+00:00,2026-04-30 22:00:00+00:00,classification,RandForest,auc,0.7258488546106153,0.8593218803017306,0.1334730256911153,10.130786291032564,0.5,capacity,annual,"2022,2023,2024,2025,2026",data/capacity_weights_post_by_year,20260723T013213Z-85f136d9,8,,,,post,Post-COVID (2022-Apr 2026),results/post_covid_spatial_resolution/model_results.csv
ro,data/country_weather_post_covid/weather_era5_ro_capacity_0p5deg.csv,37941,30352,7589,2025-06-18 16:00:00+00:00,2026-04-30 20:00:00+00:00,classification,RandForest,auc,0.7258137637223947,0.8462439302571484,0.1204301665347536,15.534108499996364,0.5,capacity,annual,"2022,2023,2024,2025,2026",data/capacity_weights_post_by_year,20260723T013213Z-85f136d9,8,,,,post,Post-COVID (2022-Apr 2026),results/post_covid_spatial_resolution/model_results.csv
rs,data/country_weather_post_covid/weather_era5_rs_capacity_0p5deg.csv,37939,30351,7588,2025-06-18 15:00:00+00:00,2026-04-30 21:00:00+00:00,classification,RandForest,auc,0.8548951457225289,0.8302989893568385,-0.0245961563656903,8.8949201250216,0.5,capacity,annual,"2022,2023,2024,2025,2026",data/capacity_weights_post_by_year,20260723T013213Z-85f136d9,8,,,,post,Post-COVID (2022-Apr 2026),results/post_covid_spatial_resolution/model_results.csv
si,data/country_weather_post_covid/weather_era5_si_capacity_0p5deg.csv,37852,30281,7571,2025-06-19 04:00:00+00:00,2026-04-30 21:00:00+00:00,classification,RandForest,auc,0.7048730726626523,0.7285692817731765,0.0236962091105241,10.397476957994511,0.5,capacity,annual,"2022,2023,2024,2025,2026",data/capacity_weights_post_by_year,20260723T013213Z-85f136d9,8,,,,post,Post-COVID (2022-Apr 2026),results/post_covid_spatial_resolution/model_results.csv
sk,data/country_weather_post_covid/weather_era5_sk_capacity_0p5deg.csv,37886,30308,7578,2025-06-18 22:00:00+00:00,2026-04-30 21:00:00+00:00,classification,RandForest,auc,0.4766336633663366,0.4761056105610561,-0.0005280528052805,5.87373920797836,0.5,capacity,annual,"2022,2023,2024,2025,2026",data/capacity_weights_post_by_year,20260723T013213Z-85f136d9,8,,,,post,Post-COVID (2022-Apr 2026),results/post_covid_spatial_resolution/model_results.csv
at,data/country_weather_post_covid/weather_era5_at_capacity_1p0deg.csv,37942,30353,7589,2025-06-18 17:00:00+00:00,2026-04-30 21:00:00+00:00,classification,RandForest,auc,0.8483202614013706,0.9327830636956208,0.08446280229425,10.701391540991608,1.0,capacity,annual,"2022,2023,2024,2025,2026",data/capacity_weights_post_by_year,20260723T013213Z-85f136d9,8,,,,post,Post-COVID (2022-Apr 2026),results/post_covid_spatial_resolution/model_results.csv
be,data/country_weather_post_covid/weather_era5_be_capacity_1p0deg.csv,37942,30353,7589,2025-06-18 17:00:00+00:00,2026-04-30 21:00:00+00:00,classification,RandForest,auc,0.8553930267624273,0.9685319148266204,0.1131388880641931,9.18204624997452,1.0,capacity,annual,"2022,2023,2024,2025,2026",data/capacity_weights_post_by_year,20260723T013213Z-85f136d9,8,,,,post,Post-COVID (2022-Apr 2026),results/post_covid_spatial_resolution/model_results.csv
bg,data/country_weather_post_covid/weather_era5_bg_capacity_1p0deg.csv,37940,30352,7588,2025-06-18 17:00:00+00:00,2026-04-30 20:00:00+00:00,classification,RandForest,auc,0.8976928808831867,0.9240747767213816,0.026381895838195,8.813952041964512,1.0,capacity,annual,"2022,2023,2024,2025,2026",data/capacity_weights_post_by_year,20260723T013213Z-85f136d9,8,,,,post,Post-COVID (2022-Apr 2026),results/post_covid_spatial_resolution/model_results.csv
cz,data/country_weather_post_covid/weather_era5_cz_capacity_1p0deg.csv,37942,30353,7589,2025-06-18 17:00:00+00:00,2026-04-30 21:00:00+00:00,classification,RandForest,auc,0.8609476257806057,0.9491472251679036,0.088199599387298,9.000602292013355,1.0,capacity,annual,"2022,2023,2024,2025,2026",data/capacity_weights_post_by_year,20260723T013213Z-85f136d9,8,,,,post,Post-COVID (2022-Apr 2026),results/post_covid_spatial_resolution/model_results.csv
de,data/country_weather_post_covid/weather_era5_de_capacity_1p0deg.csv,37942,30353,7589,2025-06-18 17:00:00+00:00,2026-04-30 21:00:00+00:00,classification,RandForest,auc,0.7234274700435355,0.9701951902158564,0.2467677201723209,9.688972959003875,1.0,capacity,annual,"2022,2023,2024,2025,2026",data/capacity_weights_post_by_year,20260723T013213Z-85f136d9,8,,,,post,Post-COVID (2022-Apr 2026),results/post_covid_spatial_resolution/model_results.csv
dk,data/country_weather_post_covid/weather_era5_dk_capacity_1p0deg.csv,37924,30339,7585,2025-06-18 12:00:00+00:00,2026-04-30 21:00:00+00:00,classification,RandForest,auc,0.6393063264197466,0.9733658040208936,0.334059477601147,9.563528625003528,1.0,capacity,annual,"2022,2023,2024,2025,2026",data/capacity_weights_post_by_year,20260723T013213Z-85f136d9,8,,,,post,Post-COVID (2022-Apr 2026),results/post_covid_spatial_resolution/model_results.csv
es,data/country_weather_post_covid/weather_era5_es_capacity_1p0deg.csv,37941,30352,7589,2025-06-18 16:00:00+00:00,2026-04-30 21:00:00+00:00,classification,RandForest,auc,0.855632068846712,0.961950284711962,0.1063182158652499,10.35304062499199,1.0,capacity,annual,"2022,2023,2024,2025,2026",data/capacity_weights_post_by_year,20260723T013213Z-85f136d9,8,,,,post,Post-COVID (2022-Apr 2026),results/post_covid_spatial_resolution/model_results.csv
fr,data/country_weather_post_covid/weather_era5_fr_capacity_1p0deg.csv,37882,30305,7577,2025-06-18 00:00:00+00:00,2026-04-30 21:00:00+00:00,classification,RandForest,auc,0.8032544823760589,0.8748768345540188,0.0716223521779598,9.137591125036124,1.0,capacity,annual,"2022,2023,2024,2025,2026",data/capacity_weights_post_by_year,20260723T013213Z-85f136d9,8,,,,post,Post-COVID (2022-Apr 2026),results/post_covid_spatial_resolution/model_results.csv
gr,data/country_weather_post_covid/weather_era5_gr_capacity_1p0deg.csv,37933,30346,7587,2025-06-18 17:00:00+00:00,2026-04-30 20:00:00+00:00,classification,RandForest,auc,0.788488666149749,0.9400428799257204,0.1515542137759714,10.06911358301295,1.0,capacity,annual,"2022,2023,2024,2025,2026",data/capacity_weights_post_by_year,20260723T013213Z-85f136d9,8,,,,post,Post-COVID (2022-Apr 2026),results/post_covid_spatial_resolution/model_results.csv
hr,data/country_weather_post_covid/weather_era5_hr_capacity_1p0deg.csv,37941,30352,7589,2025-06-18 17:00:00+00:00,2026-04-30 21:00:00+00:00,classification,RandForest,auc,0.6286851369828342,0.7967876925570705,0.1681025555742362,10.61534187500365,1.0,capacity,annual,"2022,2023,2024,2025,2026",data/capacity_weights_post_by_year,20260723T013213Z-85f136d9,8,,,,post,Post-COVID (2022-Apr 2026),results/post_covid_spatial_resolution/model_results.csv
ie,data/country_weather_post_covid/weather_era5_ie_capacity_1p0deg.csv,36085,28868,7217,2025-05-18 22:00:00+00:00,2026-04-30 22:00:00+00:00,classification,RandForest,auc,0.6276550292296796,0.9726424969816184,0.3449874677519386,8.250701874960214,1.0,capacity,annual,"2022,2023,2024,2025,2026",data/capacity_weights_post_by_year,20260723T013213Z-85f136d9,8,,,,post,Post-COVID (2022-Apr 2026),results/post_covid_spatial_resolution/model_results.csv
lt,data/country_weather_post_covid/weather_era5_lt_capacity_1p0deg.csv,37939,30351,7588,2025-06-18 16:00:00+00:00,2026-04-30 20:00:00+00:00,classification,RandForest,auc,0.6811298881897195,0.9294290682141342,0.2482991800244146,10.426088790991344,1.0,capacity,annual,"2022,2023,2024,2025,2026",data/capacity_weights_post_by_year,20260723T013213Z-85f136d9,8,,,,post,Post-COVID (2022-Apr 2026),results/post_covid_spatial_resolution/model_results.csv
lv,data/country_weather_post_covid/weather_era5_lv_capacity_1p0deg.csv,37941,30352,7589,2025-06-18 16:00:00+00:00,2026-04-30 20:00:00+00:00,classification,RandForest,auc,0.60216233604846,0.6216553481375194,0.0194930120890594,10.63291158399079,1.0,capacity,annual,"2022,2023,2024,2025,2026",data/capacity_weights_post_by_year,20260723T013213Z-85f136d9,8,,,,post,Post-COVID (2022-Apr 2026),results/post_covid_spatial_resolution/model_results.csv
nl,data/country_weather_post_covid/weather_era5_nl_capacity_1p0deg.csv,37942,30353,7589,2025-06-18 17:00:00+00:00,2026-04-30 21:00:00+00:00,classification,RandForest,auc,0.7405519221263166,0.9021911479523936,0.161639225826077,7.565691291994881,1.0,capacity,annual,"2022,2023,2024,2025,2026",data/capacity_weights_post_by_year,20260723T013213Z-85f136d9,8,,,,post,Post-COVID (2022-Apr 2026),results/post_covid_spatial_resolution/model_results.csv
pt,data/country_weather_post_covid/weather_era5_pt_capacity_1p0deg.csv,37943,30354,7589,2025-06-18 18:00:00+00:00,2026-04-30 22:00:00+00:00,classification,RandForest,auc,0.7258488546106153,0.8554774303849029,0.1296285757742875,10.14698399999179,1.0,capacity,annual,"2022,2023,2024,2025,2026",data/capacity_weights_post_by_year,20260723T013213Z-85f136d9,8,,,,post,Post-COVID (2022-Apr 2026),results/post_covid_spatial_resolution/model_results.csv
ro,data/country_weather_post_covid/weather_era5_ro_capacity_1p0deg.csv,37941,30352,7589,2025-06-18 16:00:00+00:00,2026-04-30 20:00:00+00:00,classification,RandForest,auc,0.7258137637223947,0.8593343871287602,0.1335206234063655,15.615983374998905,1.0,capacity,annual,"2022,2023,2024,2025,2026",data/capacity_weights_post_by_year,20260723T013213Z-85f136d9,8,,,,post,Post-COVID (2022-Apr 2026),results/post_covid_spatial_resolution/model_results.csv
rs,data/country_weather_post_covid/weather_era5_rs_capacity_1p0deg.csv,37939,30351,7588,2025-06-18 15:00:00+00:00,2026-04-30 21:00:00+00:00,classification,RandForest,auc,0.8548951457225289,0.8218280794375895,-0.0330670662849393,9.084612583974376,1.0,capacity,annual,"2022,2023,2024,2025,2026",data/capacity_weights_post_by_year,20260723T013213Z-85f136d9,8,,,,post,Post-COVID (2022-Apr 2026),results/post_covid_spatial_resolution/model_results.csv
si,data/country_weather_post_covid/weather_era5_si_capacity_1p0deg.csv,37852,30281,7571,2025-06-19 04:00:00+00:00,2026-04-30 21:00:00+00:00,classification,RandForest,auc,0.7048730726626523,0.730226844390313,0.0253537717276607,10.397637708985712,1.0,capacity,annual,"2022,2023,2024,2025,2026",data/capacity_weights_post_by_year,20260723T013213Z-85f136d9,8,,,,post,Post-COVID (2022-Apr 2026),results/post_covid_spatial_resolution/model_results.csv
sk,data/country_weather_post_covid/weather_era5_sk_capacity_1p0deg.csv,37886,30308,7578,2025-06-18 22:00:00+00:00,2026-04-30 21:00:00+00:00,classification,RandForest,auc,0.4766336633663366,0.4793399339933993,0.0027062706270627,5.764175999967847,1.0,capacity,annual,"2022,2023,2024,2025,2026",data/capacity_weights_post_by_year,20260723T013213Z-85f136d9,8,,,,post,Post-COVID (2022-Apr 2026),results/post_covid_spatial_resolution/model_results.csv
at,data/country_weather_post_covid/weather_era5_at_capacity_2p0deg.csv,37942,30353,7589,2025-06-18 17:00:00+00:00,2026-04-30 21:00:00+00:00,classification,RandForest,auc,0.8483202614013706,0.915566267148176,0.0672460057468052,10.638243291003164,2.0,capacity,annual,"2022,2023,2024,2025,2026",data/capacity_weights_post_by_year,20260723T013213Z-85f136d9,8,,,,post,Post-COVID (2022-Apr 2026),results/post_covid_spatial_resolution/model_results.csv
be,data/country_weather_post_covid/weather_era5_be_capacity_2p0deg.csv,37942,30353,7589,2025-06-18 17:00:00+00:00,2026-04-30 21:00:00+00:00,classification,RandForest,auc,0.8553930267624273,0.967768771350249,0.1123757445878216,9.212129374966024,2.0,capacity,annual,"2022,2023,2024,2025,2026",data/capacity_weights_post_by_year,20260723T013213Z-85f136d9,8,,,,post,Post-COVID (2022-Apr 2026),results/post_covid_spatial_resolution/model_results.csv
bg,data/country_weather_post_covid/weather_era5_bg_capacity_2p0deg.csv,37940,30352,7588,2025-06-18 17:00:00+00:00,2026-04-30 20:00:00+00:00,classification,RandForest,auc,0.8976928808831867,0.9245794236140608,0.026886542730874,8.745522167009767,2.0,capacity,annual,"2022,2023,2024,2025,2026",data/capacity_weights_post_by_year,20260723T013213Z-85f136d9,8,,,,post,Post-COVID (2022-Apr 2026),results/post_covid_spatial_resolution/model_results.csv
cz,data/country_weather_post_covid/weather_era5_cz_capacity_2p0deg.csv,37942,30353,7589,2025-06-18 17:00:00+00:00,2026-04-30 21:00:00+00:00,classification,RandForest,auc,0.8609476257806057,0.96966831624838,0.1087206904677743,8.968975916970521,2.0,capacity,annual,"2022,2023,2024,2025,2026",data/capacity_weights_post_by_year,20260723T013213Z-85f136d9,8,,,,post,Post-COVID (2022-Apr 2026),results/post_covid_spatial_resolution/model_results.csv
de,data/country_weather_post_covid/weather_era5_de_capacity_2p0deg.csv,37942,30353,7589,2025-06-18 17:00:00+00:00,2026-04-30 21:00:00+00:00,classification,RandForest,auc,0.7234274700435355,0.9689811443668748,0.2455536743233394,9.770131875004154,2.0,capacity,annual,"2022,2023,2024,2025,2026",data/capacity_weights_post_by_year,20260723T013213Z-85f136d9,8,,,,post,Post-COVID (2022-Apr 2026),results/post_covid_spatial_resolution/model_results.csv
dk,data/country_weather_post_covid/weather_era5_dk_capacity_2p0deg.csv,37924,30339,7585,2025-06-18 12:00:00+00:00,2026-04-30 21:00:00+00:00,classification,RandForest,auc,0.6393063264197466,0.9698452061376984,0.3305388797179519,9.590015875000972,2.0,capacity,annual,"2022,2023,2024,2025,2026",data/capacity_weights_post_by_year,20260723T013213Z-85f136d9,8,,,,post,Post-COVID (2022-Apr 2026),results/post_covid_spatial_resolution/model_results.csv
es,data/country_weather_post_covid/weather_era5_es_capacity_2p0deg.csv,37941,30352,7589,2025-06-18 16:00:00+00:00,2026-04-30 21:00:00+00:00,classification,RandForest,auc,0.855632068846712,0.9550919237864152,0.0994598549397032,10.016476541000884,2.0,capacity,annual,"2022,2023,2024,2025,2026",data/capacity_weights_post_by_year,20260723T013213Z-85f136d9,8,,,,post,Post-COVID (2022-Apr 2026),results/post_covid_spatial_resolution/model_results.csv
fr,data/country_weather_post_covid/weather_era5_fr_capacity_2p0deg.csv,37882,30305,7577,2025-06-18 00:00:00+00:00,2026-04-30 21:00:00+00:00,classification,RandForest,auc,0.8032544823760589,0.8944650764848019,0.0912105941087429,8.965193292009644,2.0,capacity,annual,"2022,2023,2024,2025,2026",data/capacity_weights_post_by_year,20260723T013213Z-85f136d9,8,,,,post,Post-COVID (2022-Apr 2026),results/post_covid_spatial_resolution/model_results.csv
gr,data/country_weather_post_covid/weather_era5_gr_capacity_2p0deg.csv,37933,30346,7587,2025-06-18 17:00:00+00:00,2026-04-30 20:00:00+00:00,classification,RandForest,auc,0.788488666149749,0.9346494690174532,0.1461608028677042,10.174147458048536,2.0,capacity,annual,"2022,2023,2024,2025,2026",data/capacity_weights_post_by_year,20260723T013213Z-85f136d9,8,,,,post,Post-COVID (2022-Apr 2026),results/post_covid_spatial_resolution/model_results.csv
hr,data/country_weather_post_covid/weather_era5_hr_capacity_2p0deg.csv,37941,30352,7589,2025-06-18 17:00:00+00:00,2026-04-30 21:00:00+00:00,classification,RandForest,auc,0.6286851369828342,0.7838802218917051,0.1551950849088709,10.611911166983193,2.0,capacity,annual,"2022,2023,2024,2025,2026",data/capacity_weights_post_by_year,20260723T013213Z-85f136d9,8,,,,post,Post-COVID (2022-Apr 2026),results/post_covid_spatial_resolution/model_results.csv
ie,data/country_weather_post_covid/weather_era5_ie_capacity_2p0deg.csv,36085,28868,7217,2025-05-18 22:00:00+00:00,2026-04-30 22:00:00+00:00,classification,RandForest,auc,0.6276550292296796,0.970322700800376,0.3426676715706962,8.298145540989935,2.0,capacity,annual,"2022,2023,2024,2025,2026",data/capacity_weights_post_by_year,20260723T013213Z-85f136d9,8,,,,post,Post-COVID (2022-Apr 2026),results/post_covid_spatial_resolution/model_results.csv
lt,data/country_weather_post_covid/weather_era5_lt_capacity_2p0deg.csv,37939,30351,7588,2025-06-18 16:00:00+00:00,2026-04-30 20:00:00+00:00,classification,RandForest,auc,0.6811298881897195,0.9243262939545556,0.243196405764836,10.393995916994754,2.0,capacity,annual,"2022,2023,2024,2025,2026",data/capacity_weights_post_by_year,20260723T013213Z-85f136d9,8,,,,post,Post-COVID (2022-Apr 2026),results/post_covid_spatial_resolution/model_results.csv
lv,data/country_weather_post_covid/weather_era5_lv_capacity_2p0deg.csv,37941,30352,7589,2025-06-18 16:00:00+00:00,2026-04-30 20:00:00+00:00,classification,RandForest,auc,0.60216233604846,0.6224435679782605,0.0202812319298004,10.440506166021803,2.0,capacity,annual,"2022,2023,2024,2025,2026",data/capacity_weights_post_by_year,20260723T013213Z-85f136d9,8,,,,post,Post-COVID (2022-Apr 2026),results/post_covid_spatial_resolution/model_results.csv
nl,data/country_weather_post_covid/weather_era5_nl_capacity_2p0deg.csv,37942,30353,7589,2025-06-18 17:00:00+00:00,2026-04-30 21:00:00+00:00,classification,RandForest,auc,0.7405519221263166,0.8938189665006274,0.1532670443743108,7.520949458004907,2.0,capacity,annual,"2022,2023,2024,2025,2026",data/capacity_weights_post_by_year,20260723T013213Z-85f136d9,8,,,,post,Post-COVID (2022-Apr 2026),results/post_covid_spatial_resolution/model_results.csv
pt,data/country_weather_post_covid/weather_era5_pt_capacity_2p0deg.csv,37943,30354,7589,2025-06-18 18:00:00+00:00,2026-04-30 22:00:00+00:00,classification,RandForest,auc,0.7258488546106153,0.8388787345136437,0.1130298799030283,10.379115334013475,2.0,capacity,annual,"2022,2023,2024,2025,2026",data/capacity_weights_post_by_year,20260723T013213Z-85f136d9,8,,,,post,Post-COVID (2022-Apr 2026),results/post_covid_spatial_resolution/model_results.csv
ro,data/country_weather_post_covid/weather_era5_ro_capacity_2p0deg.csv,37941,30352,7589,2025-06-18 16:00:00+00:00,2026-04-30 20:00:00+00:00,classification,RandForest,auc,0.7258137637223947,0.8471579393811158,0.1213441756587211,15.761257500038482,2.0,capacity,annual,"2022,2023,2024,2025,2026",data/capacity_weights_post_by_year,20260723T013213Z-85f136d9,8,,,,post,Post-COVID (2022-Apr 2026),results/post_covid_spatial_resolution/model_results.csv
rs,data/country_weather_post_covid/weather_era5_rs_capacity_2p0deg.csv,37939,30351,7588,2025-06-18 15:00:00+00:00,2026-04-30 21:00:00+00:00,classification,RandForest,auc,0.8548951457225289,0.8178566353613882,-0.0370385103611407,9.223434665997049,2.0,capacity,annual,"2022,2023,2024,2025,2026",data/capacity_weights_post_by_year,20260723T013213Z-85f136d9,8,,,,post,Post-COVID (2022-Apr 2026),results/post_covid_spatial_resolution/model_results.csv
si,data/country_weather_post_covid/weather_era5_si_capacity_2p0deg.csv,37852,30281,7571,2025-06-19 04:00:00+00:00,2026-04-30 21:00:00+00:00,classification,RandForest,auc,0.7048730726626523,0.7296655082080817,0.0247924355454294,10.44051225000294,2.0,capacity,annual,"2022,2023,2024,2025,2026",data/capacity_weights_post_by_year,20260723T013213Z-85f136d9,8,,,,post,Post-COVID (2022-Apr 2026),results/post_covid_spatial_resolution/model_results.csv
sk,data/country_weather_post_covid/weather_era5_sk_capacity_2p0deg.csv,37886,30308,7578,2025-06-18 22:00:00+00:00,2026-04-30 21:00:00+00:00,classification,RandForest,auc,0.4766336633663366,0.6424642464246424,0.1658305830583057,5.647832083981484,2.0,capacity,annual,"2022,2023,2024,2025,2026",data/capacity_weights_post_by_year,20260723T013213Z-85f136d9,8,,,,post,Post-COVID (2022-Apr 2026),results/post_covid_spatial_resolution/model_results.csv
at,data/country_weather_post_covid/weather_era5_at_capacity_0p25deg.csv,37942,30353,7589,2025-06-18 17:00:00+00:00,2026-04-30 21:00:00+00:00,regression,GradientBoosting,r2,0.4665720531882078,0.7189771247250076,0.2524050715367998,10.413438166957349,0.25,capacity,annual,"2022,2023,2024,2025,2026",data/capacity_weights_post_by_year,20260723T013213Z-85f136d9,8,17.443175542527076,12.171847572602791,5.271327969924284,post,Post-COVID (2022-Apr 2026),results/post_covid_spatial_resolution/model_results.csv
be,data/country_weather_post_covid/weather_era5_be_capacity_0p25deg.csv,37942,30353,7589,2025-06-18 17:00:00+00:00,2026-04-30 21:00:00+00:00,regression,GradientBoosting,r2,0.3803729920052342,0.8480317897476414,0.4676587977424071,9.32093345897738,0.25,capacity,annual,"2022,2023,2024,2025,2026",data/capacity_weights_post_by_year,20260723T013213Z-85f136d9,8,13.047221506678447,5.542119153227672,7.505102353450775,post,Post-COVID (2022-Apr 2026),results/post_covid_spatial_resolution/model_results.csv
bg,data/country_weather_post_covid/weather_era5_bg_capacity_0p25deg.csv,37940,30352,7588,2025-06-18 17:00:00+00:00,2026-04-30 20:00:00+00:00,regression,GradientBoosting,r2,0.4995894519342803,0.5342083111041085,0.0346188591698282,8.682679291989189,0.25,capacity,annual,"2022,2023,2024,2025,2026",data/capacity_weights_post_by_year,20260723T013213Z-85f136d9,8,10.043358915306442,9.658398743642808,0.3849601716636339,post,Post-COVID (2022-Apr 2026),results/post_covid_spatial_resolution/model_results.csv
cz,data/country_weather_post_covid/weather_era5_cz_capacity_0p25deg.csv,37942,30353,7589,2025-06-18 17:00:00+00:00,2026-04-30 21:00:00+00:00,regression,GradientBoosting,r2,0.6468168976406032,0.8106674743589519,0.1638505767183486,8.755098833993543,0.25,capacity,annual,"2022,2023,2024,2025,2026",data/capacity_weights_post_by_year,20260723T013213Z-85f136d9,8,3.7314817388568096,2.8201201437783556,0.911361595078454,post,Post-COVID (2022-Apr 2026),results/post_covid_spatial_resolution/model_results.csv
de,data/country_weather_post_covid/weather_era5_de_capacity_0p25deg.csv,37942,30353,7589,2025-06-18 17:00:00+00:00,2026-04-30 21:00:00+00:00,regression,GradientBoosting,r2,0.3042126871263955,0.8231813614212589,0.5189686742948634,9.161748583021108,0.25,capacity,annual,"2022,2023,2024,2025,2026",data/capacity_weights_post_by_year,20260723T013213Z-85f136d9,8,16.77297034342088,7.4798876803845715,9.293082663036309,post,Post-COVID (2022-Apr 2026),results/post_covid_spatial_resolution/model_results.csv
dk,data/country_weather_post_covid/weather_era5_dk_capacity_0p25deg.csv,37924,30339,7585,2025-06-18 12:00:00+00:00,2026-04-30 21:00:00+00:00,regression,GradientBoosting,r2,-0.0319211060451638,0.7963724934123242,0.828293599457488,9.48399012500886,0.25,capacity,annual,"2022,2023,2024,2025,2026",data/capacity_weights_post_by_year,20260723T013213Z-85f136d9,8,28.687436291257697,11.381035991096132,17.306400300161563,post,Post-COVID (2022-Apr 2026),results/post_covid_spatial_resolution/model_results.csv
es,data/country_weather_post_covid/weather_era5_es_capacity_0p25deg.csv,37941,30352,7589,2025-06-18 16:00:00+00:00,2026-04-30 21:00:00+00:00,regression,GradientBoosting,r2,0.5733582053070105,0.8131067586421047,0.2397485533350941,8.900201665994246,0.25,capacity,annual,"2022,2023,2024,2025,2026",data/capacity_weights_post_by_year,20260723T013213Z-85f136d9,8,11.38998790114525,6.908605723575293,4.481382177569958,post,Post-COVID (2022-Apr 2026),results/post_covid_spatial_resolution/model_results.csv
fr,data/country_weather_post_covid/weather_era5_fr_capacity_0p25deg.csv,37882,30305,7577,2025-06-18 00:00:00+00:00,2026-04-30 21:00:00+00:00,regression,GradientBoosting,r2,0.2051608737089854,0.6570629025714629,0.4519020288624775,7.0803609160357155,0.25,capacity,annual,"2022,2023,2024,2025,2026",data/capacity_weights_post_by_year,20260723T013213Z-85f136d9,8,6.669137291176178,4.27806185417554,2.391075437000638,post,Post-COVID (2022-Apr 2026),results/post_covid_spatial_resolution/model_results.csv
gr,data/country_weather_post_covid/weather_era5_gr_capacity_0p25deg.csv,37933,30346,7587,2025-06-18 17:00:00+00:00,2026-04-30 20:00:00+00:00,regression,GradientBoosting,r2,0.2681877379901742,0.6253021062209567,0.3571143682307824,9.438121041981503,0.25,capacity,annual,"2022,2023,2024,2025,2026",data/capacity_weights_post_by_year,20260723T013213Z-85f136d9,8,17.875284454879893,12.163928213666797,5.711356241213098,post,Post-COVID (2022-Apr 2026),results/post_covid_spatial_resolution/model_results.csv
hr,data/country_weather_post_covid/weather_era5_hr_capacity_0p25deg.csv,37941,30352,7589,2025-06-18 17:00:00+00:00,2026-04-30 21:00:00+00:00,regression,GradientBoosting,r2,0.0238024617526498,0.462406248996033,0.4386037872433831,10.674397499999031,0.25,capacity,annual,"2022,2023,2024,2025,2026",data/capacity_weights_post_by_year,20260723T013213Z-85f136d9,8,14.706392686602184,10.405540050657216,4.300852635944967,post,Post-COVID (2022-Apr 2026),results/post_covid_spatial_resolution/model_results.csv
ie,data/country_weather_post_covid/weather_era5_ie_capacity_0p25deg.csv,36085,28868,7217,2025-05-18 22:00:00+00:00,2026-04-30 22:00:00+00:00,regression,GradientBoosting,r2,0.0473014961426631,0.922814148496052,0.875512652353389,8.326414999959525,0.25,capacity,annual,"2022,2023,2024,2025,2026",data/capacity_weights_post_by_year,20260723T013213Z-85f136d9,8,19.065121330646637,4.580118338129207,14.48500299251743,post,Post-COVID (2022-Apr 2026),results/post_covid_spatial_resolution/model_results.csv
lt,data/country_weather_post_covid/weather_era5_lt_capacity_0p25deg.csv,37939,30351,7588,2025-06-18 16:00:00+00:00,2026-04-30 20:00:00+00:00,regression,GradientBoosting,r2,-0.1460955580557066,0.2381253744673506,0.3842209325230572,10.448820999998134,0.25,capacity,annual,"2022,2023,2024,2025,2026",data/capacity_weights_post_by_year,20260723T013213Z-85f136d9,8,31.61068198632221,24.534748093328673,7.0759338929935325,post,Post-COVID (2022-Apr 2026),results/post_covid_spatial_resolution/model_results.csv
lv,data/country_weather_post_covid/weather_era5_lv_capacity_0p25deg.csv,37941,30352,7589,2025-06-18 16:00:00+00:00,2026-04-30 20:00:00+00:00,regression,GradientBoosting,r2,0.1064500428780012,0.0944485422338653,-0.0120015006441358,10.30859450000571,0.25,capacity,annual,"2022,2023,2024,2025,2026",data/capacity_weights_post_by_year,20260723T013213Z-85f136d9,8,28.93154042520603,28.153220717025658,0.7783197081803799,post,Post-COVID (2022-Apr 2026),results/post_covid_spatial_resolution/model_results.csv
nl,data/country_weather_post_covid/weather_era5_nl_capacity_0p25deg.csv,37942,30353,7589,2025-06-18 17:00:00+00:00,2026-04-30 21:00:00+00:00,regression,GradientBoosting,r2,0.009739908680317,0.8519342129297688,0.8421943042494517,7.382260792015586,0.25,capacity,annual,"2022,2023,2024,2025,2026",data/capacity_weights_post_by_year,20260723T013213Z-85f136d9,8,12.245521516628212,4.356189886728602,7.88933162989961,post,Post-COVID (2022-Apr 2026),results/post_covid_spatial_resolution/model_results.csv
pt,data/country_weather_post_covid/weather_era5_pt_capacity_0p25deg.csv,37943,30354,7589,2025-06-18 18:00:00+00:00,2026-04-30 22:00:00+00:00,regression,GradientBoosting,r2,0.1880983856235334,0.5068254259510088,0.3187270403274753,10.161908708978444,0.25,capacity,annual,"2022,2023,2024,2025,2026",data/capacity_weights_post_by_year,20260723T013213Z-85f136d9,8,14.090024134966306,10.99918896299909,3.090835171967216,post,Post-COVID (2022-Apr 2026),results/post_covid_spatial_resolution/model_results.csv
ro,data/country_weather_post_covid/weather_era5_ro_capacity_0p25deg.csv,37941,30352,7589,2025-06-18 16:00:00+00:00,2026-04-30 20:00:00+00:00,regression,GradientBoosting,r2,0.2328451739185391,0.4697190344294949,0.2368738605109558,15.41175495798234,0.25,capacity,annual,"2022,2023,2024,2025,2026",data/capacity_weights_post_by_year,20260723T013213Z-85f136d9,8,9.210031867941495,7.378302889613642,1.8317289783278552,post,Post-COVID (2022-Apr 2026),results/post_covid_spatial_resolution/model_results.csv
rs,data/country_weather_post_covid/weather_era5_rs_capacity_0p25deg.csv,37939,30351,7588,2025-06-18 15:00:00+00:00,2026-04-30 21:00:00+00:00,regression,GradientBoosting,r2,0.3209119493479312,0.3755992111146495,0.0546872617667183,8.954873083974235,0.25,capacity,annual,"2022,2023,2024,2025,2026",data/capacity_weights_post_by_year,20260723T013213Z-85f136d9,8,7.804611765147217,7.439927155034876,0.3646846101123415,post,Post-COVID (2022-Apr 2026),results/post_covid_spatial_resolution/model_results.csv
si,data/country_weather_post_covid/weather_era5_si_capacity_0p25deg.csv,37852,30281,7571,2025-06-19 04:00:00+00:00,2026-04-30 21:00:00+00:00,regression,GradientBoosting,r2,0.2739339828273509,0.1933945586340153,-0.0805394241933356,10.499656416010112,0.25,capacity,annual,"2022,2023,2024,2025,2026",data/capacity_weights_post_by_year,20260723T013213Z-85f136d9,8,11.025162261052875,11.2000593114472,-0.174897050394323,post,Post-COVID (2022-Apr 2026),results/post_covid_spatial_resolution/model_results.csv
sk,data/country_weather_post_covid/weather_era5_sk_capacity_0p25deg.csv,37886,30308,7578,2025-06-18 22:00:00+00:00,2026-04-30 21:00:00+00:00,regression,GradientBoosting,r2,-0.0870479002084054,-0.0913942942620997,-0.0043463940536943,5.7537921659532,0.25,capacity,annual,"2022,2023,2024,2025,2026",data/capacity_weights_post_by_year,20260723T013213Z-85f136d9,8,4.793595951055899,4.745000401271201,0.0485955497846974,post,Post-COVID (2022-Apr 2026),results/post_covid_spatial_resolution/model_results.csv
at,data/country_weather_post_covid/weather_era5_at_capacity_0p5deg.csv,37942,30353,7589,2025-06-18 17:00:00+00:00,2026-04-30 21:00:00+00:00,regression,GradientBoosting,r2,0.4665720531882078,0.7177333139251082,0.2511612607369003,10.464441709045786,0.5,capacity,annual,"2022,2023,2024,2025,2026",data/capacity_weights_post_by_year,20260723T013213Z-85f136d9,8,17.443175542527076,12.205918400826867,5.2372571417002085,post,Post-COVID (2022-Apr 2026),results/post_covid_spatial_resolution/model_results.csv
be,data/country_weather_post_covid/weather_era5_be_capacity_0p5deg.csv,37942,30353,7589,2025-06-18 17:00:00+00:00,2026-04-30 21:00:00+00:00,regression,GradientBoosting,r2,0.3803729920052342,0.8488528470054071,0.4684798550001728,9.229867959045803,0.5,capacity,annual,"2022,2023,2024,2025,2026",data/capacity_weights_post_by_year,20260723T013213Z-85f136d9,8,13.047221506678447,5.533053750561324,7.514167756117123,post,Post-COVID (2022-Apr 2026),results/post_covid_spatial_resolution/model_results.csv
bg,data/country_weather_post_covid/weather_era5_bg_capacity_0p5deg.csv,37940,30352,7588,2025-06-18 17:00:00+00:00,2026-04-30 20:00:00+00:00,regression,GradientBoosting,r2,0.4995894519342803,0.5331552271263688,0.0335657751920884,8.602129874983802,0.5,capacity,annual,"2022,2023,2024,2025,2026",data/capacity_weights_post_by_year,20260723T013213Z-85f136d9,8,10.043358915306442,9.66758294587926,0.3757759694271829,post,Post-COVID (2022-Apr 2026),results/post_covid_spatial_resolution/model_results.csv
cz,data/country_weather_post_covid/weather_era5_cz_capacity_0p5deg.csv,37942,30353,7589,2025-06-18 17:00:00+00:00,2026-04-30 21:00:00+00:00,regression,GradientBoosting,r2,0.6468168976406032,0.8128448113878877,0.1660279137472844,8.892306958034169,0.5,capacity,annual,"2022,2023,2024,2025,2026",data/capacity_weights_post_by_year,20260723T013213Z-85f136d9,8,3.7314817388568096,2.8096571419076097,0.9218245969491998,post,Post-COVID (2022-Apr 2026),results/post_covid_spatial_resolution/model_results.csv
de,data/country_weather_post_covid/weather_era5_de_capacity_0p5deg.csv,37942,30353,7589,2025-06-18 17:00:00+00:00,2026-04-30 21:00:00+00:00,regression,GradientBoosting,r2,0.3042126871263955,0.8227315557479988,0.5185188686216033,9.689197750005404,0.5,capacity,annual,"2022,2023,2024,2025,2026",data/capacity_weights_post_by_year,20260723T013213Z-85f136d9,8,16.77297034342088,7.470503734689201,9.30246660873168,post,Post-COVID (2022-Apr 2026),results/post_covid_spatial_resolution/model_results.csv
dk,data/country_weather_post_covid/weather_era5_dk_capacity_0p5deg.csv,37924,30339,7585,2025-06-18 12:00:00+00:00,2026-04-30 21:00:00+00:00,regression,GradientBoosting,r2,-0.0319211060451638,0.7971397035643375,0.8290608096095013,9.467442166991532,0.5,capacity,annual,"2022,2023,2024,2025,2026",data/capacity_weights_post_by_year,20260723T013213Z-85f136d9,8,28.687436291257697,11.351446280178765,17.335990011078934,post,Post-COVID (2022-Apr 2026),results/post_covid_spatial_resolution/model_results.csv
es,data/country_weather_post_covid/weather_era5_es_capacity_0p5deg.csv,37941,30352,7589,2025-06-18 16:00:00+00:00,2026-04-30 21:00:00+00:00,regression,GradientBoosting,r2,0.5733582053070105,0.8098301851939347,0.2364719798869241,10.259038125048392,0.5,capacity,annual,"2022,2023,2024,2025,2026",data/capacity_weights_post_by_year,20260723T013213Z-85f136d9,8,11.38998790114525,6.991864863292302,4.398123037852948,post,Post-COVID (2022-Apr 2026),results/post_covid_spatial_resolution/model_results.csv
fr,data/country_weather_post_covid/weather_era5_fr_capacity_0p5deg.csv,37882,30305,7577,2025-06-18 00:00:00+00:00,2026-04-30 21:00:00+00:00,regression,GradientBoosting,r2,0.2051608737089854,0.6551233467305264,0.449962473021541,9.056059917027596,0.5,capacity,annual,"2022,2023,2024,2025,2026",data/capacity_weights_post_by_year,20260723T013213Z-85f136d9,8,6.669137291176178,4.304528338759572,2.3646089524166065,post,Post-COVID (2022-Apr 2026),results/post_covid_spatial_resolution/model_results.csv
gr,data/country_weather_post_covid/weather_era5_gr_capacity_0p5deg.csv,37933,30346,7587,2025-06-18 17:00:00+00:00,2026-04-30 20:00:00+00:00,regression,GradientBoosting,r2,0.2681877379901742,0.623449924046307,0.3552621860561327,9.971640417003073,0.5,capacity,annual,"2022,2023,2024,2025,2026",data/capacity_weights_post_by_year,20260723T013213Z-85f136d9,8,17.875284454879893,12.193337594981749,5.6819468598981455,post,Post-COVID (2022-Apr 2026),results/post_covid_spatial_resolution/model_results.csv
hr,data/country_weather_post_covid/weather_era5_hr_capacity_0p5deg.csv,37941,30352,7589,2025-06-18 17:00:00+00:00,2026-04-30 21:00:00+00:00,regression,GradientBoosting,r2,0.0238024617526498,0.4487552465617477,0.4249527848090978,10.572843708039729,0.5,capacity,annual,"2022,2023,2024,2025,2026",data/capacity_weights_post_by_year,20260723T013213Z-85f136d9,8,14.706392686602184,10.505441465068238,4.200951221533947,post,Post-COVID (2022-Apr 2026),results/post_covid_spatial_resolution/model_results.csv
ie,data/country_weather_post_covid/weather_era5_ie_capacity_0p5deg.csv,36085,28868,7217,2025-05-18 22:00:00+00:00,2026-04-30 22:00:00+00:00,regression,GradientBoosting,r2,0.0473014961426631,0.9196682296802404,0.8723667335375772,8.334649084019475,0.5,capacity,annual,"2022,2023,2024,2025,2026",data/capacity_weights_post_by_year,20260723T013213Z-85f136d9,8,19.065121330646637,4.6667413152145825,14.398380015432052,post,Post-COVID (2022-Apr 2026),results/post_covid_spatial_resolution/model_results.csv
lt,data/country_weather_post_covid/weather_era5_lt_capacity_0p5deg.csv,37939,30351,7588,2025-06-18 16:00:00+00:00,2026-04-30 20:00:00+00:00,regression,GradientBoosting,r2,-0.1460955580557066,0.2344990323497231,0.3805945904054297,10.46143716701772,0.5,capacity,annual,"2022,2023,2024,2025,2026",data/capacity_weights_post_by_year,20260723T013213Z-85f136d9,8,31.61068198632221,24.583998336971536,7.0266836493506695,post,Post-COVID (2022-Apr 2026),results/post_covid_spatial_resolution/model_results.csv
lv,data/country_weather_post_covid/weather_era5_lv_capacity_0p5deg.csv,37941,30352,7589,2025-06-18 16:00:00+00:00,2026-04-30 20:00:00+00:00,regression,GradientBoosting,r2,0.1064500428780012,0.0994372773717637,-0.0070127655062374,10.535158417013008,0.5,capacity,annual,"2022,2023,2024,2025,2026",data/capacity_weights_post_by_year,20260723T013213Z-85f136d9,8,28.93154042520603,27.962041026159337,0.9694993990466968,post,Post-COVID (2022-Apr 2026),results/post_covid_spatial_resolution/model_results.csv
nl,data/country_weather_post_covid/weather_era5_nl_capacity_0p5deg.csv,37942,30353,7589,2025-06-18 17:00:00+00:00,2026-04-30 21:00:00+00:00,regression,GradientBoosting,r2,0.009739908680317,0.8549992546950765,0.8452593460147595,7.440081208012998,0.5,capacity,annual,"2022,2023,2024,2025,2026",data/capacity_weights_post_by_year,20260723T013213Z-85f136d9,8,12.245521516628212,4.3116884646874025,7.93383305194081,post,Post-COVID (2022-Apr 2026),results/post_covid_spatial_resolution/model_results.csv
pt,data/country_weather_post_covid/weather_era5_pt_capacity_0p5deg.csv,37943,30354,7589,2025-06-18 18:00:00+00:00,2026-04-30 22:00:00+00:00,regression,GradientBoosting,r2,0.1880983856235334,0.503844345055086,0.3157459594315526,10.130786291032564,0.5,capacity,annual,"2022,2023,2024,2025,2026",data/capacity_weights_post_by_year,20260723T013213Z-85f136d9,8,14.090024134966306,11.043912521001536,3.0461116139647704,post,Post-COVID (2022-Apr 2026),results/post_covid_spatial_resolution/model_results.csv
ro,data/country_weather_post_covid/weather_era5_ro_capacity_0p5deg.csv,37941,30352,7589,2025-06-18 16:00:00+00:00,2026-04-30 20:00:00+00:00,regression,GradientBoosting,r2,0.2328451739185391,0.4945848938072446,0.2617397198887055,15.534108499996364,0.5,capacity,annual,"2022,2023,2024,2025,2026",data/capacity_weights_post_by_year,20260723T013213Z-85f136d9,8,9.210031867941495,7.131965318047748,2.078066549893749,post,Post-COVID (2022-Apr 2026),results/post_covid_spatial_resolution/model_results.csv
rs,data/country_weather_post_covid/weather_era5_rs_capacity_0p5deg.csv,37939,30351,7588,2025-06-18 15:00:00+00:00,2026-04-30 21:00:00+00:00,regression,GradientBoosting,r2,0.3209119493479312,0.3773794449711012,0.0564674956231699,8.8949201250216,0.5,capacity,annual,"2022,2023,2024,2025,2026",data/capacity_weights_post_by_year,20260723T013213Z-85f136d9,8,7.804611765147217,7.444083528321081,0.360528236826136,post,Post-COVID (2022-Apr 2026),results/post_covid_spatial_resolution/model_results.csv
si,data/country_weather_post_covid/weather_era5_si_capacity_0p5deg.csv,37852,30281,7571,2025-06-19 04:00:00+00:00,2026-04-30 21:00:00+00:00,regression,GradientBoosting,r2,0.2739339828273509,0.195494725256194,-0.0784392575711568,10.397476957994511,0.5,capacity,annual,"2022,2023,2024,2025,2026",data/capacity_weights_post_by_year,20260723T013213Z-85f136d9,8,11.025162261052875,11.186243057668028,-0.1610807966151508,post,Post-COVID (2022-Apr 2026),results/post_covid_spatial_resolution/model_results.csv
sk,data/country_weather_post_covid/weather_era5_sk_capacity_0p5deg.csv,37886,30308,7578,2025-06-18 22:00:00+00:00,2026-04-30 21:00:00+00:00,regression,GradientBoosting,r2,-0.0870479002084054,-0.0949289511854065,-0.007881050977001,5.87373920797836,0.5,capacity,annual,"2022,2023,2024,2025,2026",data/capacity_weights_post_by_year,20260723T013213Z-85f136d9,8,4.793595951055899,4.741144628102272,0.0524513229536269,post,Post-COVID (2022-Apr 2026),results/post_covid_spatial_resolution/model_results.csv
at,data/country_weather_post_covid/weather_era5_at_capacity_1p0deg.csv,37942,30353,7589,2025-06-18 17:00:00+00:00,2026-04-30 21:00:00+00:00,regression,GradientBoosting,r2,0.4665720531882078,0.7187821410541488,0.252210087865941,10.701391540991608,1.0,capacity,annual,"2022,2023,2024,2025,2026",data/capacity_weights_post_by_year,20260723T013213Z-85f136d9,8,17.443175542527076,12.18762732853572,5.255548213991355,post,Post-COVID (2022-Apr 2026),results/post_covid_spatial_resolution/model_results.csv
be,data/country_weather_post_covid/weather_era5_be_capacity_1p0deg.csv,37942,30353,7589,2025-06-18 17:00:00+00:00,2026-04-30 21:00:00+00:00,regression,GradientBoosting,r2,0.3803729920052342,0.8484369609212672,0.4680639689160329,9.18204624997452,1.0,capacity,annual,"2022,2023,2024,2025,2026",data/capacity_weights_post_by_year,20260723T013213Z-85f136d9,8,13.047221506678447,5.542598584381251,7.504622922297196,post,Post-COVID (2022-Apr 2026),results/post_covid_spatial_resolution/model_results.csv
bg,data/country_weather_post_covid/weather_era5_bg_capacity_1p0deg.csv,37940,30352,7588,2025-06-18 17:00:00+00:00,2026-04-30 20:00:00+00:00,regression,GradientBoosting,r2,0.4995894519342803,0.5377873675195847,0.0381979155853043,8.813952041964512,1.0,capacity,annual,"2022,2023,2024,2025,2026",data/capacity_weights_post_by_year,20260723T013213Z-85f136d9,8,10.043358915306442,9.653115042549487,0.3902438727569546,post,Post-COVID (2022-Apr 2026),results/post_covid_spatial_resolution/model_results.csv
cz,data/country_weather_post_covid/weather_era5_cz_capacity_1p0deg.csv,37942,30353,7589,2025-06-18 17:00:00+00:00,2026-04-30 21:00:00+00:00,regression,GradientBoosting,r2,0.6468168976406032,0.8092969717746205,0.1624800741340172,9.000602292013355,1.0,capacity,annual,"2022,2023,2024,2025,2026",data/capacity_weights_post_by_year,20260723T013213Z-85f136d9,8,3.7314817388568096,2.836850234933159,0.8946315039236508,post,Post-COVID (2022-Apr 2026),results/post_covid_spatial_resolution/model_results.csv
de,data/country_weather_post_covid/weather_era5_de_capacity_1p0deg.csv,37942,30353,7589,2025-06-18 17:00:00+00:00,2026-04-30 21:00:00+00:00,regression,GradientBoosting,r2,0.3042126871263955,0.822911799514562,0.5186991123881665,9.688972959003875,1.0,capacity,annual,"2022,2023,2024,2025,2026",data/capacity_weights_post_by_year,20260723T013213Z-85f136d9,8,16.77297034342088,7.506620673547416,9.266349669873463,post,Post-COVID (2022-Apr 2026),results/post_covid_spatial_resolution/model_results.csv
dk,data/country_weather_post_covid/weather_era5_dk_capacity_1p0deg.csv,37924,30339,7585,2025-06-18 12:00:00+00:00,2026-04-30 21:00:00+00:00,regression,GradientBoosting,r2,-0.0319211060451638,0.7906305743217035,0.8225516803668673,9.563528625003528,1.0,capacity,annual,"2022,2023,2024,2025,2026",data/capacity_weights_post_by_year,20260723T013213Z-85f136d9,8,28.687436291257697,11.489853745501083,17.19758254575661,post,Post-COVID (2022-Apr 2026),results/post_covid_spatial_resolution/model_results.csv
es,data/country_weather_post_covid/weather_era5_es_capacity_1p0deg.csv,37941,30352,7589,2025-06-18 16:00:00+00:00,2026-04-30 21:00:00+00:00,regression,GradientBoosting,r2,0.5733582053070105,0.8009459021745273,0.2275876968675168,10.35304062499199,1.0,capacity,annual,"2022,2023,2024,2025,2026",data/capacity_weights_post_by_year,20260723T013213Z-85f136d9,8,11.38998790114525,7.204852604011683,4.185135297133567,post,Post-COVID (2022-Apr 2026),results/post_covid_spatial_resolution/model_results.csv
fr,data/country_weather_post_covid/weather_era5_fr_capacity_1p0deg.csv,37882,30305,7577,2025-06-18 00:00:00+00:00,2026-04-30 21:00:00+00:00,regression,GradientBoosting,r2,0.2051608737089854,0.6476223655483921,0.4424614918394067,9.137591125036124,1.0,capacity,annual,"2022,2023,2024,2025,2026",data/capacity_weights_post_by_year,20260723T013213Z-85f136d9,8,6.669137291176178,4.353108195299846,2.316029095876332,post,Post-COVID (2022-Apr 2026),results/post_covid_spatial_resolution/model_results.csv
gr,data/country_weather_post_covid/weather_era5_gr_capacity_1p0deg.csv,37933,30346,7587,2025-06-18 17:00:00+00:00,2026-04-30 20:00:00+00:00,regression,GradientBoosting,r2,0.2681877379901742,0.6191361671767042,0.3509484291865299,10.06911358301295,1.0,capacity,annual,"2022,2023,2024,2025,2026",data/capacity_weights_post_by_year,20260723T013213Z-85f136d9,8,17.875284454879893,12.24830783014988,5.626976624730013,post,Post-COVID (2022-Apr 2026),results/post_covid_spatial_resolution/model_results.csv
hr,data/country_weather_post_covid/weather_era5_hr_capacity_1p0deg.csv,37941,30352,7589,2025-06-18 17:00:00+00:00,2026-04-30 21:00:00+00:00,regression,GradientBoosting,r2,0.0238024617526498,0.3896672157732773,0.3658647540206274,10.61534187500365,1.0,capacity,annual,"2022,2023,2024,2025,2026",data/capacity_weights_post_by_year,20260723T013213Z-85f136d9,8,14.706392686602184,11.101265790885494,3.6051268957166904,post,Post-COVID (2022-Apr 2026),results/post_covid_spatial_resolution/model_results.csv
ie,data/country_weather_post_covid/weather_era5_ie_capacity_1p0deg.csv,36085,28868,7217,2025-05-18 22:00:00+00:00,2026-04-30 22:00:00+00:00,regression,GradientBoosting,r2,0.0473014961426631,0.919304457948441,0.8720029618057779,8.250701874960214,1.0,capacity,annual,"2022,2023,2024,2025,2026",data/capacity_weights_post_by_year,20260723T013213Z-85f136d9,8,19.065121330646637,4.708723246646432,14.356398084000205,post,Post-COVID (2022-Apr 2026),results/post_covid_spatial_resolution/model_results.csv
lt,data/country_weather_post_covid/weather_era5_lt_capacity_1p0deg.csv,37939,30351,7588,2025-06-18 16:00:00+00:00,2026-04-30 20:00:00+00:00,regression,GradientBoosting,r2,-0.1460955580557066,0.2395116038969297,0.3856071619526363,10.426088790991344,1.0,capacity,annual,"2022,2023,2024,2025,2026",data/capacity_weights_post_by_year,20260723T013213Z-85f136d9,8,31.61068198632221,24.5450082895087,7.065673696813505,post,Post-COVID (2022-Apr 2026),results/post_covid_spatial_resolution/model_results.csv
lv,data/country_weather_post_covid/weather_era5_lv_capacity_1p0deg.csv,37941,30352,7589,2025-06-18 16:00:00+00:00,2026-04-30 20:00:00+00:00,regression,GradientBoosting,r2,0.1064500428780012,0.0818063076898469,-0.0246437351881542,10.63291158399079,1.0,capacity,annual,"2022,2023,2024,2025,2026",data/capacity_weights_post_by_year,20260723T013213Z-85f136d9,8,28.93154042520603,28.216762066343662,0.7147783588623717,post,Post-COVID (2022-Apr 2026),results/post_covid_spatial_resolution/model_results.csv
nl,data/country_weather_post_covid/weather_era5_nl_capacity_1p0deg.csv,37942,30353,7589,2025-06-18 17:00:00+00:00,2026-04-30 21:00:00+00:00,regression,GradientBoosting,r2,0.009739908680317,0.8470456229210668,0.8373057142407497,7.565691291994881,1.0,capacity,annual,"2022,2023,2024,2025,2026",data/capacity_weights_post_by_year,20260723T013213Z-85f136d9,8,12.245521516628212,4.392363815056695,7.853157701571518,post,Post-COVID (2022-Apr 2026),results/post_covid_spatial_resolution/model_results.csv
pt,data/country_weather_post_covid/weather_era5_pt_capacity_1p0deg.csv,37943,30354,7589,2025-06-18 18:00:00+00:00,2026-04-30 22:00:00+00:00,regression,GradientBoosting,r2,0.1880983856235334,0.4947693373213847,0.3066709516978513,10.14698399999179,1.0,capacity,annual,"2022,2023,2024,2025,2026",data/capacity_weights_post_by_year,20260723T013213Z-85f136d9,8,14.090024134966306,11.174257680060688,2.9157664549056186,post,Post-COVID (2022-Apr 2026),results/post_covid_spatial_resolution/model_results.csv
ro,data/country_weather_post_covid/weather_era5_ro_capacity_1p0deg.csv,37941,30352,7589,2025-06-18 16:00:00+00:00,2026-04-30 20:00:00+00:00,regression,GradientBoosting,r2,0.2328451739185391,0.5257982739235576,0.2929531000050185,15.615983374998905,1.0,capacity,annual,"2022,2023,2024,2025,2026",data/capacity_weights_post_by_year,20260723T013213Z-85f136d9,8,9.210031867941495,6.818112610861995,2.3919192570795023,post,Post-COVID (2022-Apr 2026),results/post_covid_spatial_resolution/model_results.csv
rs,data/country_weather_post_covid/weather_era5_rs_capacity_1p0deg.csv,37939,30351,7588,2025-06-18 15:00:00+00:00,2026-04-30 21:00:00+00:00,regression,GradientBoosting,r2,0.3209119493479312,0.354425898547438,0.0335139491995067,9.084612583974376,1.0,capacity,annual,"2022,2023,2024,2025,2026",data/capacity_weights_post_by_year,20260723T013213Z-85f136d9,8,7.804611765147217,7.578466387142416,0.2261453780048015,post,Post-COVID (2022-Apr 2026),results/post_covid_spatial_resolution/model_results.csv
si,data/country_weather_post_covid/weather_era5_si_capacity_1p0deg.csv,37852,30281,7571,2025-06-19 04:00:00+00:00,2026-04-30 21:00:00+00:00,regression,GradientBoosting,r2,0.2739339828273509,0.1880572607925245,-0.0858767220348264,10.397637708985712,1.0,capacity,annual,"2022,2023,2024,2025,2026",data/capacity_weights_post_by_year,20260723T013213Z-85f136d9,8,11.025162261052875,11.217724667232364,-0.192562406179487,post,Post-COVID (2022-Apr 2026),results/post_covid_spatial_resolution/model_results.csv
sk,data/country_weather_post_covid/weather_era5_sk_capacity_1p0deg.csv,37886,30308,7578,2025-06-18 22:00:00+00:00,2026-04-30 21:00:00+00:00,regression,GradientBoosting,r2,-0.0870479002084054,-0.0886795353668969,-0.0016316351584915,5.764175999967847,1.0,capacity,annual,"2022,2023,2024,2025,2026",data/capacity_weights_post_by_year,20260723T013213Z-85f136d9,8,4.793595951055899,4.72861740238811,0.0649785486677885,post,Post-COVID (2022-Apr 2026),results/post_covid_spatial_resolution/model_results.csv
at,data/country_weather_post_covid/weather_era5_at_capacity_2p0deg.csv,37942,30353,7589,2025-06-18 17:00:00+00:00,2026-04-30 21:00:00+00:00,regression,GradientBoosting,r2,0.4665720531882078,0.6931743721925063,0.2266023190042985,10.638243291003164,2.0,capacity,annual,"2022,2023,2024,2025,2026",data/capacity_weights_post_by_year,20260723T013213Z-85f136d9,8,17.443175542527076,12.812497252763416,4.63067828976366,post,Post-COVID (2022-Apr 2026),results/post_covid_spatial_resolution/model_results.csv
be,data/country_weather_post_covid/weather_era5_be_capacity_2p0deg.csv,37942,30353,7589,2025-06-18 17:00:00+00:00,2026-04-30 21:00:00+00:00,regression,GradientBoosting,r2,0.3803729920052342,0.8441843482030169,0.4638113561977827,9.212129374966024,2.0,capacity,annual,"2022,2023,2024,2025,2026",data/capacity_weights_post_by_year,20260723T013213Z-85f136d9,8,13.047221506678447,5.627404212120851,7.419817294557596,post,Post-COVID (2022-Apr 2026),results/post_covid_spatial_resolution/model_results.csv
bg,data/country_weather_post_covid/weather_era5_bg_capacity_2p0deg.csv,37940,30352,7588,2025-06-18 17:00:00+00:00,2026-04-30 20:00:00+00:00,regression,GradientBoosting,r2,0.4995894519342803,0.5298224873814799,0.0302330354471995,8.745522167009767,2.0,capacity,annual,"2022,2023,2024,2025,2026",data/capacity_weights_post_by_year,20260723T013213Z-85f136d9,8,10.043358915306442,9.694142364308478,0.3492165509979639,post,Post-COVID (2022-Apr 2026),results/post_covid_spatial_resolution/model_results.csv
cz,data/country_weather_post_covid/weather_era5_cz_capacity_2p0deg.csv,37942,30353,7589,2025-06-18 17:00:00+00:00,2026-04-30 21:00:00+00:00,regression,GradientBoosting,r2,0.6468168976406032,0.8095337078065633,0.16271681016596,8.968975916970521,2.0,capacity,annual,"2022,2023,2024,2025,2026",data/capacity_weights_post_by_year,20260723T013213Z-85f136d9,8,3.7314817388568096,2.823082597873678,0.9083991409831316,post,Post-COVID (2022-Apr 2026),results/post_covid_spatial_resolution/model_results.csv
de,data/country_weather_post_covid/weather_era5_de_capacity_2p0deg.csv,37942,30353,7589,2025-06-18 17:00:00+00:00,2026-04-30 21:00:00+00:00,regression,GradientBoosting,r2,0.3042126871263955,0.8219232055138527,0.5177105183874572,9.770131875004154,2.0,capacity,annual,"2022,2023,2024,2025,2026",data/capacity_weights_post_by_year,20260723T013213Z-85f136d9,8,16.77297034342088,7.526934891772882,9.246035451647998,post,Post-COVID (2022-Apr 2026),results/post_covid_spatial_resolution/model_results.csv
dk,data/country_weather_post_covid/weather_era5_dk_capacity_2p0deg.csv,37924,30339,7585,2025-06-18 12:00:00+00:00,2026-04-30 21:00:00+00:00,regression,GradientBoosting,r2,-0.0319211060451638,0.7667269875853108,0.7986480936304746,9.590015875000972,2.0,capacity,annual,"2022,2023,2024,2025,2026",data/capacity_weights_post_by_year,20260723T013213Z-85f136d9,8,28.687436291257697,12.277426467614044,16.410009823643655,post,Post-COVID (2022-Apr 2026),results/post_covid_spatial_resolution/model_results.csv
es,data/country_weather_post_covid/weather_era5_es_capacity_2p0deg.csv,37941,30352,7589,2025-06-18 16:00:00+00:00,2026-04-30 21:00:00+00:00,regression,GradientBoosting,r2,0.5733582053070105,0.7917778881063479,0.2184196827993373,10.016476541000884,2.0,capacity,annual,"2022,2023,2024,2025,2026",data/capacity_weights_post_by_year,20260723T013213Z-85f136d9,8,11.38998790114525,7.451124948685565,3.9388629524596857,post,Post-COVID (2022-Apr 2026),results/post_covid_spatial_resolution/model_results.csv
fr,data/country_weather_post_covid/weather_era5_fr_capacity_2p0deg.csv,37882,30305,7577,2025-06-18 00:00:00+00:00,2026-04-30 21:00:00+00:00,regression,GradientBoosting,r2,0.2051608737089854,0.6496980813115165,0.4445372076025311,8.965193292009644,2.0,capacity,annual,"2022,2023,2024,2025,2026",data/capacity_weights_post_by_year,20260723T013213Z-85f136d9,8,6.669137291176178,4.326458624445796,2.3426786667303823,post,Post-COVID (2022-Apr 2026),results/post_covid_spatial_resolution/model_results.csv
gr,data/country_weather_post_covid/weather_era5_gr_capacity_2p0deg.csv,37933,30346,7587,2025-06-18 17:00:00+00:00,2026-04-30 20:00:00+00:00,regression,GradientBoosting,r2,0.2681877379901742,0.6063992733497783,0.338211535359604,10.174147458048536,2.0,capacity,annual,"2022,2023,2024,2025,2026",data/capacity_weights_post_by_year,20260723T013213Z-85f136d9,8,17.875284454879893,12.524775560869935,5.350508894009955,post,Post-COVID (2022-Apr 2026),results/post_covid_spatial_resolution/model_results.csv
hr,data/country_weather_post_covid/weather_era5_hr_capacity_2p0deg.csv,37941,30352,7589,2025-06-18 17:00:00+00:00,2026-04-30 21:00:00+00:00,regression,GradientBoosting,r2,0.0238024617526498,0.3491193589905199,0.32531689723787,10.611911166983193,2.0,capacity,annual,"2022,2023,2024,2025,2026",data/capacity_weights_post_by_year,20260723T013213Z-85f136d9,8,14.706392686602184,11.57314628022478,3.1332464063774044,post,Post-COVID (2022-Apr 2026),results/post_covid_spatial_resolution/model_results.csv
ie,data/country_weather_post_covid/weather_era5_ie_capacity_2p0deg.csv,36085,28868,7217,2025-05-18 22:00:00+00:00,2026-04-30 22:00:00+00:00,regression,GradientBoosting,r2,0.0473014961426631,0.9108486603586264,0.8635471642159633,8.298145540989935,2.0,capacity,annual,"2022,2023,2024,2025,2026",data/capacity_weights_post_by_year,20260723T013213Z-85f136d9,8,19.065121330646637,5.041511311237583,14.023610019409054,post,Post-COVID (2022-Apr 2026),results/post_covid_spatial_resolution/model_results.csv
lt,data/country_weather_post_covid/weather_era5_lt_capacity_2p0deg.csv,37939,30351,7588,2025-06-18 16:00:00+00:00,2026-04-30 20:00:00+00:00,regression,GradientBoosting,r2,-0.1460955580557066,0.2438838116178723,0.3899793696735789,10.393995916994754,2.0,capacity,annual,"2022,2023,2024,2025,2026",data/capacity_weights_post_by_year,20260723T013213Z-85f136d9,8,31.61068198632221,24.556618384346145,7.054063601976061,post,Post-COVID (2022-Apr 2026),results/post_covid_spatial_resolution/model_results.csv
lv,data/country_weather_post_covid/weather_era5_lv_capacity_2p0deg.csv,37941,30352,7589,2025-06-18 16:00:00+00:00,2026-04-30 20:00:00+00:00,regression,GradientBoosting,r2,0.1064500428780012,0.1005653949227229,-0.0058846479552782,10.440506166021803,2.0,capacity,annual,"2022,2023,2024,2025,2026",data/capacity_weights_post_by_year,20260723T013213Z-85f136d9,8,28.93154042520603,28.06943027794782,0.862110147258214,post,Post-COVID (2022-Apr 2026),results/post_covid_spatial_resolution/model_results.csv
nl,data/country_weather_post_covid/weather_era5_nl_capacity_2p0deg.csv,37942,30353,7589,2025-06-18 17:00:00+00:00,2026-04-30 21:00:00+00:00,regression,GradientBoosting,r2,0.009739908680317,0.8384477532064722,0.8287078445261552,7.520949458004907,2.0,capacity,annual,"2022,2023,2024,2025,2026",data/capacity_weights_post_by_year,20260723T013213Z-85f136d9,8,12.245521516628212,4.520625592099992,7.72489592452822,post,Post-COVID (2022-Apr 2026),results/post_covid_spatial_resolution/model_results.csv
pt,data/country_weather_post_covid/weather_era5_pt_capacity_2p0deg.csv,37943,30354,7589,2025-06-18 18:00:00+00:00,2026-04-30 22:00:00+00:00,regression,GradientBoosting,r2,0.1880983856235334,0.4583858450258621,0.2702874594023287,10.379115334013475,2.0,capacity,annual,"2022,2023,2024,2025,2026",data/capacity_weights_post_by_year,20260723T013213Z-85f136d9,8,14.090024134966306,11.564952454863432,2.525071680102874,post,Post-COVID (2022-Apr 2026),results/post_covid_spatial_resolution/model_results.csv
ro,data/country_weather_post_covid/weather_era5_ro_capacity_2p0deg.csv,37941,30352,7589,2025-06-18 16:00:00+00:00,2026-04-30 20:00:00+00:00,regression,GradientBoosting,r2,0.2328451739185391,0.4902822318822309,0.2574370579636919,15.761257500038482,2.0,capacity,annual,"2022,2023,2024,2025,2026",data/capacity_weights_post_by_year,20260723T013213Z-85f136d9,8,9.210031867941495,7.241297670085338,1.9687341978561592,post,Post-COVID (2022-Apr 2026),results/post_covid_spatial_resolution/model_results.csv
rs,data/country_weather_post_covid/weather_era5_rs_capacity_2p0deg.csv,37939,30351,7588,2025-06-18 15:00:00+00:00,2026-04-30 21:00:00+00:00,regression,GradientBoosting,r2,0.3209119493479312,0.3544393938109966,0.0335274444630654,9.223434665997049,2.0,capacity,annual,"2022,2023,2024,2025,2026",data/capacity_weights_post_by_year,20260723T013213Z-85f136d9,8,7.804611765147217,7.5499163675105505,0.2546953976366666,post,Post-COVID (2022-Apr 2026),results/post_covid_spatial_resolution/model_results.csv
si,data/country_weather_post_covid/weather_era5_si_capacity_2p0deg.csv,37852,30281,7571,2025-06-19 04:00:00+00:00,2026-04-30 21:00:00+00:00,regression,GradientBoosting,r2,0.2739339828273509,0.1808215811777174,-0.0931124016496335,10.44051225000294,2.0,capacity,annual,"2022,2023,2024,2025,2026",data/capacity_weights_post_by_year,20260723T013213Z-85f136d9,8,11.025162261052875,11.239871853855712,-0.2147095928028353,post,Post-COVID (2022-Apr 2026),results/post_covid_spatial_resolution/model_results.csv
sk,data/country_weather_post_covid/weather_era5_sk_capacity_2p0deg.csv,37886,30308,7578,2025-06-18 22:00:00+00:00,2026-04-30 21:00:00+00:00,regression,GradientBoosting,r2,-0.0870479002084054,-0.1077475715430751,-0.0206996713346696,5.647832083981484,2.0,capacity,annual,"2022,2023,2024,2025,2026",data/capacity_weights_post_by_year,20260723T013213Z-85f136d9,8,4.793595951055899,4.795187986806298,-0.0015920357503995,post,Post-COVID (2022-Apr 2026),results/post_covid_spatial_resolution/model_results.csv
at,data/country_weather_post_covid/weather_era5_at_capacity_0p25deg.csv,37942,30353,7589,2025-06-18 17:00:00+00:00,2026-04-30 21:00:00+00:00,regression,LightGBM,r2,0.4701864272965924,0.7116046924766513,0.2414182651800588,10.413438166957349,0.25,capacity,annual,"2022,2023,2024,2025,2026",data/capacity_weights_post_by_year,20260723T013213Z-85f136d9,8,17.35825615099765,12.276732393204757,5.081523757792896,post,Post-COVID (2022-Apr 2026),results/post_covid_spatial_resolution/model_results.csv
be,data/country_weather_post_covid/weather_era5_be_capacity_0p25deg.csv,37942,30353,7589,2025-06-18 17:00:00+00:00,2026-04-30 21:00:00+00:00,regression,LightGBM,r2,0.3811965029537688,0.8499983902196769,0.4688018872659081,9.32093345897738,0.25,capacity,annual,"2022,2023,2024,2025,2026",data/capacity_weights_post_by_year,20260723T013213Z-85f136d9,8,13.04050559914558,5.505284835118359,7.535220764027222,post,Post-COVID (2022-Apr 2026),results/post_covid_spatial_resolution/model_results.csv
bg,data/country_weather_post_covid/weather_era5_bg_capacity_0p25deg.csv,37940,30352,7588,2025-06-18 17:00:00+00:00,2026-04-30 20:00:00+00:00,regression,LightGBM,r2,0.4997943292328032,0.5326992366248436,0.0329049073920404,8.682679291989189,0.25,capacity,annual,"2022,2023,2024,2025,2026",data/capacity_weights_post_by_year,20260723T013213Z-85f136d9,8,10.03785917368944,9.676456898149397,0.3614022755400441,post,Post-COVID (2022-Apr 2026),results/post_covid_spatial_resolution/model_results.csv
cz,data/country_weather_post_covid/weather_era5_cz_capacity_0p25deg.csv,37942,30353,7589,2025-06-18 17:00:00+00:00,2026-04-30 21:00:00+00:00,regression,LightGBM,r2,0.6485725568380516,0.8110543662376062,0.1624818093995546,8.755098833993543,0.25,capacity,annual,"2022,2023,2024,2025,2026",data/capacity_weights_post_by_year,20260723T013213Z-85f136d9,8,3.731808330132867,2.8379311939863796,0.8938771361464872,post,Post-COVID (2022-Apr 2026),results/post_covid_spatial_resolution/model_results.csv
de,data/country_weather_post_covid/weather_era5_de_capacity_0p25deg.csv,37942,30353,7589,2025-06-18 17:00:00+00:00,2026-04-30 21:00:00+00:00,regression,LightGBM,r2,0.3062419079885355,0.8218002159055219,0.5155583079169863,9.161748583021108,0.25,capacity,annual,"2022,2023,2024,2025,2026",data/capacity_weights_post_by_year,20260723T013213Z-85f136d9,8,16.736379175487038,7.5047321257974415,9.231647049689595,post,Post-COVID (2022-Apr 2026),results/post_covid_spatial_resolution/model_results.csv
dk,data/country_weather_post_covid/weather_era5_dk_capacity_0p25deg.csv,37924,30339,7585,2025-06-18 12:00:00+00:00,2026-04-30 21:00:00+00:00,regression,LightGBM,r2,-0.0396431663421719,0.7992353442589109,0.8388785106010828,9.48399012500886,0.25,capacity,annual,"2022,2023,2024,2025,2026",data/capacity_weights_post_by_year,20260723T013213Z-85f136d9,8,28.769496025793167,11.36599614614556,17.403499879647605,post,Post-COVID (2022-Apr 2026),results/post_covid_spatial_resolution/model_results.csv
es,data/country_weather_post_covid/weather_era5_es_capacity_0p25deg.csv,37941,30352,7589,2025-06-18 16:00:00+00:00,2026-04-30 21:00:00+00:00,regression,LightGBM,r2,0.5732549371660114,0.8091620645356444,0.235907127369633,8.900201665994246,0.25,capacity,annual,"2022,2023,2024,2025,2026",data/capacity_weights_post_by_year,20260723T013213Z-85f136d9,8,11.377307660036257,6.955018662066146,4.422288997970111,post,Post-COVID (2022-Apr 2026),results/post_covid_spatial_resolution/model_results.csv
fr,data/country_weather_post_covid/weather_era5_fr_capacity_0p25deg.csv,37882,30305,7577,2025-06-18 00:00:00+00:00,2026-04-30 21:00:00+00:00,regression,LightGBM,r2,0.2053276329345269,0.659113266525235,0.4537856335907081,7.0803609160357155,0.25,capacity,annual,"2022,2023,2024,2025,2026",data/capacity_weights_post_by_year,20260723T013213Z-85f136d9,8,6.666062156668551,4.272519570250902,2.3935425864176496,post,Post-COVID (2022-Apr 2026),results/post_covid_spatial_resolution/model_results.csv
gr,data/country_weather_post_covid/weather_era5_gr_capacity_0p25deg.csv,37933,30346,7587,2025-06-18 17:00:00+00:00,2026-04-30 20:00:00+00:00,regression,LightGBM,r2,0.2668967792070937,0.6224320294006184,0.3555352501935246,9.438121041981503,0.25,capacity,annual,"2022,2023,2024,2025,2026",data/capacity_weights_post_by_year,20260723T013213Z-85f136d9,8,17.887216314420865,12.174857054630406,5.712359259790459,post,Post-COVID (2022-Apr 2026),results/post_covid_spatial_resolution/model_results.csv
hr,data/country_weather_post_covid/weather_era5_hr_capacity_0p25deg.csv,37941,30352,7589,2025-06-18 17:00:00+00:00,2026-04-30 21:00:00+00:00,regression,LightGBM,r2,0.0165099138853365,0.446403222255235,0.4298933083698985,10.674397499999031,0.25,capacity,annual,"2022,2023,2024,2025,2026",data/capacity_weights_post_by_year,20260723T013213Z-85f136d9,8,14.718715959907202,10.513818872308695,4.204897087598505,post,Post-COVID (2022-Apr 2026),results/post_covid_spatial_resolution/model_results.csv
ie,data/country_weather_post_covid/weather_era5_ie_capacity_0p25deg.csv,36085,28868,7217,2025-05-18 22:00:00+00:00,2026-04-30 22:00:00+00:00,regression,LightGBM,r2,0.0395415301218818,0.9208556326211808,0.8813141024992989,8.326414999959525,0.25,capacity,annual,"2022,2023,2024,2025,2026",data/capacity_weights_post_by_year,20260723T013213Z-85f136d9,8,19.12471141666266,4.632410805383967,14.492300611278694,post,Post-COVID (2022-Apr 2026),results/post_covid_spatial_resolution/model_results.csv
lt,data/country_weather_post_covid/weather_era5_lt_capacity_0p25deg.csv,37939,30351,7588,2025-06-18 16:00:00+00:00,2026-04-30 20:00:00+00:00,regression,LightGBM,r2,-0.1407038953587196,0.2478349439802081,0.3885388393389277,10.448820999998134,0.25,capacity,annual,"2022,2023,2024,2025,2026",data/capacity_weights_post_by_year,20260723T013213Z-85f136d9,8,31.560561210784737,24.211975523167013,7.3485856876177245,post,Post-COVID (2022-Apr 2026),results/post_covid_spatial_resolution/model_results.csv
lv,data/country_weather_post_covid/weather_era5_lv_capacity_0p25deg.csv,37941,30352,7589,2025-06-18 16:00:00+00:00,2026-04-30 20:00:00+00:00,regression,LightGBM,r2,0.0945632178997945,0.0683006561564903,-0.0262625617433041,10.30859450000571,0.25,capacity,annual,"2022,2023,2024,2025,2026",data/capacity_weights_post_by_year,20260723T013213Z-85f136d9,8,29.10992510288042,28.20209834653456,0.9078267563458589,post,Post-COVID (2022-Apr 2026),results/post_covid_spatial_resolution/model_results.csv
nl,data/country_weather_post_covid/weather_era5_nl_capacity_0p25deg.csv,37942,30353,7589,2025-06-18 17:00:00+00:00,2026-04-30 21:00:00+00:00,regression,LightGBM,r2,0.0113241157328115,0.8539075311463612,0.8425834154135496,7.382260792015586,0.25,capacity,annual,"2022,2023,2024,2025,2026",data/capacity_weights_post_by_year,20260723T013213Z-85f136d9,8,12.237823805520224,4.325977190308705,7.91184661521152,post,Post-COVID (2022-Apr 2026),results/post_covid_spatial_resolution/model_results.csv
pt,data/country_weather_post_covid/weather_era5_pt_capacity_0p25deg.csv,37943,30354,7589,2025-06-18 18:00:00+00:00,2026-04-30 22:00:00+00:00,regression,LightGBM,r2,0.1781927962791758,0.4910304401974218,0.312837643918246,10.161908708978444,0.25,capacity,annual,"2022,2023,2024,2025,2026",data/capacity_weights_post_by_year,20260723T013213Z-85f136d9,8,14.180399151819149,11.1908212339275,2.9895779178916477,post,Post-COVID (2022-Apr 2026),results/post_covid_spatial_resolution/model_results.csv
ro,data/country_weather_post_covid/weather_era5_ro_capacity_0p25deg.csv,37941,30352,7589,2025-06-18 16:00:00+00:00,2026-04-30 20:00:00+00:00,regression,LightGBM,r2,0.2301648696311957,0.4633603121290117,0.2331954424978159,15.41175495798234,0.25,capacity,annual,"2022,2023,2024,2025,2026",data/capacity_weights_post_by_year,20260723T013213Z-85f136d9,8,9.21728958616727,7.415921892661126,1.801367693506144,post,Post-COVID (2022-Apr 2026),results/post_covid_spatial_resolution/model_results.csv
rs,data/country_weather_post_covid/weather_era5_rs_capacity_0p25deg.csv,37939,30351,7588,2025-06-18 15:00:00+00:00,2026-04-30 21:00:00+00:00,regression,LightGBM,r2,0.3178515446322429,0.3572690191308976,0.0394174744986546,8.954873083974235,0.25,capacity,annual,"2022,2023,2024,2025,2026",data/capacity_weights_post_by_year,20260723T013213Z-85f136d9,8,7.819130026646995,7.539269390577544,0.2798606360694515,post,Post-COVID (2022-Apr 2026),results/post_covid_spatial_resolution/model_results.csv
si,data/country_weather_post_covid/weather_era5_si_capacity_0p25deg.csv,37852,30281,7571,2025-06-19 04:00:00+00:00,2026-04-30 21:00:00+00:00,regression,LightGBM,r2,0.2730284651616971,0.122890389125543,-0.150138076036154,10.499656416010112,0.25,capacity,annual,"2022,2023,2024,2025,2026",data/capacity_weights_post_by_year,20260723T013213Z-85f136d9,8,11.043282360430762,11.571690703427777,-0.5284083429970146,post,Post-COVID (2022-Apr 2026),results/post_covid_spatial_resolution/model_results.csv
sk,data/country_weather_post_covid/weather_era5_sk_capacity_0p25deg.csv,37886,30308,7578,2025-06-18 22:00:00+00:00,2026-04-30 21:00:00+00:00,regression,LightGBM,r2,-0.0847400436040684,-0.1436608917436281,-0.0589208481395597,5.7537921659532,0.25,capacity,annual,"2022,2023,2024,2025,2026",data/capacity_weights_post_by_year,20260723T013213Z-85f136d9,8,4.781165758789873,4.826547768247921,-0.0453820094580477,post,Post-COVID (2022-Apr 2026),results/post_covid_spatial_resolution/model_results.csv
at,data/country_weather_post_covid/weather_era5_at_capacity_0p5deg.csv,37942,30353,7589,2025-06-18 17:00:00+00:00,2026-04-30 21:00:00+00:00,regression,LightGBM,r2,0.4701864272965924,0.7136469725005553,0.2434605452039628,10.464441709045786,0.5,capacity,annual,"2022,2023,2024,2025,2026",data/capacity_weights_post_by_year,20260723T013213Z-85f136d9,8,17.35825615099765,12.235939865411972,5.122316285585679,post,Post-COVID (2022-Apr 2026),results/post_covid_spatial_resolution/model_results.csv
be,data/country_weather_post_covid/weather_era5_be_capacity_0p5deg.csv,37942,30353,7589,2025-06-18 17:00:00+00:00,2026-04-30 21:00:00+00:00,regression,LightGBM,r2,0.3811965029537688,0.8512757976612999,0.470079294707531,9.229867959045803,0.5,capacity,annual,"2022,2023,2024,2025,2026",data/capacity_weights_post_by_year,20260723T013213Z-85f136d9,8,13.04050559914558,5.494671822249266,7.545833776896314,post,Post-COVID (2022-Apr 2026),results/post_covid_spatial_resolution/model_results.csv
bg,data/country_weather_post_covid/weather_era5_bg_capacity_0p5deg.csv,37940,30352,7588,2025-06-18 17:00:00+00:00,2026-04-30 20:00:00+00:00,regression,LightGBM,r2,0.4997943292328032,0.5305812402981163,0.030786911065313,8.602129874983802,0.5,capacity,annual,"2022,2023,2024,2025,2026",data/capacity_weights_post_by_year,20260723T013213Z-85f136d9,8,10.03785917368944,9.71951002502158,0.3183491486678615,post,Post-COVID (2022-Apr 2026),results/post_covid_spatial_resolution/model_results.csv
cz,data/country_weather_post_covid/weather_era5_cz_capacity_0p5deg.csv,37942,30353,7589,2025-06-18 17:00:00+00:00,2026-04-30 21:00:00+00:00,regression,LightGBM,r2,0.6485725568380516,0.8142070363047507,0.165634479466699,8.892306958034169,0.5,capacity,annual,"2022,2023,2024,2025,2026",data/capacity_weights_post_by_year,20260723T013213Z-85f136d9,8,3.731808330132867,2.8195539671797625,0.9122543629531044,post,Post-COVID (2022-Apr 2026),results/post_covid_spatial_resolution/model_results.csv
de,data/country_weather_post_covid/weather_era5_de_capacity_0p5deg.csv,37942,30353,7589,2025-06-18 17:00:00+00:00,2026-04-30 21:00:00+00:00,regression,LightGBM,r2,0.3062419079885355,0.8206517938471487,0.5144098858586131,9.689197750005404,0.5,capacity,annual,"2022,2023,2024,2025,2026",data/capacity_weights_post_by_year,20260723T013213Z-85f136d9,8,16.736379175487038,7.543933765723516,9.192445409763522,post,Post-COVID (2022-Apr 2026),results/post_covid_spatial_resolution/model_results.csv
dk,data/country_weather_post_covid/weather_era5_dk_capacity_0p5deg.csv,37924,30339,7585,2025-06-18 12:00:00+00:00,2026-04-30 21:00:00+00:00,regression,LightGBM,r2,-0.0396431663421719,0.7978757087069834,0.8375188750491553,9.467442166991532,0.5,capacity,annual,"2022,2023,2024,2025,2026",data/capacity_weights_post_by_year,20260723T013213Z-85f136d9,8,28.769496025793167,11.342408360610426,17.42708766518274,post,Post-COVID (2022-Apr 2026),results/post_covid_spatial_resolution/model_results.csv
es,data/country_weather_post_covid/weather_era5_es_capacity_0p5deg.csv,37941,30352,7589,2025-06-18 16:00:00+00:00,2026-04-30 21:00:00+00:00,regression,LightGBM,r2,0.5732549371660114,0.8058192450413536,0.2325643078753422,10.259038125048392,0.5,capacity,annual,"2022,2023,2024,2025,2026",data/capacity_weights_post_by_year,20260723T013213Z-85f136d9,8,11.377307660036257,7.021042887516334,4.356264772519923,post,Post-COVID (2022-Apr 2026),results/post_covid_spatial_resolution/model_results.csv
fr,data/country_weather_post_covid/weather_era5_fr_capacity_0p5deg.csv,37882,30305,7577,2025-06-18 00:00:00+00:00,2026-04-30 21:00:00+00:00,regression,LightGBM,r2,0.2053276329345269,0.6555724040270927,0.4502447710925658,9.056059917027596,0.5,capacity,annual,"2022,2023,2024,2025,2026",data/capacity_weights_post_by_year,20260723T013213Z-85f136d9,8,6.666062156668551,4.302809059165059,2.363253097503492,post,Post-COVID (2022-Apr 2026),results/post_covid_spatial_resolution/model_results.csv
gr,data/country_weather_post_covid/weather_era5_gr_capacity_0p5deg.csv,37933,30346,7587,2025-06-18 17:00:00+00:00,2026-04-30 20:00:00+00:00,regression,LightGBM,r2,0.2668967792070937,0.6234322547125526,0.3565354755054588,9.971640417003073,0.5,capacity,annual,"2022,2023,2024,2025,2026",data/capacity_weights_post_by_year,20260723T013213Z-85f136d9,8,17.887216314420865,12.15345640219826,5.733759912222604,post,Post-COVID (2022-Apr 2026),results/post_covid_spatial_resolution/model_results.csv
hr,data/country_weather_post_covid/weather_era5_hr_capacity_0p5deg.csv,37941,30352,7589,2025-06-18 17:00:00+00:00,2026-04-30 21:00:00+00:00,regression,LightGBM,r2,0.0165099138853365,0.4278765916639608,0.4113666777786243,10.572843708039729,0.5,capacity,annual,"2022,2023,2024,2025,2026",data/capacity_weights_post_by_year,20260723T013213Z-85f136d9,8,14.718715959907202,10.666553026397857,4.052162933509347,post,Post-COVID (2022-Apr 2026),results/post_covid_spatial_resolution/model_results.csv
ie,data/country_weather_post_covid/weather_era5_ie_capacity_0p5deg.csv,36085,28868,7217,2025-05-18 22:00:00+00:00,2026-04-30 22:00:00+00:00,regression,LightGBM,r2,0.0395415301218818,0.918517941518024,0.878976411396142,8.334649084019475,0.5,capacity,annual,"2022,2023,2024,2025,2026",data/capacity_weights_post_by_year,20260723T013213Z-85f136d9,8,19.12471141666266,4.728485209169358,14.3962262074933,post,Post-COVID (2022-Apr 2026),results/post_covid_spatial_resolution/model_results.csv
lt,data/country_weather_post_covid/weather_era5_lt_capacity_0p5deg.csv,37939,30351,7588,2025-06-18 16:00:00+00:00,2026-04-30 20:00:00+00:00,regression,LightGBM,r2,-0.1407038953587196,0.2543213805751638,0.3950252759338835,10.46143716701772,0.5,capacity,annual,"2022,2023,2024,2025,2026",data/capacity_weights_post_by_year,20260723T013213Z-85f136d9,8,31.560561210784737,24.158511168584074,7.402050042200663,post,Post-COVID (2022-Apr 2026),results/post_covid_spatial_resolution/model_results.csv
lv,data/country_weather_post_covid/weather_era5_lv_capacity_0p5deg.csv,37941,30352,7589,2025-06-18 16:00:00+00:00,2026-04-30 20:00:00+00:00,regression,LightGBM,r2,0.0945632178997945,0.0710720490374301,-0.0234911688623643,10.535158417013008,0.5,capacity,annual,"2022,2023,2024,2025,2026",data/capacity_weights_post_by_year,20260723T013213Z-85f136d9,8,29.10992510288042,28.1455667845162,0.9643583183642191,post,Post-COVID (2022-Apr 2026),results/post_covid_spatial_resolution/model_results.csv
nl,data/country_weather_post_covid/weather_era5_nl_capacity_0p5deg.csv,37942,30353,7589,2025-06-18 17:00:00+00:00,2026-04-30 21:00:00+00:00,regression,LightGBM,r2,0.0113241157328115,0.8547417990196907,0.8434176832868792,7.440081208012998,0.5,capacity,annual,"2022,2023,2024,2025,2026",data/capacity_weights_post_by_year,20260723T013213Z-85f136d9,8,12.237823805520224,4.311954728877577,7.925869076642648,post,Post-COVID (2022-Apr 2026),results/post_covid_spatial_resolution/model_results.csv
pt,data/country_weather_post_covid/weather_era5_pt_capacity_0p5deg.csv,37943,30354,7589,2025-06-18 18:00:00+00:00,2026-04-30 22:00:00+00:00,regression,LightGBM,r2,0.1781927962791758,0.4923870604279413,0.3141942641487655,10.130786291032564,0.5,capacity,annual,"2022,2023,2024,2025,2026",data/capacity_weights_post_by_year,20260723T013213Z-85f136d9,8,14.180399151819149,11.154749537066156,3.025649614752993,post,Post-COVID (2022-Apr 2026),results/post_covid_spatial_resolution/model_results.csv
ro,data/country_weather_post_covid/weather_era5_ro_capacity_0p5deg.csv,37941,30352,7589,2025-06-18 16:00:00+00:00,2026-04-30 20:00:00+00:00,regression,LightGBM,r2,0.2301648696311957,0.4814454599729022,0.2512805903417064,15.534108499996364,0.5,capacity,annual,"2022,2023,2024,2025,2026",data/capacity_weights_post_by_year,20260723T013213Z-85f136d9,8,9.21728958616727,7.214622563480142,2.0026670226871284,post,Post-COVID (2022-Apr 2026),results/post_covid_spatial_resolution/model_results.csv
rs,data/country_weather_post_covid/weather_era5_rs_capacity_0p5deg.csv,37939,30351,7588,2025-06-18 15:00:00+00:00,2026-04-30 21:00:00+00:00,regression,LightGBM,r2,0.3178515446322429,0.3380646990933217,0.0202131544610787,8.8949201250216,0.5,capacity,annual,"2022,2023,2024,2025,2026",data/capacity_weights_post_by_year,20260723T013213Z-85f136d9,8,7.819130026646995,7.644863822422263,0.1742662042247325,post,Post-COVID (2022-Apr 2026),results/post_covid_spatial_resolution/model_results.csv
si,data/country_weather_post_covid/weather_era5_si_capacity_0p5deg.csv,37852,30281,7571,2025-06-19 04:00:00+00:00,2026-04-30 21:00:00+00:00,regression,LightGBM,r2,0.2730284651616971,0.1262753802379755,-0.1467530849237215,10.397476957994511,0.5,capacity,annual,"2022,2023,2024,2025,2026",data/capacity_weights_post_by_year,20260723T013213Z-85f136d9,8,11.043282360430762,11.589088036052887,-0.5458056756221268,post,Post-COVID (2022-Apr 2026),results/post_covid_spatial_resolution/model_results.csv
sk,data/country_weather_post_covid/weather_era5_sk_capacity_0p5deg.csv,37886,30308,7578,2025-06-18 22:00:00+00:00,2026-04-30 21:00:00+00:00,regression,LightGBM,r2,-0.0847400436040684,-0.156481151915425,-0.0717411083113566,5.87373920797836,0.5,capacity,annual,"2022,2023,2024,2025,2026",data/capacity_weights_post_by_year,20260723T013213Z-85f136d9,8,4.781165758789873,4.853424141300544,-0.0722583825106708,post,Post-COVID (2022-Apr 2026),results/post_covid_spatial_resolution/model_results.csv
at,data/country_weather_post_covid/weather_era5_at_capacity_1p0deg.csv,37942,30353,7589,2025-06-18 17:00:00+00:00,2026-04-30 21:00:00+00:00,regression,LightGBM,r2,0.4701864272965924,0.7093027174474402,0.2391162901508478,10.701391540991608,1.0,capacity,annual,"2022,2023,2024,2025,2026",data/capacity_weights_post_by_year,20260723T013213Z-85f136d9,8,17.35825615099765,12.35517931836967,5.003076832627981,post,Post-COVID (2022-Apr 2026),results/post_covid_spatial_resolution/model_results.csv
be,data/country_weather_post_covid/weather_era5_be_capacity_1p0deg.csv,37942,30353,7589,2025-06-18 17:00:00+00:00,2026-04-30 21:00:00+00:00,regression,LightGBM,r2,0.3811965029537688,0.8506929983842856,0.4694964954305167,9.18204624997452,1.0,capacity,annual,"2022,2023,2024,2025,2026",data/capacity_weights_post_by_year,20260723T013213Z-85f136d9,8,13.04050559914558,5.515192827430187,7.525312771715393,post,Post-COVID (2022-Apr 2026),results/post_covid_spatial_resolution/model_results.csv
bg,data/country_weather_post_covid/weather_era5_bg_capacity_1p0deg.csv,37940,30352,7588,2025-06-18 17:00:00+00:00,2026-04-30 20:00:00+00:00,regression,LightGBM,r2,0.4997943292328032,0.5319142987737986,0.0321199695409953,8.813952041964512,1.0,capacity,annual,"2022,2023,2024,2025,2026",data/capacity_weights_post_by_year,20260723T013213Z-85f136d9,8,10.03785917368944,9.707725603197003,0.3301335704924355,post,Post-COVID (2022-Apr 2026),results/post_covid_spatial_resolution/model_results.csv
cz,data/country_weather_post_covid/weather_era5_cz_capacity_1p0deg.csv,37942,30353,7589,2025-06-18 17:00:00+00:00,2026-04-30 21:00:00+00:00,regression,LightGBM,r2,0.6485725568380516,0.8119172154037416,0.16334465856569,9.000602292013355,1.0,capacity,annual,"2022,2023,2024,2025,2026",data/capacity_weights_post_by_year,20260723T013213Z-85f136d9,8,3.731808330132867,2.826500039669967,0.9053082904628996,post,Post-COVID (2022-Apr 2026),results/post_covid_spatial_resolution/model_results.csv
de,data/country_weather_post_covid/weather_era5_de_capacity_1p0deg.csv,37942,30353,7589,2025-06-18 17:00:00+00:00,2026-04-30 21:00:00+00:00,regression,LightGBM,r2,0.3062419079885355,0.8214262329669966,0.515184324978461,9.688972959003875,1.0,capacity,annual,"2022,2023,2024,2025,2026",data/capacity_weights_post_by_year,20260723T013213Z-85f136d9,8,16.736379175487038,7.56045011221008,9.175929063276955,post,Post-COVID (2022-Apr 2026),results/post_covid_spatial_resolution/model_results.csv
dk,data/country_weather_post_covid/weather_era5_dk_capacity_1p0deg.csv,37924,30339,7585,2025-06-18 12:00:00+00:00,2026-04-30 21:00:00+00:00,regression,LightGBM,r2,-0.0396431663421719,0.7958730329275561,0.835516199269728,9.563528625003528,1.0,capacity,annual,"2022,2023,2024,2025,2026",data/capacity_weights_post_by_year,20260723T013213Z-85f136d9,8,28.769496025793167,11.43216761920573,17.33732840658744,post,Post-COVID (2022-Apr 2026),results/post_covid_spatial_resolution/model_results.csv
es,data/country_weather_post_covid/weather_era5_es_capacity_1p0deg.csv,37941,30352,7589,2025-06-18 16:00:00+00:00,2026-04-30 21:00:00+00:00,regression,LightGBM,r2,0.5732549371660114,0.796904576279684,0.2236496391136726,10.35304062499199,1.0,capacity,annual,"2022,2023,2024,2025,2026",data/capacity_weights_post_by_year,20260723T013213Z-85f136d9,8,11.377307660036257,7.270690243525589,4.106617416510668,post,Post-COVID (2022-Apr 2026),results/post_covid_spatial_resolution/model_results.csv
fr,data/country_weather_post_covid/weather_era5_fr_capacity_1p0deg.csv,37882,30305,7577,2025-06-18 00:00:00+00:00,2026-04-30 21:00:00+00:00,regression,LightGBM,r2,0.2053276329345269,0.6477125324852445,0.4423848995507176,9.137591125036124,1.0,capacity,annual,"2022,2023,2024,2025,2026",data/capacity_weights_post_by_year,20260723T013213Z-85f136d9,8,6.666062156668551,4.3477946751926675,2.3182674814758837,post,Post-COVID (2022-Apr 2026),results/post_covid_spatial_resolution/model_results.csv
gr,data/country_weather_post_covid/weather_era5_gr_capacity_1p0deg.csv,37933,30346,7587,2025-06-18 17:00:00+00:00,2026-04-30 20:00:00+00:00,regression,LightGBM,r2,0.2668967792070937,0.6168480364458683,0.3499512572387745,10.06911358301295,1.0,capacity,annual,"2022,2023,2024,2025,2026",data/capacity_weights_post_by_year,20260723T013213Z-85f136d9,8,17.887216314420865,12.28279439238348,5.604421922037384,post,Post-COVID (2022-Apr 2026),results/post_covid_spatial_resolution/model_results.csv
hr,data/country_weather_post_covid/weather_era5_hr_capacity_1p0deg.csv,37941,30352,7589,2025-06-18 17:00:00+00:00,2026-04-30 21:00:00+00:00,regression,LightGBM,r2,0.0165099138853365,0.3673168576252024,0.3508069437398659,10.61534187500365,1.0,capacity,annual,"2022,2023,2024,2025,2026",data/capacity_weights_post_by_year,20260723T013213Z-85f136d9,8,14.718715959907202,11.252153963652002,3.4665619962551997,post,Post-COVID (2022-Apr 2026),results/post_covid_spatial_resolution/model_results.csv
ie,data/country_weather_post_covid/weather_era5_ie_capacity_1p0deg.csv,36085,28868,7217,2025-05-18 22:00:00+00:00,2026-04-30 22:00:00+00:00,regression,LightGBM,r2,0.0395415301218818,0.9168949567411836,0.8773534266193016,8.250701874960214,1.0,capacity,annual,"2022,2023,2024,2025,2026",data/capacity_weights_post_by_year,20260723T013213Z-85f136d9,8,19.12471141666266,4.76732906310094,14.35738235356172,post,Post-COVID (2022-Apr 2026),results/post_covid_spatial_resolution/model_results.csv
lt,data/country_weather_post_covid/weather_era5_lt_capacity_1p0deg.csv,37939,30351,7588,2025-06-18 16:00:00+00:00,2026-04-30 20:00:00+00:00,regression,LightGBM,r2,-0.1407038953587196,0.2523535326609086,0.3930574280196283,10.426088790991344,1.0,capacity,annual,"2022,2023,2024,2025,2026",data/capacity_weights_post_by_year,20260723T013213Z-85f136d9,8,31.560561210784737,24.15643017241854,7.404131038366199,post,Post-COVID (2022-Apr 2026),results/post_covid_spatial_resolution/model_results.csv
lv,data/country_weather_post_covid/weather_era5_lv_capacity_1p0deg.csv,37941,30352,7589,2025-06-18 16:00:00+00:00,2026-04-30 20:00:00+00:00,regression,LightGBM,r2,0.0945632178997945,0.0671456344184029,-0.0274175834813915,10.63291158399079,1.0,capacity,annual,"2022,2023,2024,2025,2026",data/capacity_weights_post_by_year,20260723T013213Z-85f136d9,8,29.10992510288042,28.18052447948508,0.9294006233953418,post,Post-COVID (2022-Apr 2026),results/post_covid_spatial_resolution/model_results.csv
nl,data/country_weather_post_covid/weather_era5_nl_capacity_1p0deg.csv,37942,30353,7589,2025-06-18 17:00:00+00:00,2026-04-30 21:00:00+00:00,regression,LightGBM,r2,0.0113241157328115,0.8485721611814954,0.8372480454486838,7.565691291994881,1.0,capacity,annual,"2022,2023,2024,2025,2026",data/capacity_weights_post_by_year,20260723T013213Z-85f136d9,8,12.237823805520224,4.369972135937511,7.867851669582715,post,Post-COVID (2022-Apr 2026),results/post_covid_spatial_resolution/model_results.csv
pt,data/country_weather_post_covid/weather_era5_pt_capacity_1p0deg.csv,37943,30354,7589,2025-06-18 18:00:00+00:00,2026-04-30 22:00:00+00:00,regression,LightGBM,r2,0.1781927962791758,0.4799860409138795,0.3017932446347037,10.14698399999179,1.0,capacity,annual,"2022,2023,2024,2025,2026",data/capacity_weights_post_by_year,20260723T013213Z-85f136d9,8,14.180399151819149,11.313855073232112,2.8665440785870366,post,Post-COVID (2022-Apr 2026),results/post_covid_spatial_resolution/model_results.csv
ro,data/country_weather_post_covid/weather_era5_ro_capacity_1p0deg.csv,37941,30352,7589,2025-06-18 16:00:00+00:00,2026-04-30 20:00:00+00:00,regression,LightGBM,r2,0.2301648696311957,0.5198428419711243,0.2896779723399285,15.615983374998905,1.0,capacity,annual,"2022,2023,2024,2025,2026",data/capacity_weights_post_by_year,20260723T013213Z-85f136d9,8,9.21728958616727,6.87202363761313,2.3452659485541405,post,Post-COVID (2022-Apr 2026),results/post_covid_spatial_resolution/model_results.csv
rs,data/country_weather_post_covid/weather_era5_rs_capacity_1p0deg.csv,37939,30351,7588,2025-06-18 15:00:00+00:00,2026-04-30 21:00:00+00:00,regression,LightGBM,r2,0.3178515446322429,0.3346974883914783,0.0168459437592353,9.084612583974376,1.0,capacity,annual,"2022,2023,2024,2025,2026",data/capacity_weights_post_by_year,20260723T013213Z-85f136d9,8,7.819130026646995,7.670259986684209,0.1488700399627864,post,Post-COVID (2022-Apr 2026),results/post_covid_spatial_resolution/model_results.csv
si,data/country_weather_post_covid/weather_era5_si_capacity_1p0deg.csv,37852,30281,7571,2025-06-19 04:00:00+00:00,2026-04-30 21:00:00+00:00,regression,LightGBM,r2,0.2730284651616971,0.1300588517115831,-0.1429696134501139,10.397637708985712,1.0,capacity,annual,"2022,2023,2024,2025,2026",data/capacity_weights_post_by_year,20260723T013213Z-85f136d9,8,11.043282360430762,11.50808977764654,-0.464807417215777,post,Post-COVID (2022-Apr 2026),results/post_covid_spatial_resolution/model_results.csv
sk,data/country_weather_post_covid/weather_era5_sk_capacity_1p0deg.csv,37886,30308,7578,2025-06-18 22:00:00+00:00,2026-04-30 21:00:00+00:00,regression,LightGBM,r2,-0.0847400436040684,-0.1818019223182565,-0.0970618787141881,5.764175999967847,1.0,capacity,annual,"2022,2023,2024,2025,2026",data/capacity_weights_post_by_year,20260723T013213Z-85f136d9,8,4.781165758789873,4.922099231930985,-0.1409334731411116,post,Post-COVID (2022-Apr 2026),results/post_covid_spatial_resolution/model_results.csv
at,data/country_weather_post_covid/weather_era5_at_capacity_2p0deg.csv,37942,30353,7589,2025-06-18 17:00:00+00:00,2026-04-30 21:00:00+00:00,regression,LightGBM,r2,0.4701864272965924,0.6817737220417764,0.211587294745184,10.638243291003164,2.0,capacity,annual,"2022,2023,2024,2025,2026",data/capacity_weights_post_by_year,20260723T013213Z-85f136d9,8,17.35825615099765,13.023448203094498,4.334807947903153,post,Post-COVID (2022-Apr 2026),results/post_covid_spatial_resolution/model_results.csv
be,data/country_weather_post_covid/weather_era5_be_capacity_2p0deg.csv,37942,30353,7589,2025-06-18 17:00:00+00:00,2026-04-30 21:00:00+00:00,regression,LightGBM,r2,0.3811965029537688,0.8454145074997466,0.4642180045459777,9.212129374966024,2.0,capacity,annual,"2022,2023,2024,2025,2026",data/capacity_weights_post_by_year,20260723T013213Z-85f136d9,8,13.04050559914558,5.619159543266072,7.421346055879509,post,Post-COVID (2022-Apr 2026),results/post_covid_spatial_resolution/model_results.csv
bg,data/country_weather_post_covid/weather_era5_bg_capacity_2p0deg.csv,37940,30352,7588,2025-06-18 17:00:00+00:00,2026-04-30 20:00:00+00:00,regression,LightGBM,r2,0.4997943292328032,0.5284470537394617,0.0286527245066584,8.745522167009767,2.0,capacity,annual,"2022,2023,2024,2025,2026",data/capacity_weights_post_by_year,20260723T013213Z-85f136d9,8,10.03785917368944,9.719386500666529,0.3184726730229119,post,Post-COVID (2022-Apr 2026),results/post_covid_spatial_resolution/model_results.csv
cz,data/country_weather_post_covid/weather_era5_cz_capacity_2p0deg.csv,37942,30353,7589,2025-06-18 17:00:00+00:00,2026-04-30 21:00:00+00:00,regression,LightGBM,r2,0.6485725568380516,0.8120863285387392,0.1635137717006876,8.968975916970521,2.0,capacity,annual,"2022,2023,2024,2025,2026",data/capacity_weights_post_by_year,20260723T013213Z-85f136d9,8,3.731808330132867,2.8277847196675823,0.9040236104652846,post,Post-COVID (2022-Apr 2026),results/post_covid_spatial_resolution/model_results.csv
de,data/country_weather_post_covid/weather_era5_de_capacity_2p0deg.csv,37942,30353,7589,2025-06-18 17:00:00+00:00,2026-04-30 21:00:00+00:00,regression,LightGBM,r2,0.3062419079885355,0.8213199627692425,0.5150780547807069,9.770131875004154,2.0,capacity,annual,"2022,2023,2024,2025,2026",data/capacity_weights_post_by_year,20260723T013213Z-85f136d9,8,16.736379175487038,7.556258264783627,9.180120910703412,post,Post-COVID (2022-Apr 2026),results/post_covid_spatial_resolution/model_results.csv
dk,data/country_weather_post_covid/weather_era5_dk_capacity_2p0deg.csv,37924,30339,7585,2025-06-18 12:00:00+00:00,2026-04-30 21:00:00+00:00,regression,LightGBM,r2,-0.0396431663421719,0.7675798969463423,0.8072230632885142,9.590015875000972,2.0,capacity,annual,"2022,2023,2024,2025,2026",data/capacity_weights_post_by_year,20260723T013213Z-85f136d9,8,28.769496025793167,12.295751135864744,16.473744889928426,post,Post-COVID (2022-Apr 2026),results/post_covid_spatial_resolution/model_results.csv
es,data/country_weather_post_covid/weather_era5_es_capacity_2p0deg.csv,37941,30352,7589,2025-06-18 16:00:00+00:00,2026-04-30 21:00:00+00:00,regression,LightGBM,r2,0.5732549371660114,0.7870485415570893,0.2137936043910778,10.016476541000884,2.0,capacity,annual,"2022,2023,2024,2025,2026",data/capacity_weights_post_by_year,20260723T013213Z-85f136d9,8,11.377307660036257,7.49087995731484,3.886427702721417,post,Post-COVID (2022-Apr 2026),results/post_covid_spatial_resolution/model_results.csv
fr,data/country_weather_post_covid/weather_era5_fr_capacity_2p0deg.csv,37882,30305,7577,2025-06-18 00:00:00+00:00,2026-04-30 21:00:00+00:00,regression,LightGBM,r2,0.2053276329345269,0.6514643415099046,0.4461367085753777,8.965193292009644,2.0,capacity,annual,"2022,2023,2024,2025,2026",data/capacity_weights_post_by_year,20260723T013213Z-85f136d9,8,6.666062156668551,4.310742371328794,2.3553197853397574,post,Post-COVID (2022-Apr 2026),results/post_covid_spatial_resolution/model_results.csv
gr,data/country_weather_post_covid/weather_era5_gr_capacity_2p0deg.csv,37933,30346,7587,2025-06-18 17:00:00+00:00,2026-04-30 20:00:00+00:00,regression,LightGBM,r2,0.2668967792070937,0.6023907900668551,0.3354940108597614,10.174147458048536,2.0,capacity,annual,"2022,2023,2024,2025,2026",data/capacity_weights_post_by_year,20260723T013213Z-85f136d9,8,17.887216314420865,12.568965009609665,5.3182513048112,post,Post-COVID (2022-Apr 2026),results/post_covid_spatial_resolution/model_results.csv
hr,data/country_weather_post_covid/weather_era5_hr_capacity_2p0deg.csv,37941,30352,7589,2025-06-18 17:00:00+00:00,2026-04-30 21:00:00+00:00,regression,LightGBM,r2,0.0165099138853365,0.3196729171395591,0.3031630032542226,10.611911166983193,2.0,capacity,annual,"2022,2023,2024,2025,2026",data/capacity_weights_post_by_year,20260723T013213Z-85f136d9,8,14.718715959907202,11.75528508078244,2.963430879124763,post,Post-COVID (2022-Apr 2026),results/post_covid_spatial_resolution/model_results.csv
ie,data/country_weather_post_covid/weather_era5_ie_capacity_2p0deg.csv,36085,28868,7217,2025-05-18 22:00:00+00:00,2026-04-30 22:00:00+00:00,regression,LightGBM,r2,0.0395415301218818,0.910399502756705,0.8708579726348231,8.298145540989935,2.0,capacity,annual,"2022,2023,2024,2025,2026",data/capacity_weights_post_by_year,20260723T013213Z-85f136d9,8,19.12471141666266,5.068201946170024,14.056509470492635,post,Post-COVID (2022-Apr 2026),results/post_covid_spatial_resolution/model_results.csv
lt,data/country_weather_post_covid/weather_era5_lt_capacity_2p0deg.csv,37939,30351,7588,2025-06-18 16:00:00+00:00,2026-04-30 20:00:00+00:00,regression,LightGBM,r2,-0.1407038953587196,0.2500383412964794,0.390742236655199,10.393995916994754,2.0,capacity,annual,"2022,2023,2024,2025,2026",data/capacity_weights_post_by_year,20260723T013213Z-85f136d9,8,31.560561210784737,24.38510438444836,7.175456826336376,post,Post-COVID (2022-Apr 2026),results/post_covid_spatial_resolution/model_results.csv
lv,data/country_weather_post_covid/weather_era5_lv_capacity_2p0deg.csv,37941,30352,7589,2025-06-18 16:00:00+00:00,2026-04-30 20:00:00+00:00,regression,LightGBM,r2,0.0945632178997945,0.0832317297095489,-0.0113314881902455,10.440506166021803,2.0,capacity,annual,"2022,2023,2024,2025,2026",data/capacity_weights_post_by_year,20260723T013213Z-85f136d9,8,29.10992510288042,28.110016118994704,0.9999089838857174,post,Post-COVID (2022-Apr 2026),results/post_covid_spatial_resolution/model_results.csv
nl,data/country_weather_post_covid/weather_era5_nl_capacity_2p0deg.csv,37942,30353,7589,2025-06-18 17:00:00+00:00,2026-04-30 21:00:00+00:00,regression,LightGBM,r2,0.0113241157328115,0.8386937244750535,0.827369608742242,7.520949458004907,2.0,capacity,annual,"2022,2023,2024,2025,2026",data/capacity_weights_post_by_year,20260723T013213Z-85f136d9,8,12.237823805520224,4.512754410217089,7.725069395303136,post,Post-COVID (2022-Apr 2026),results/post_covid_spatial_resolution/model_results.csv
pt,data/country_weather_post_covid/weather_era5_pt_capacity_2p0deg.csv,37943,30354,7589,2025-06-18 18:00:00+00:00,2026-04-30 22:00:00+00:00,regression,LightGBM,r2,0.1781927962791758,0.4482068495451197,0.2700140532659438,10.379115334013475,2.0,capacity,annual,"2022,2023,2024,2025,2026",data/capacity_weights_post_by_year,20260723T013213Z-85f136d9,8,14.180399151819149,11.661687910434289,2.518711241384862,post,Post-COVID (2022-Apr 2026),results/post_covid_spatial_resolution/model_results.csv
ro,data/country_weather_post_covid/weather_era5_ro_capacity_2p0deg.csv,37941,30352,7589,2025-06-18 16:00:00+00:00,2026-04-30 20:00:00+00:00,regression,LightGBM,r2,0.2301648696311957,0.4810515079994928,0.250886638368297,15.761257500038482,2.0,capacity,annual,"2022,2023,2024,2025,2026",data/capacity_weights_post_by_year,20260723T013213Z-85f136d9,8,9.21728958616727,7.334012707569123,1.8832768785981475,post,Post-COVID (2022-Apr 2026),results/post_covid_spatial_resolution/model_results.csv
rs,data/country_weather_post_covid/weather_era5_rs_capacity_2p0deg.csv,37939,30351,7588,2025-06-18 15:00:00+00:00,2026-04-30 21:00:00+00:00,regression,LightGBM,r2,0.3178515446322429,0.3232847716257558,0.0054332269935128,9.223434665997049,2.0,capacity,annual,"2022,2023,2024,2025,2026",data/capacity_weights_post_by_year,20260723T013213Z-85f136d9,8,7.819130026646995,7.703559421258825,0.1155706053881697,post,Post-COVID (2022-Apr 2026),results/post_covid_spatial_resolution/model_results.csv
si,data/country_weather_post_covid/weather_era5_si_capacity_2p0deg.csv,37852,30281,7571,2025-06-19 04:00:00+00:00,2026-04-30 21:00:00+00:00,regression,LightGBM,r2,0.2730284651616971,0.114204427719462,-0.158824037442235,10.44051225000294,2.0,capacity,annual,"2022,2023,2024,2025,2026",data/capacity_weights_post_by_year,20260723T013213Z-85f136d9,8,11.043282360430762,11.584396257954248,-0.5411138975234859,post,Post-COVID (2022-Apr 2026),results/post_covid_spatial_resolution/model_results.csv
sk,data/country_weather_post_covid/weather_era5_sk_capacity_2p0deg.csv,37886,30308,7578,2025-06-18 22:00:00+00:00,2026-04-30 21:00:00+00:00,regression,LightGBM,r2,-0.0847400436040684,-0.1808556421654734,-0.096115598561405,5.647832083981484,2.0,capacity,annual,"2022,2023,2024,2025,2026",data/capacity_weights_post_by_year,20260723T013213Z-85f136d9,8,4.781165758789873,4.898675206808576,-0.1175094480187031,post,Post-COVID (2022-Apr 2026),results/post_covid_spatial_resolution/model_results.csv
at,data/country_weather_post_covid/weather_era5_at_uniform_0p25deg.csv,37942,30353,7589,2025-06-18 17:00:00+00:00,2026-04-30 21:00:00+00:00,classification,LogReg,auc,0.8934039385367636,0.9150046771987492,0.0216007386619856,10.305197167035658,0.25,uniform,annual,"2022,2023,2024,2025,2026",data/capacity_weights_post_by_year,20260723T013213Z-85f136d9,8,,,,post,Post-COVID (2022-Apr 2026),results/post_covid_spatial_resolution/model_results.csv
be,data/country_weather_post_covid/weather_era5_be_uniform_0p25deg.csv,37942,30353,7589,2025-06-18 17:00:00+00:00,2026-04-30 21:00:00+00:00,classification,LogReg,auc,0.8042809132710942,0.9597563833701748,0.1554754700990805,9.013950875028968,0.25,uniform,annual,"2022,2023,2024,2025,2026",data/capacity_weights_post_by_year,20260723T013213Z-85f136d9,8,,,,post,Post-COVID (2022-Apr 2026),results/post_covid_spatial_resolution/model_results.csv
bg,data/country_weather_post_covid/weather_era5_bg_uniform_0p25deg.csv,37940,30352,7588,2025-06-18 17:00:00+00:00,2026-04-30 20:00:00+00:00,classification,LogReg,auc,0.9298391817529084,0.9369293516735472,0.0070901699206388,8.18653229199117,0.25,uniform,annual,"2022,2023,2024,2025,2026",data/capacity_weights_post_by_year,20260723T013213Z-85f136d9,8,,,,post,Post-COVID (2022-Apr 2026),results/post_covid_spatial_resolution/model_results.csv
cz,data/country_weather_post_covid/weather_era5_cz_uniform_0p25deg.csv,37942,30353,7589,2025-06-18 17:00:00+00:00,2026-04-30 21:00:00+00:00,classification,LogReg,auc,0.9826602450807118,0.995201484623542,0.01254123954283,7.813319875043817,0.25,uniform,annual,"2022,2023,2024,2025,2026",data/capacity_weights_post_by_year,20260723T013213Z-85f136d9,8,,,,post,Post-COVID (2022-Apr 2026),results/post_covid_spatial_resolution/model_results.csv
de,data/country_weather_post_covid/weather_era5_de_uniform_0p25deg.csv,37942,30353,7589,2025-06-18 17:00:00+00:00,2026-04-30 21:00:00+00:00,classification,LogReg,auc,0.6577787109776246,0.9495568323390702,0.2917781213614455,8.906459583959077,0.25,uniform,annual,"2022,2023,2024,2025,2026",data/capacity_weights_post_by_year,20260723T013213Z-85f136d9,8,,,,post,Post-COVID (2022-Apr 2026),results/post_covid_spatial_resolution/model_results.csv
dk,data/country_weather_post_covid/weather_era5_dk_uniform_0p25deg.csv,37924,30339,7585,2025-06-18 12:00:00+00:00,2026-04-30 21:00:00+00:00,classification,LogReg,auc,0.5802757181854625,0.9521787732319228,0.3719030550464601,9.052656874991952,0.25,uniform,annual,"2022,2023,2024,2025,2026",data/capacity_weights_post_by_year,20260723T013213Z-85f136d9,8,,,,post,Post-COVID (2022-Apr 2026),results/post_covid_spatial_resolution/model_results.csv
es,data/country_weather_post_covid/weather_era5_es_uniform_0p25deg.csv,37941,30352,7589,2025-06-18 16:00:00+00:00,2026-04-30 21:00:00+00:00,classification,LogReg,auc,0.8151945160355635,0.9430371013170086,0.1278425852814451,9.572273165977094,0.25,uniform,annual,"2022,2023,2024,2025,2026",data/capacity_weights_post_by_year,20260723T013213Z-85f136d9,8,,,,post,Post-COVID (2022-Apr 2026),results/post_covid_spatial_resolution/model_results.csv
fr,data/country_weather_post_covid/weather_era5_fr_uniform_0p25deg.csv,37882,30305,7577,2025-06-18 00:00:00+00:00,2026-04-30 21:00:00+00:00,classification,LogReg,auc,0.8439973298483466,0.9146585684602438,0.0706612386118972,7.459418666025158,0.25,uniform,annual,"2022,2023,2024,2025,2026",data/capacity_weights_post_by_year,20260723T013213Z-85f136d9,8,,,,post,Post-COVID (2022-Apr 2026),results/post_covid_spatial_resolution/model_results.csv
gr,data/country_weather_post_covid/weather_era5_gr_uniform_0p25deg.csv,37933,30346,7587,2025-06-18 17:00:00+00:00,2026-04-30 20:00:00+00:00,classification,LogReg,auc,0.7953325344182544,0.9042897404901022,0.1089572060718478,9.503741166961843,0.25,uniform,annual,"2022,2023,2024,2025,2026",data/capacity_weights_post_by_year,20260723T013213Z-85f136d9,8,,,,post,Post-COVID (2022-Apr 2026),results/post_covid_spatial_resolution/model_results.csv
hr,data/country_weather_post_covid/weather_era5_hr_uniform_0p25deg.csv,37941,30352,7589,2025-06-18 17:00:00+00:00,2026-04-30 21:00:00+00:00,classification,LogReg,auc,0.7011282692057182,0.8467159553686998,0.1455876861629815,10.103316832974087,0.25,uniform,annual,"2022,2023,2024,2025,2026",data/capacity_weights_post_by_year,20260723T013213Z-85f136d9,8,,,,post,Post-COVID (2022-Apr 2026),results/post_covid_spatial_resolution/model_results.csv
ie,data/country_weather_post_covid/weather_era5_ie_uniform_0p25deg.csv,36085,28868,7217,2025-05-18 22:00:00+00:00,2026-04-30 22:00:00+00:00,classification,LogReg,auc,0.6190012642341016,0.964882916142196,0.3458816519080945,8.14997308299644,0.25,uniform,annual,"2022,2023,2024,2025,2026",data/capacity_weights_post_by_year,20260723T013213Z-85f136d9,8,,,,post,Post-COVID (2022-Apr 2026),results/post_covid_spatial_resolution/model_results.csv
lt,data/country_weather_post_covid/weather_era5_lt_uniform_0p25deg.csv,37939,30351,7588,2025-06-18 16:00:00+00:00,2026-04-30 20:00:00+00:00,classification,LogReg,auc,0.618380465095226,0.9088498380417596,0.2904693729465335,9.74342933302978,0.25,uniform,annual,"2022,2023,2024,2025,2026",data/capacity_weights_post_by_year,20260723T013213Z-85f136d9,8,,,,post,Post-COVID (2022-Apr 2026),results/post_covid_spatial_resolution/model_results.csv
lv,data/country_weather_post_covid/weather_era5_lv_uniform_0p25deg.csv,37941,30352,7589,2025-06-18 16:00:00+00:00,2026-04-30 20:00:00+00:00,classification,LogReg,auc,0.6047247653192754,0.6115385119625594,0.0068137466432839,10.102840624982491,0.25,uniform,annual,"2022,2023,2024,2025,2026",data/capacity_weights_post_by_year,20260723T013213Z-85f136d9,8,,,,post,Post-COVID (2022-Apr 2026),results/post_covid_spatial_resolution/model_results.csv
nl,data/country_weather_post_covid/weather_era5_nl_uniform_0p25deg.csv,37942,30353,7589,2025-06-18 17:00:00+00:00,2026-04-30 21:00:00+00:00,classification,LogReg,auc,0.8220071105365223,0.9483535495646224,0.1263464390280999,6.837688667001203,0.25,uniform,annual,"2022,2023,2024,2025,2026",data/capacity_weights_post_by_year,20260723T013213Z-85f136d9,8,,,,post,Post-COVID (2022-Apr 2026),results/post_covid_spatial_resolution/model_results.csv
pt,data/country_weather_post_covid/weather_era5_pt_uniform_0p25deg.csv,37943,30354,7589,2025-06-18 18:00:00+00:00,2026-04-30 22:00:00+00:00,classification,LogReg,auc,0.7521459560523929,0.8676231898453718,0.1154772337929789,9.913449582993051,0.25,uniform,annual,"2022,2023,2024,2025,2026",data/capacity_weights_post_by_year,20260723T013213Z-85f136d9,8,,,,post,Post-COVID (2022-Apr 2026),results/post_covid_spatial_resolution/model_results.csv
ro,data/country_weather_post_covid/weather_era5_ro_uniform_0p25deg.csv,37941,30352,7589,2025-06-18 16:00:00+00:00,2026-04-30 20:00:00+00:00,classification,LogReg,auc,0.6904696574617976,0.8045039759656192,0.1140343185038216,15.240611625020392,0.25,uniform,annual,"2022,2023,2024,2025,2026",data/capacity_weights_post_by_year,20260723T013213Z-85f136d9,8,,,,post,Post-COVID (2022-Apr 2026),results/post_covid_spatial_resolution/model_results.csv
rs,data/country_weather_post_covid/weather_era5_rs_uniform_0p25deg.csv,37939,30351,7588,2025-06-18 15:00:00+00:00,2026-04-30 21:00:00+00:00,classification,LogReg,auc,0.8509231079187037,0.8794333146902861,0.0285102067715823,8.789823125000112,0.25,uniform,annual,"2022,2023,2024,2025,2026",data/capacity_weights_post_by_year,20260723T013213Z-85f136d9,8,,,,post,Post-COVID (2022-Apr 2026),results/post_covid_spatial_resolution/model_results.csv
si,data/country_weather_post_covid/weather_era5_si_uniform_0p25deg.csv,37852,30281,7571,2025-06-19 04:00:00+00:00,2026-04-30 21:00:00+00:00,classification,LogReg,auc,0.7120709590882126,0.6942522429823135,-0.0178187161058991,10.09346620796714,0.25,uniform,annual,"2022,2023,2024,2025,2026",data/capacity_weights_post_by_year,20260723T013213Z-85f136d9,8,,,,post,Post-COVID (2022-Apr 2026),results/post_covid_spatial_resolution/model_results.csv
sk,data/country_weather_post_covid/weather_era5_sk_uniform_0p25deg.csv,37886,30308,7578,2025-06-18 22:00:00+00:00,2026-04-30 21:00:00+00:00,classification,LogReg,auc,0.7284488448844885,0.8115731573157315,0.083124312431243,5.275956750032492,0.25,uniform,annual,"2022,2023,2024,2025,2026",data/capacity_weights_post_by_year,20260723T013213Z-85f136d9,8,,,,post,Post-COVID (2022-Apr 2026),results/post_covid_spatial_resolution/model_results.csv
at,data/country_weather_post_covid/weather_era5_at_uniform_0p5deg.csv,37942,30353,7589,2025-06-18 17:00:00+00:00,2026-04-30 21:00:00+00:00,classification,LogReg,auc,0.8934039385367636,0.9162595081301268,0.0228555695933632,10.475675499998031,0.5,uniform,annual,"2022,2023,2024,2025,2026",data/capacity_weights_post_by_year,20260723T013213Z-85f136d9,8,,,,post,Post-COVID (2022-Apr 2026),results/post_covid_spatial_resolution/model_results.csv
be,data/country_weather_post_covid/weather_era5_be_uniform_0p5deg.csv,37942,30353,7589,2025-06-18 17:00:00+00:00,2026-04-30 21:00:00+00:00,classification,LogReg,auc,0.8042809132710942,0.9608621879388692,0.1565812746677751,8.902155832969584,0.5,uniform,annual,"2022,2023,2024,2025,2026",data/capacity_weights_post_by_year,20260723T013213Z-85f136d9,8,,,,post,Post-COVID (2022-Apr 2026),results/post_covid_spatial_resolution/model_results.csv
bg,data/country_weather_post_covid/weather_era5_bg_uniform_0p5deg.csv,37940,30352,7588,2025-06-18 17:00:00+00:00,2026-04-30 20:00:00+00:00,classification,LogReg,auc,0.9298391817529084,0.9367630014779844,0.0069238197250759,8.165118458040524,0.5,uniform,annual,"2022,2023,2024,2025,2026",data/capacity_weights_post_by_year,20260723T013213Z-85f136d9,8,,,,post,Post-COVID (2022-Apr 2026),results/post_covid_spatial_resolution/model_results.csv
cz,data/country_weather_post_covid/weather_era5_cz_uniform_0p5deg.csv,37942,30353,7589,2025-06-18 17:00:00+00:00,2026-04-30 21:00:00+00:00,classification,LogReg,auc,0.9826602450807118,0.9951248969011428,0.0124646518204311,7.588327916979324,0.5,uniform,annual,"2022,2023,2024,2025,2026",data/capacity_weights_post_by_year,20260723T013213Z-85f136d9,8,,,,post,Post-COVID (2022-Apr 2026),results/post_covid_spatial_resolution/model_results.csv
de,data/country_weather_post_covid/weather_era5_de_uniform_0p5deg.csv,37942,30353,7589,2025-06-18 17:00:00+00:00,2026-04-30 21:00:00+00:00,classification,LogReg,auc,0.6577787109776246,0.9483416272113768,0.2905629162337522,9.490213249984665,0.5,uniform,annual,"2022,2023,2024,2025,2026",data/capacity_weights_post_by_year,20260723T013213Z-85f136d9,8,,,,post,Post-COVID (2022-Apr 2026),results/post_covid_spatial_resolution/model_results.csv
dk,data/country_weather_post_covid/weather_era5_dk_uniform_0p5deg.csv,37924,30339,7585,2025-06-18 12:00:00+00:00,2026-04-30 21:00:00+00:00,classification,LogReg,auc,0.5802757181854625,0.950645503981672,0.3703697857962096,9.794439708988648,0.5,uniform,annual,"2022,2023,2024,2025,2026",data/capacity_weights_post_by_year,20260723T013213Z-85f136d9,8,,,,post,Post-COVID (2022-Apr 2026),results/post_covid_spatial_resolution/model_results.csv
es,data/country_weather_post_covid/weather_era5_es_uniform_0p5deg.csv,37941,30352,7589,2025-06-18 16:00:00+00:00,2026-04-30 21:00:00+00:00,classification,LogReg,auc,0.8151945160355635,0.9438611292032196,0.128666613167656,10.15566441701958,0.5,uniform,annual,"2022,2023,2024,2025,2026",data/capacity_weights_post_by_year,20260723T013213Z-85f136d9,8,,,,post,Post-COVID (2022-Apr 2026),results/post_covid_spatial_resolution/model_results.csv
fr,data/country_weather_post_covid/weather_era5_fr_uniform_0p5deg.csv,37882,30305,7577,2025-06-18 00:00:00+00:00,2026-04-30 21:00:00+00:00,classification,LogReg,auc,0.8439973298483466,0.9148574195428776,0.070860089694531,8.238265332998708,0.5,uniform,annual,"2022,2023,2024,2025,2026",data/capacity_weights_post_by_year,20260723T013213Z-85f136d9,8,,,,post,Post-COVID (2022-Apr 2026),results/post_covid_spatial_resolution/model_results.csv
gr,data/country_weather_post_covid/weather_era5_gr_uniform_0p5deg.csv,37933,30346,7587,2025-06-18 17:00:00+00:00,2026-04-30 20:00:00+00:00,classification,LogReg,auc,0.7953325344182544,0.9042897404901022,0.1089572060718478,9.683299833966885,0.5,uniform,annual,"2022,2023,2024,2025,2026",data/capacity_weights_post_by_year,20260723T013213Z-85f136d9,8,,,,post,Post-COVID (2022-Apr 2026),results/post_covid_spatial_resolution/model_results.csv
hr,data/country_weather_post_covid/weather_era5_hr_uniform_0p5deg.csv,37941,30352,7589,2025-06-18 17:00:00+00:00,2026-04-30 21:00:00+00:00,classification,LogReg,auc,0.7011282692057182,0.8440325414245105,0.1429042722187922,10.277741542027798,0.5,uniform,annual,"2022,2023,2024,2025,2026",data/capacity_weights_post_by_year,20260723T013213Z-85f136d9,8,,,,post,Post-COVID (2022-Apr 2026),results/post_covid_spatial_resolution/model_results.csv
ie,data/country_weather_post_covid/weather_era5_ie_uniform_0p5deg.csv,36085,28868,7217,2025-05-18 22:00:00+00:00,2026-04-30 22:00:00+00:00,classification,LogReg,auc,0.6190012642341016,0.9630598685490116,0.3440586043149098,8.008194208960049,0.5,uniform,annual,"2022,2023,2024,2025,2026",data/capacity_weights_post_by_year,20260723T013213Z-85f136d9,8,,,,post,Post-COVID (2022-Apr 2026),results/post_covid_spatial_resolution/model_results.csv
lt,data/country_weather_post_covid/weather_era5_lt_uniform_0p5deg.csv,37939,30351,7588,2025-06-18 16:00:00+00:00,2026-04-30 20:00:00+00:00,classification,LogReg,auc,0.618380465095226,0.9092000048057997,0.2908195397105736,9.679454625002109,0.5,uniform,annual,"2022,2023,2024,2025,2026",data/capacity_weights_post_by_year,20260723T013213Z-85f136d9,8,,,,post,Post-COVID (2022-Apr 2026),results/post_covid_spatial_resolution/model_results.csv
lv,data/country_weather_post_covid/weather_era5_lv_uniform_0p5deg.csv,37941,30352,7589,2025-06-18 16:00:00+00:00,2026-04-30 20:00:00+00:00,classification,LogReg,auc,0.6047247653192754,0.6117603404429094,0.0070355751236339,9.81535533297574,0.5,uniform,annual,"2022,2023,2024,2025,2026",data/capacity_weights_post_by_year,20260723T013213Z-85f136d9,8,,,,post,Post-COVID (2022-Apr 2026),results/post_covid_spatial_resolution/model_results.csv
nl,data/country_weather_post_covid/weather_era5_nl_uniform_0p5deg.csv,37942,30353,7589,2025-06-18 17:00:00+00:00,2026-04-30 21:00:00+00:00,classification,LogReg,auc,0.8220071105365223,0.9479520133845392,0.1259449028480169,6.90304504201049,0.5,uniform,annual,"2022,2023,2024,2025,2026",data/capacity_weights_post_by_year,20260723T013213Z-85f136d9,8,,,,post,Post-COVID (2022-Apr 2026),results/post_covid_spatial_resolution/model_results.csv
pt,data/country_weather_post_covid/weather_era5_pt_uniform_0p5deg.csv,37943,30354,7589,2025-06-18 18:00:00+00:00,2026-04-30 22:00:00+00:00,classification,LogReg,auc,0.7521459560523929,0.8675569694078824,0.1154110133554895,9.963636124972254,0.5,uniform,annual,"2022,2023,2024,2025,2026",data/capacity_weights_post_by_year,20260723T013213Z-85f136d9,8,,,,post,Post-COVID (2022-Apr 2026),results/post_covid_spatial_resolution/model_results.csv
ro,data/country_weather_post_covid/weather_era5_ro_uniform_0p5deg.csv,37941,30352,7589,2025-06-18 16:00:00+00:00,2026-04-30 20:00:00+00:00,classification,LogReg,auc,0.6904696574617976,0.8062068701502638,0.1157372126884662,15.61149816698162,0.5,uniform,annual,"2022,2023,2024,2025,2026",data/capacity_weights_post_by_year,20260723T013213Z-85f136d9,8,,,,post,Post-COVID (2022-Apr 2026),results/post_covid_spatial_resolution/model_results.csv
rs,data/country_weather_post_covid/weather_era5_rs_uniform_0p5deg.csv,37939,30351,7588,2025-06-18 15:00:00+00:00,2026-04-30 21:00:00+00:00,classification,LogReg,auc,0.8509231079187037,0.8791451588834913,0.0282220509647875,8.750644083018415,0.5,uniform,annual,"2022,2023,2024,2025,2026",data/capacity_weights_post_by_year,20260723T013213Z-85f136d9,8,,,,post,Post-COVID (2022-Apr 2026),results/post_covid_spatial_resolution/model_results.csv
si,data/country_weather_post_covid/weather_era5_si_uniform_0p5deg.csv,37852,30281,7571,2025-06-19 04:00:00+00:00,2026-04-30 21:00:00+00:00,classification,LogReg,auc,0.7120709590882126,0.6946108051637154,-0.0174601539244971,10.310922125005163,0.5,uniform,annual,"2022,2023,2024,2025,2026",data/capacity_weights_post_by_year,20260723T013213Z-85f136d9,8,,,,post,Post-COVID (2022-Apr 2026),results/post_covid_spatial_resolution/model_results.csv
sk,data/country_weather_post_covid/weather_era5_sk_uniform_0p5deg.csv,37886,30308,7578,2025-06-18 22:00:00+00:00,2026-04-30 21:00:00+00:00,classification,LogReg,auc,0.7284488448844885,0.8134653465346535,0.085016501650165,5.393337125016842,0.5,uniform,annual,"2022,2023,2024,2025,2026",data/capacity_weights_post_by_year,20260723T013213Z-85f136d9,8,,,,post,Post-COVID (2022-Apr 2026),results/post_covid_spatial_resolution/model_results.csv
at,data/country_weather_post_covid/weather_era5_at_uniform_1p0deg.csv,37942,30353,7589,2025-06-18 17:00:00+00:00,2026-04-30 21:00:00+00:00,classification,LogReg,auc,0.8934039385367636,0.9183246497691214,0.0249207112323578,10.613650499959476,1.0,uniform,annual,"2022,2023,2024,2025,2026",data/capacity_weights_post_by_year,20260723T013213Z-85f136d9,8,,,,post,Post-COVID (2022-Apr 2026),results/post_covid_spatial_resolution/model_results.csv
be,data/country_weather_post_covid/weather_era5_be_uniform_1p0deg.csv,37942,30353,7589,2025-06-18 17:00:00+00:00,2026-04-30 21:00:00+00:00,classification,LogReg,auc,0.8042809132710942,0.9600346057339448,0.1557536924628505,9.015765541989822,1.0,uniform,annual,"2022,2023,2024,2025,2026",data/capacity_weights_post_by_year,20260723T013213Z-85f136d9,8,,,,post,Post-COVID (2022-Apr 2026),results/post_covid_spatial_resolution/model_results.csv
bg,data/country_weather_post_covid/weather_era5_bg_uniform_1p0deg.csv,37940,30352,7588,2025-06-18 17:00:00+00:00,2026-04-30 20:00:00+00:00,classification,LogReg,auc,0.9298391817529084,0.9367339006868344,0.006894718933926,8.565808165993076,1.0,uniform,annual,"2022,2023,2024,2025,2026",data/capacity_weights_post_by_year,20260723T013213Z-85f136d9,8,,,,post,Post-COVID (2022-Apr 2026),results/post_covid_spatial_resolution/model_results.csv
cz,data/country_weather_post_covid/weather_era5_cz_uniform_1p0deg.csv,37942,30353,7589,2025-06-18 17:00:00+00:00,2026-04-30 21:00:00+00:00,classification,LogReg,auc,0.9826602450807118,0.994842111464593,0.0121818663838811,7.9058299999451265,1.0,uniform,annual,"2022,2023,2024,2025,2026",data/capacity_weights_post_by_year,20260723T013213Z-85f136d9,8,,,,post,Post-COVID (2022-Apr 2026),results/post_covid_spatial_resolution/model_results.csv
de,data/country_weather_post_covid/weather_era5_de_uniform_1p0deg.csv,37942,30353,7589,2025-06-18 17:00:00+00:00,2026-04-30 21:00:00+00:00,classification,LogReg,auc,0.6577787109776246,0.9490451337414182,0.2912664227637935,9.525606957962736,1.0,uniform,annual,"2022,2023,2024,2025,2026",data/capacity_weights_post_by_year,20260723T013213Z-85f136d9,8,,,,post,Post-COVID (2022-Apr 2026),results/post_covid_spatial_resolution/model_results.csv
dk,data/country_weather_post_covid/weather_era5_dk_uniform_1p0deg.csv,37924,30339,7585,2025-06-18 12:00:00+00:00,2026-04-30 21:00:00+00:00,classification,LogReg,auc,0.5802757181854625,0.9474442383304728,0.3671685201450102,9.878056082990952,1.0,uniform,annual,"2022,2023,2024,2025,2026",data/capacity_weights_post_by_year,20260723T013213Z-85f136d9,8,,,,post,Post-COVID (2022-Apr 2026),results/post_covid_spatial_resolution/model_results.csv
es,data/country_weather_post_covid/weather_era5_es_uniform_1p0deg.csv,37941,30352,7589,2025-06-18 16:00:00+00:00,2026-04-30 21:00:00+00:00,classification,LogReg,auc,0.8151945160355635,0.9437791779975744,0.128584661962011,10.157369832973927,1.0,uniform,annual,"2022,2023,2024,2025,2026",data/capacity_weights_post_by_year,20260723T013213Z-85f136d9,8,,,,post,Post-COVID (2022-Apr 2026),results/post_covid_spatial_resolution/model_results.csv
fr,data/country_weather_post_covid/weather_era5_fr_uniform_1p0deg.csv,37882,30305,7577,2025-06-18 00:00:00+00:00,2026-04-30 21:00:00+00:00,classification,LogReg,auc,0.8439973298483466,0.9148738729421498,0.0708765430938032,8.27422750002006,1.0,uniform,annual,"2022,2023,2024,2025,2026",data/capacity_weights_post_by_year,20260723T013213Z-85f136d9,8,,,,post,Post-COVID (2022-Apr 2026),results/post_covid_spatial_resolution/model_results.csv
gr,data/country_weather_post_covid/weather_era5_gr_uniform_1p0deg.csv,37933,30346,7587,2025-06-18 17:00:00+00:00,2026-04-30 20:00:00+00:00,classification,LogReg,auc,0.7953325344182544,0.9040070671822792,0.1086745327640248,9.716491874947678,1.0,uniform,annual,"2022,2023,2024,2025,2026",data/capacity_weights_post_by_year,20260723T013213Z-85f136d9,8,,,,post,Post-COVID (2022-Apr 2026),results/post_covid_spatial_resolution/model_results.csv
hr,data/country_weather_post_covid/weather_era5_hr_uniform_1p0deg.csv,37941,30352,7589,2025-06-18 17:00:00+00:00,2026-04-30 21:00:00+00:00,classification,LogReg,auc,0.7011282692057182,0.844100268285306,0.1429719990795878,10.457785125006922,1.0,uniform,annual,"2022,2023,2024,2025,2026",data/capacity_weights_post_by_year,20260723T013213Z-85f136d9,8,,,,post,Post-COVID (2022-Apr 2026),results/post_covid_spatial_resolution/model_results.csv
ie,data/country_weather_post_covid/weather_era5_ie_uniform_1p0deg.csv,36085,28868,7217,2025-05-18 22:00:00+00:00,2026-04-30 22:00:00+00:00,classification,LogReg,auc,0.6190012642341016,0.9545409674234944,0.3355397031893927,8.181214375013951,1.0,uniform,annual,"2022,2023,2024,2025,2026",data/capacity_weights_post_by_year,20260723T013213Z-85f136d9,8,,,,post,Post-COVID (2022-Apr 2026),results/post_covid_spatial_resolution/model_results.csv
lt,data/country_weather_post_covid/weather_era5_lt_uniform_1p0deg.csv,37939,30351,7588,2025-06-18 16:00:00+00:00,2026-04-30 20:00:00+00:00,classification,LogReg,auc,0.618380465095226,0.906117377743392,0.2877369126481659,9.79045154195046,1.0,uniform,annual,"2022,2023,2024,2025,2026",data/capacity_weights_post_by_year,20260723T013213Z-85f136d9,8,,,,post,Post-COVID (2022-Apr 2026),results/post_covid_spatial_resolution/model_results.csv
lv,data/country_weather_post_covid/weather_era5_lv_uniform_1p0deg.csv,37941,30352,7589,2025-06-18 16:00:00+00:00,2026-04-30 20:00:00+00:00,classification,LogReg,auc,0.6047247653192754,0.6117279831920819,0.0070032178728064,10.39709037495777,1.0,uniform,annual,"2022,2023,2024,2025,2026",data/capacity_weights_post_by_year,20260723T013213Z-85f136d9,8,,,,post,Post-COVID (2022-Apr 2026),results/post_covid_spatial_resolution/model_results.csv
nl,data/country_weather_post_covid/weather_era5_nl_uniform_1p0deg.csv,37942,30353,7589,2025-06-18 17:00:00+00:00,2026-04-30 21:00:00+00:00,classification,LogReg,auc,0.8220071105365223,0.947901821362029,0.1258947108255067,6.906418416998349,1.0,uniform,annual,"2022,2023,2024,2025,2026",data/capacity_weights_post_by_year,20260723T013213Z-85f136d9,8,,,,post,Post-COVID (2022-Apr 2026),results/post_covid_spatial_resolution/model_results.csv
pt,data/country_weather_post_covid/weather_era5_pt_uniform_1p0deg.csv,37943,30354,7589,2025-06-18 18:00:00+00:00,2026-04-30 22:00:00+00:00,classification,LogReg,auc,0.7521459560523929,0.8675273943947849,0.115381438342392,10.108692375011742,1.0,uniform,annual,"2022,2023,2024,2025,2026",data/capacity_weights_post_by_year,20260723T013213Z-85f136d9,8,,,,post,Post-COVID (2022-Apr 2026),results/post_covid_spatial_resolution/model_results.csv
ro,data/country_weather_post_covid/weather_era5_ro_uniform_1p0deg.csv,37941,30352,7589,2025-06-18 16:00:00+00:00,2026-04-30 20:00:00+00:00,classification,LogReg,auc,0.6904696574617976,0.8056927017123421,0.1152230442505445,15.507142875052525,1.0,uniform,annual,"2022,2023,2024,2025,2026",data/capacity_weights_post_by_year,20260723T013213Z-85f136d9,8,,,,post,Post-COVID (2022-Apr 2026),results/post_covid_spatial_resolution/model_results.csv
rs,data/country_weather_post_covid/weather_era5_rs_uniform_1p0deg.csv,37939,30351,7588,2025-06-18 15:00:00+00:00,2026-04-30 21:00:00+00:00,classification,LogReg,auc,0.8509231079187037,0.8787877348539093,0.0278646269352055,8.884422041010112,1.0,uniform,annual,"2022,2023,2024,2025,2026",data/capacity_weights_post_by_year,20260723T013213Z-85f136d9,8,,,,post,Post-COVID (2022-Apr 2026),results/post_covid_spatial_resolution/model_results.csv
si,data/country_weather_post_covid/weather_era5_si_uniform_1p0deg.csv,37852,30281,7571,2025-06-19 04:00:00+00:00,2026-04-30 21:00:00+00:00,classification,LogReg,auc,0.7120709590882126,0.6945304830352315,-0.0175404760529811,10.386719583999366,1.0,uniform,annual,"2022,2023,2024,2025,2026",data/capacity_weights_post_by_year,20260723T013213Z-85f136d9,8,,,,post,Post-COVID (2022-Apr 2026),results/post_covid_spatial_resolution/model_results.csv
sk,data/country_weather_post_covid/weather_era5_sk_uniform_1p0deg.csv,37886,30308,7578,2025-06-18 22:00:00+00:00,2026-04-30 21:00:00+00:00,classification,LogReg,auc,0.7284488448844885,0.8124092409240925,0.083960396039604,5.8502129999687895,1.0,uniform,annual,"2022,2023,2024,2025,2026",data/capacity_weights_post_by_year,20260723T013213Z-85f136d9,8,,,,post,Post-COVID (2022-Apr 2026),results/post_covid_spatial_resolution/model_results.csv
at,data/country_weather_post_covid/weather_era5_at_uniform_2p0deg.csv,37942,30353,7589,2025-06-18 17:00:00+00:00,2026-04-30 21:00:00+00:00,classification,LogReg,auc,0.8934039385367636,0.9246870376374742,0.0312830991007105,10.268379666027611,2.0,uniform,annual,"2022,2023,2024,2025,2026",data/capacity_weights_post_by_year,20260723T013213Z-85f136d9,8,,,,post,Post-COVID (2022-Apr 2026),results/post_covid_spatial_resolution/model_results.csv
be,data/country_weather_post_covid/weather_era5_be_uniform_2p0deg.csv,37942,30353,7589,2025-06-18 17:00:00+00:00,2026-04-30 21:00:00+00:00,classification,LogReg,auc,0.8042809132710942,0.9601171502832606,0.1558362370121664,8.735960666032042,2.0,uniform,annual,"2022,2023,2024,2025,2026",data/capacity_weights_post_by_year,20260723T013213Z-85f136d9,8,,,,post,Post-COVID (2022-Apr 2026),results/post_covid_spatial_resolution/model_results.csv
bg,data/country_weather_post_covid/weather_era5_bg_uniform_2p0deg.csv,37940,30352,7588,2025-06-18 17:00:00+00:00,2026-04-30 20:00:00+00:00,classification,LogReg,auc,0.9298391817529084,0.9363624458767258,0.0065232641238173,8.72730974998558,2.0,uniform,annual,"2022,2023,2024,2025,2026",data/capacity_weights_post_by_year,20260723T013213Z-85f136d9,8,,,,post,Post-COVID (2022-Apr 2026),results/post_covid_spatial_resolution/model_results.csv
cz,data/country_weather_post_covid/weather_era5_cz_uniform_2p0deg.csv,37942,30353,7589,2025-06-18 17:00:00+00:00,2026-04-30 21:00:00+00:00,classification,LogReg,auc,0.9826602450807118,0.9948892423706848,0.0122289972899728,7.095527458994184,2.0,uniform,annual,"2022,2023,2024,2025,2026",data/capacity_weights_post_by_year,20260723T013213Z-85f136d9,8,,,,post,Post-COVID (2022-Apr 2026),results/post_covid_spatial_resolution/model_results.csv
de,data/country_weather_post_covid/weather_era5_de_uniform_2p0deg.csv,37942,30353,7589,2025-06-18 17:00:00+00:00,2026-04-30 21:00:00+00:00,classification,LogReg,auc,0.6577787109776246,0.94035244040113,0.2825737294235054,9.661081707978155,2.0,uniform,annual,"2022,2023,2024,2025,2026",data/capacity_weights_post_by_year,20260723T013213Z-85f136d9,8,,,,post,Post-COVID (2022-Apr 2026),results/post_covid_spatial_resolution/model_results.csv
dk,data/country_weather_post_covid/weather_era5_dk_uniform_2p0deg.csv,37924,30339,7585,2025-06-18 12:00:00+00:00,2026-04-30 21:00:00+00:00,classification,LogReg,auc,0.5802757181854625,0.9405993563219528,0.3603236381364904,10.054385958996136,2.0,uniform,annual,"2022,2023,2024,2025,2026",data/capacity_weights_post_by_year,20260723T013213Z-85f136d9,8,,,,post,Post-COVID (2022-Apr 2026),results/post_covid_spatial_resolution/model_results.csv
es,data/country_weather_post_covid/weather_era5_es_uniform_2p0deg.csv,37941,30352,7589,2025-06-18 16:00:00+00:00,2026-04-30 21:00:00+00:00,classification,LogReg,auc,0.8151945160355635,0.9455755898821132,0.1303810738465496,10.124353124992922,2.0,uniform,annual,"2022,2023,2024,2025,2026",data/capacity_weights_post_by_year,20260723T013213Z-85f136d9,8,,,,post,Post-COVID (2022-Apr 2026),results/post_covid_spatial_resolution/model_results.csv
fr,data/country_weather_post_covid/weather_era5_fr_uniform_2p0deg.csv,37882,30305,7577,2025-06-18 00:00:00+00:00,2026-04-30 21:00:00+00:00,classification,LogReg,auc,0.8439973298483466,0.9148555391543892,0.0708582093060427,7.414278500014916,2.0,uniform,annual,"2022,2023,2024,2025,2026",data/capacity_weights_post_by_year,20260723T013213Z-85f136d9,8,,,,post,Post-COVID (2022-Apr 2026),results/post_covid_spatial_resolution/model_results.csv
gr,data/country_weather_post_covid/weather_era5_gr_uniform_2p0deg.csv,37933,30346,7587,2025-06-18 17:00:00+00:00,2026-04-30 20:00:00+00:00,classification,LogReg,auc,0.7953325344182544,0.904046570130318,0.1087140357120635,9.642009958042763,2.0,uniform,annual,"2022,2023,2024,2025,2026",data/capacity_weights_post_by_year,20260723T013213Z-85f136d9,8,,,,post,Post-COVID (2022-Apr 2026),results/post_covid_spatial_resolution/model_results.csv
hr,data/country_weather_post_covid/weather_era5_hr_uniform_2p0deg.csv,37941,30352,7589,2025-06-18 17:00:00+00:00,2026-04-30 21:00:00+00:00,classification,LogReg,auc,0.7011282692057182,0.831199703516202,0.1300714343104837,10.329086165991612,2.0,uniform,annual,"2022,2023,2024,2025,2026",data/capacity_weights_post_by_year,20260723T013213Z-85f136d9,8,,,,post,Post-COVID (2022-Apr 2026),results/post_covid_spatial_resolution/model_results.csv
ie,data/country_weather_post_covid/weather_era5_ie_uniform_2p0deg.csv,36085,28868,7217,2025-05-18 22:00:00+00:00,2026-04-30 22:00:00+00:00,classification,LogReg,auc,0.6190012642341016,0.9456853653434716,0.3266841011093699,8.305290791962761,2.0,uniform,annual,"2022,2023,2024,2025,2026",data/capacity_weights_post_by_year,20260723T013213Z-85f136d9,8,,,,post,Post-COVID (2022-Apr 2026),results/post_covid_spatial_resolution/model_results.csv
lt,data/country_weather_post_covid/weather_era5_lt_uniform_2p0deg.csv,37939,30351,7588,2025-06-18 16:00:00+00:00,2026-04-30 20:00:00+00:00,classification,LogReg,auc,0.618380465095226,0.9015793198620066,0.2831988547667805,9.69612270896323,2.0,uniform,annual,"2022,2023,2024,2025,2026",data/capacity_weights_post_by_year,20260723T013213Z-85f136d9,8,,,,post,Post-COVID (2022-Apr 2026),results/post_covid_spatial_resolution/model_results.csv
lv,data/country_weather_post_covid/weather_era5_lv_uniform_2p0deg.csv,37941,30352,7589,2025-06-18 16:00:00+00:00,2026-04-30 20:00:00+00:00,classification,LogReg,auc,0.6047247653192754,0.6100942907025624,0.0053695253832869,9.912395208026282,2.0,uniform,annual,"2022,2023,2024,2025,2026",data/capacity_weights_post_by_year,20260723T013213Z-85f136d9,8,,,,post,Post-COVID (2022-Apr 2026),results/post_covid_spatial_resolution/model_results.csv
nl,data/country_weather_post_covid/weather_era5_nl_uniform_2p0deg.csv,37942,30353,7589,2025-06-18 17:00:00+00:00,2026-04-30 21:00:00+00:00,classification,LogReg,auc,0.8220071105365223,0.9462987185824556,0.1242916080459333,6.7819474170100875,2.0,uniform,annual,"2022,2023,2024,2025,2026",data/capacity_weights_post_by_year,20260723T013213Z-85f136d9,8,,,,post,Post-COVID (2022-Apr 2026),results/post_covid_spatial_resolution/model_results.csv
pt,data/country_weather_post_covid/weather_era5_pt_uniform_2p0deg.csv,37943,30354,7589,2025-06-18 18:00:00+00:00,2026-04-30 22:00:00+00:00,classification,LogReg,auc,0.7521459560523929,0.8677511470448958,0.1156051909925028,9.842608416976873,2.0,uniform,annual,"2022,2023,2024,2025,2026",data/capacity_weights_post_by_year,20260723T013213Z-85f136d9,8,,,,post,Post-COVID (2022-Apr 2026),results/post_covid_spatial_resolution/model_results.csv
ro,data/country_weather_post_covid/weather_era5_ro_uniform_2p0deg.csv,37941,30352,7589,2025-06-18 16:00:00+00:00,2026-04-30 20:00:00+00:00,classification,LogReg,auc,0.6904696574617976,0.8100347990103978,0.1195651415486002,15.512462749960832,2.0,uniform,annual,"2022,2023,2024,2025,2026",data/capacity_weights_post_by_year,20260723T013213Z-85f136d9,8,,,,post,Post-COVID (2022-Apr 2026),results/post_covid_spatial_resolution/model_results.csv
rs,data/country_weather_post_covid/weather_era5_rs_uniform_2p0deg.csv,37939,30351,7588,2025-06-18 15:00:00+00:00,2026-04-30 21:00:00+00:00,classification,LogReg,auc,0.8509231079187037,0.8768494120711159,0.0259263041524121,8.955474624992348,2.0,uniform,annual,"2022,2023,2024,2025,2026",data/capacity_weights_post_by_year,20260723T013213Z-85f136d9,8,,,,post,Post-COVID (2022-Apr 2026),results/post_covid_spatial_resolution/model_results.csv
si,data/country_weather_post_covid/weather_era5_si_uniform_2p0deg.csv,37852,30281,7571,2025-06-19 04:00:00+00:00,2026-04-30 21:00:00+00:00,classification,LogReg,auc,0.7120709590882126,0.6943909692728485,-0.0176799898153641,9.991950333002023,2.0,uniform,annual,"2022,2023,2024,2025,2026",data/capacity_weights_post_by_year,20260723T013213Z-85f136d9,8,,,,post,Post-COVID (2022-Apr 2026),results/post_covid_spatial_resolution/model_results.csv
sk,data/country_weather_post_covid/weather_era5_sk_uniform_2p0deg.csv,37886,30308,7578,2025-06-18 22:00:00+00:00,2026-04-30 21:00:00+00:00,classification,LogReg,auc,0.7284488448844885,0.8195819581958196,0.0911331133113311,5.735325290996116,2.0,uniform,annual,"2022,2023,2024,2025,2026",data/capacity_weights_post_by_year,20260723T013213Z-85f136d9,8,,,,post,Post-COVID (2022-Apr 2026),results/post_covid_spatial_resolution/model_results.csv
at,data/country_weather_post_covid/weather_era5_at_uniform_0p25deg.csv,37942,30353,7589,2025-06-18 17:00:00+00:00,2026-04-30 21:00:00+00:00,classification,RandForest,auc,0.8483202614013706,0.8862467063949047,0.037926444993534,10.305197167035658,0.25,uniform,annual,"2022,2023,2024,2025,2026",data/capacity_weights_post_by_year,20260723T013213Z-85f136d9,8,,,,post,Post-COVID (2022-Apr 2026),results/post_covid_spatial_resolution/model_results.csv
be,data/country_weather_post_covid/weather_era5_be_uniform_0p25deg.csv,37942,30353,7589,2025-06-18 17:00:00+00:00,2026-04-30 21:00:00+00:00,classification,RandForest,auc,0.8553930267624273,0.960413084862994,0.1050200581005667,9.013950875028968,0.25,uniform,annual,"2022,2023,2024,2025,2026",data/capacity_weights_post_by_year,20260723T013213Z-85f136d9,8,,,,post,Post-COVID (2022-Apr 2026),results/post_covid_spatial_resolution/model_results.csv
bg,data/country_weather_post_covid/weather_era5_bg_uniform_0p25deg.csv,37940,30352,7588,2025-06-18 17:00:00+00:00,2026-04-30 20:00:00+00:00,classification,RandForest,auc,0.8976928808831867,0.9233959448047532,0.0257030639215666,8.18653229199117,0.25,uniform,annual,"2022,2023,2024,2025,2026",data/capacity_weights_post_by_year,20260723T013213Z-85f136d9,8,,,,post,Post-COVID (2022-Apr 2026),results/post_covid_spatial_resolution/model_results.csv
cz,data/country_weather_post_covid/weather_era5_cz_uniform_0p25deg.csv,37942,30353,7589,2025-06-18 17:00:00+00:00,2026-04-30 21:00:00+00:00,classification,RandForest,auc,0.8609476257806057,0.9380729350771768,0.0771253092965711,7.813319875043817,0.25,uniform,annual,"2022,2023,2024,2025,2026",data/capacity_weights_post_by_year,20260723T013213Z-85f136d9,8,,,,post,Post-COVID (2022-Apr 2026),results/post_covid_spatial_resolution/model_results.csv
de,data/country_weather_post_covid/weather_era5_de_uniform_0p25deg.csv,37942,30353,7589,2025-06-18 17:00:00+00:00,2026-04-30 21:00:00+00:00,classification,RandForest,auc,0.7234274700435355,0.9561335258625948,0.2327060558190593,8.906459583959077,0.25,uniform,annual,"2022,2023,2024,2025,2026",data/capacity_weights_post_by_year,20260723T013213Z-85f136d9,8,,,,post,Post-COVID (2022-Apr 2026),results/post_covid_spatial_resolution/model_results.csv
dk,data/country_weather_post_covid/weather_era5_dk_uniform_0p25deg.csv,37924,30339,7585,2025-06-18 12:00:00+00:00,2026-04-30 21:00:00+00:00,classification,RandForest,auc,0.6393063264197466,0.9535745815876058,0.3142682551678591,9.052656874991952,0.25,uniform,annual,"2022,2023,2024,2025,2026",data/capacity_weights_post_by_year,20260723T013213Z-85f136d9,8,,,,post,Post-COVID (2022-Apr 2026),results/post_covid_spatial_resolution/model_results.csv
es,data/country_weather_post_covid/weather_era5_es_uniform_0p25deg.csv,37941,30352,7589,2025-06-18 16:00:00+00:00,2026-04-30 21:00:00+00:00,classification,RandForest,auc,0.855632068846712,0.9381283943678568,0.0824963255211449,9.572273165977094,0.25,uniform,annual,"2022,2023,2024,2025,2026",data/capacity_weights_post_by_year,20260723T013213Z-85f136d9,8,,,,post,Post-COVID (2022-Apr 2026),results/post_covid_spatial_resolution/model_results.csv
fr,data/country_weather_post_covid/weather_era5_fr_uniform_0p25deg.csv,37882,30305,7577,2025-06-18 00:00:00+00:00,2026-04-30 21:00:00+00:00,classification,RandForest,auc,0.8032544823760589,0.8717734884027041,0.0685190060266451,7.459418666025158,0.25,uniform,annual,"2022,2023,2024,2025,2026",data/capacity_weights_post_by_year,20260723T013213Z-85f136d9,8,,,,post,Post-COVID (2022-Apr 2026),results/post_covid_spatial_resolution/model_results.csv
gr,data/country_weather_post_covid/weather_era5_gr_uniform_0p25deg.csv,37933,30346,7587,2025-06-18 17:00:00+00:00,2026-04-30 20:00:00+00:00,classification,RandForest,auc,0.788488666149749,0.903475909843785,0.114987243694036,9.503741166961843,0.25,uniform,annual,"2022,2023,2024,2025,2026",data/capacity_weights_post_by_year,20260723T013213Z-85f136d9,8,,,,post,Post-COVID (2022-Apr 2026),results/post_covid_spatial_resolution/model_results.csv
hr,data/country_weather_post_covid/weather_era5_hr_uniform_0p25deg.csv,37941,30352,7589,2025-06-18 17:00:00+00:00,2026-04-30 21:00:00+00:00,classification,RandForest,auc,0.6286851369828342,0.7769614953866509,0.1482763584038167,10.103316832974087,0.25,uniform,annual,"2022,2023,2024,2025,2026",data/capacity_weights_post_by_year,20260723T013213Z-85f136d9,8,,,,post,Post-COVID (2022-Apr 2026),results/post_covid_spatial_resolution/model_results.csv
ie,data/country_weather_post_covid/weather_era5_ie_uniform_0p25deg.csv,36085,28868,7217,2025-05-18 22:00:00+00:00,2026-04-30 22:00:00+00:00,classification,RandForest,auc,0.6276550292296796,0.9604778217741848,0.3328227925445051,8.14997308299644,0.25,uniform,annual,"2022,2023,2024,2025,2026",data/capacity_weights_post_by_year,20260723T013213Z-85f136d9,8,,,,post,Post-COVID (2022-Apr 2026),results/post_covid_spatial_resolution/model_results.csv
lt,data/country_weather_post_covid/weather_era5_lt_uniform_0p25deg.csv,37939,30351,7588,2025-06-18 16:00:00+00:00,2026-04-30 20:00:00+00:00,classification,RandForest,auc,0.6811298881897195,0.911263145747887,0.2301332575581675,9.74342933302978,0.25,uniform,annual,"2022,2023,2024,2025,2026",data/capacity_weights_post_by_year,20260723T013213Z-85f136d9,8,,,,post,Post-COVID (2022-Apr 2026),results/post_covid_spatial_resolution/model_results.csv
lv,data/country_weather_post_covid/weather_era5_lv_uniform_0p25deg.csv,37941,30352,7589,2025-06-18 16:00:00+00:00,2026-04-30 20:00:00+00:00,classification,RandForest,auc,0.60216233604846,0.6323040217552302,0.0301416857067701,10.102840624982491,0.25,uniform,annual,"2022,2023,2024,2025,2026",data/capacity_weights_post_by_year,20260723T013213Z-85f136d9,8,,,,post,Post-COVID (2022-Apr 2026),results/post_covid_spatial_resolution/model_results.csv
nl,data/country_weather_post_covid/weather_era5_nl_uniform_0p25deg.csv,37942,30353,7589,2025-06-18 17:00:00+00:00,2026-04-30 21:00:00+00:00,classification,RandForest,auc,0.7405519221263166,0.890735008935701,0.1501830868093844,6.837688667001203,0.25,uniform,annual,"2022,2023,2024,2025,2026",data/capacity_weights_post_by_year,20260723T013213Z-85f136d9,8,,,,post,Post-COVID (2022-Apr 2026),results/post_covid_spatial_resolution/model_results.csv
pt,data/country_weather_post_covid/weather_era5_pt_uniform_0p25deg.csv,37943,30354,7589,2025-06-18 18:00:00+00:00,2026-04-30 22:00:00+00:00,classification,RandForest,auc,0.7258488546106153,0.8474254390639189,0.1215765844533035,9.913449582993051,0.25,uniform,annual,"2022,2023,2024,2025,2026",data/capacity_weights_post_by_year,20260723T013213Z-85f136d9,8,,,,post,Post-COVID (2022-Apr 2026),results/post_covid_spatial_resolution/model_results.csv
ro,data/country_weather_post_covid/weather_era5_ro_uniform_0p25deg.csv,37941,30352,7589,2025-06-18 16:00:00+00:00,2026-04-30 20:00:00+00:00,classification,RandForest,auc,0.7258137637223947,0.8113716086617158,0.085557844939321,15.240611625020392,0.25,uniform,annual,"2022,2023,2024,2025,2026",data/capacity_weights_post_by_year,20260723T013213Z-85f136d9,8,,,,post,Post-COVID (2022-Apr 2026),results/post_covid_spatial_resolution/model_results.csv
rs,data/country_weather_post_covid/weather_era5_rs_uniform_0p25deg.csv,37939,30351,7588,2025-06-18 15:00:00+00:00,2026-04-30 21:00:00+00:00,classification,RandForest,auc,0.8548951457225289,0.803493572502653,-0.0514015732198759,8.789823125000112,0.25,uniform,annual,"2022,2023,2024,2025,2026",data/capacity_weights_post_by_year,20260723T013213Z-85f136d9,8,,,,post,Post-COVID (2022-Apr 2026),results/post_covid_spatial_resolution/model_results.csv
si,data/country_weather_post_covid/weather_era5_si_uniform_0p25deg.csv,37852,30281,7571,2025-06-19 04:00:00+00:00,2026-04-30 21:00:00+00:00,classification,RandForest,auc,0.7048730726626523,0.7309956794044613,0.0261226067418089,10.09346620796714,0.25,uniform,annual,"2022,2023,2024,2025,2026",data/capacity_weights_post_by_year,20260723T013213Z-85f136d9,8,,,,post,Post-COVID (2022-Apr 2026),results/post_covid_spatial_resolution/model_results.csv
sk,data/country_weather_post_covid/weather_era5_sk_uniform_0p25deg.csv,37886,30308,7578,2025-06-18 22:00:00+00:00,2026-04-30 21:00:00+00:00,classification,RandForest,auc,0.4766336633663366,0.4781518151815181,0.0015181518151815,5.275956750032492,0.25,uniform,annual,"2022,2023,2024,2025,2026",data/capacity_weights_post_by_year,20260723T013213Z-85f136d9,8,,,,post,Post-COVID (2022-Apr 2026),results/post_covid_spatial_resolution/model_results.csv
at,data/country_weather_post_covid/weather_era5_at_uniform_0p5deg.csv,37942,30353,7589,2025-06-18 17:00:00+00:00,2026-04-30 21:00:00+00:00,classification,RandForest,auc,0.8483202614013706,0.887898540192231,0.0395782787908604,10.475675499998031,0.5,uniform,annual,"2022,2023,2024,2025,2026",data/capacity_weights_post_by_year,20260723T013213Z-85f136d9,8,,,,post,Post-COVID (2022-Apr 2026),results/post_covid_spatial_resolution/model_results.csv
be,data/country_weather_post_covid/weather_era5_be_uniform_0p5deg.csv,37942,30353,7589,2025-06-18 17:00:00+00:00,2026-04-30 21:00:00+00:00,classification,RandForest,auc,0.8553930267624273,0.9603227244469515,0.1049296976845242,8.902155832969584,0.5,uniform,annual,"2022,2023,2024,2025,2026",data/capacity_weights_post_by_year,20260723T013213Z-85f136d9,8,,,,post,Post-COVID (2022-Apr 2026),results/post_covid_spatial_resolution/model_results.csv
bg,data/country_weather_post_covid/weather_era5_bg_uniform_0p5deg.csv,37940,30352,7588,2025-06-18 17:00:00+00:00,2026-04-30 20:00:00+00:00,classification,RandForest,auc,0.8976928808831867,0.9289707749708572,0.0312778940876705,8.165118458040524,0.5,uniform,annual,"2022,2023,2024,2025,2026",data/capacity_weights_post_by_year,20260723T013213Z-85f136d9,8,,,,post,Post-COVID (2022-Apr 2026),results/post_covid_spatial_resolution/model_results.csv
cz,data/country_weather_post_covid/weather_era5_cz_uniform_0p5deg.csv,37942,30353,7589,2025-06-18 17:00:00+00:00,2026-04-30 21:00:00+00:00,classification,RandForest,auc,0.8609476257806057,0.9492031931188876,0.0882555673382819,7.588327916979324,0.5,uniform,annual,"2022,2023,2024,2025,2026",data/capacity_weights_post_by_year,20260723T013213Z-85f136d9,8,,,,post,Post-COVID (2022-Apr 2026),results/post_covid_spatial_resolution/model_results.csv
de,data/country_weather_post_covid/weather_era5_de_uniform_0p5deg.csv,37942,30353,7589,2025-06-18 17:00:00+00:00,2026-04-30 21:00:00+00:00,classification,RandForest,auc,0.7234274700435355,0.9548543144981224,0.2314268444545868,9.490213249984665,0.5,uniform,annual,"2022,2023,2024,2025,2026",data/capacity_weights_post_by_year,20260723T013213Z-85f136d9,8,,,,post,Post-COVID (2022-Apr 2026),results/post_covid_spatial_resolution/model_results.csv
dk,data/country_weather_post_covid/weather_era5_dk_uniform_0p5deg.csv,37924,30339,7585,2025-06-18 12:00:00+00:00,2026-04-30 21:00:00+00:00,classification,RandForest,auc,0.6393063264197466,0.9521173929450428,0.3128110665252961,9.794439708988648,0.5,uniform,annual,"2022,2023,2024,2025,2026",data/capacity_weights_post_by_year,20260723T013213Z-85f136d9,8,,,,post,Post-COVID (2022-Apr 2026),results/post_covid_spatial_resolution/model_results.csv
es,data/country_weather_post_covid/weather_era5_es_uniform_0p5deg.csv,37941,30352,7589,2025-06-18 16:00:00+00:00,2026-04-30 21:00:00+00:00,classification,RandForest,auc,0.855632068846712,0.9396118444440266,0.0839797755973146,10.15566441701958,0.5,uniform,annual,"2022,2023,2024,2025,2026",data/capacity_weights_post_by_year,20260723T013213Z-85f136d9,8,,,,post,Post-COVID (2022-Apr 2026),results/post_covid_spatial_resolution/model_results.csv
fr,data/country_weather_post_covid/weather_era5_fr_uniform_0p5deg.csv,37882,30305,7577,2025-06-18 00:00:00+00:00,2026-04-30 21:00:00+00:00,classification,RandForest,auc,0.8032544823760589,0.8718362463684998,0.0685817639924408,8.238265332998708,0.5,uniform,annual,"2022,2023,2024,2025,2026",data/capacity_weights_post_by_year,20260723T013213Z-85f136d9,8,,,,post,Post-COVID (2022-Apr 2026),results/post_covid_spatial_resolution/model_results.csv
gr,data/country_weather_post_covid/weather_era5_gr_uniform_0p5deg.csv,37933,30346,7587,2025-06-18 17:00:00+00:00,2026-04-30 20:00:00+00:00,classification,RandForest,auc,0.788488666149749,0.903475909843785,0.114987243694036,9.683299833966885,0.5,uniform,annual,"2022,2023,2024,2025,2026",data/capacity_weights_post_by_year,20260723T013213Z-85f136d9,8,,,,post,Post-COVID (2022-Apr 2026),results/post_covid_spatial_resolution/model_results.csv
hr,data/country_weather_post_covid/weather_era5_hr_uniform_0p5deg.csv,37941,30352,7589,2025-06-18 17:00:00+00:00,2026-04-30 21:00:00+00:00,classification,RandForest,auc,0.6286851369828342,0.7737020175172792,0.1450168805344449,10.277741542027798,0.5,uniform,annual,"2022,2023,2024,2025,2026",data/capacity_weights_post_by_year,20260723T013213Z-85f136d9,8,,,,post,Post-COVID (2022-Apr 2026),results/post_covid_spatial_resolution/model_results.csv
ie,data/country_weather_post_covid/weather_era5_ie_uniform_0p5deg.csv,36085,28868,7217,2025-05-18 22:00:00+00:00,2026-04-30 22:00:00+00:00,classification,RandForest,auc,0.6276550292296796,0.9585843605617675,0.330929331332088,8.008194208960049,0.5,uniform,annual,"2022,2023,2024,2025,2026",data/capacity_weights_post_by_year,20260723T013213Z-85f136d9,8,,,,post,Post-COVID (2022-Apr 2026),results/post_covid_spatial_resolution/model_results.csv
lt,data/country_weather_post_covid/weather_era5_lt_uniform_0p5deg.csv,37939,30351,7588,2025-06-18 16:00:00+00:00,2026-04-30 20:00:00+00:00,classification,RandForest,auc,0.6811298881897195,0.9115504808733368,0.2304205926836172,9.679454625002109,0.5,uniform,annual,"2022,2023,2024,2025,2026",data/capacity_weights_post_by_year,20260723T013213Z-85f136d9,8,,,,post,Post-COVID (2022-Apr 2026),results/post_covid_spatial_resolution/model_results.csv
lv,data/country_weather_post_covid/weather_era5_lv_uniform_0p5deg.csv,37941,30352,7589,2025-06-18 16:00:00+00:00,2026-04-30 20:00:00+00:00,classification,RandForest,auc,0.60216233604846,0.6313654871425953,0.0292031510941352,9.81535533297574,0.5,uniform,annual,"2022,2023,2024,2025,2026",data/capacity_weights_post_by_year,20260723T013213Z-85f136d9,8,,,,post,Post-COVID (2022-Apr 2026),results/post_covid_spatial_resolution/model_results.csv
nl,data/country_weather_post_covid/weather_era5_nl_uniform_0p5deg.csv,37942,30353,7589,2025-06-18 17:00:00+00:00,2026-04-30 21:00:00+00:00,classification,RandForest,auc,0.7405519221263166,0.8914086086923457,0.1508566865660291,6.90304504201049,0.5,uniform,annual,"2022,2023,2024,2025,2026",data/capacity_weights_post_by_year,20260723T013213Z-85f136d9,8,,,,post,Post-COVID (2022-Apr 2026),results/post_covid_spatial_resolution/model_results.csv
pt,data/country_weather_post_covid/weather_era5_pt_uniform_0p5deg.csv,37943,30354,7589,2025-06-18 18:00:00+00:00,2026-04-30 22:00:00+00:00,classification,RandForest,auc,0.7258488546106153,0.8474862273561455,0.1216373727455302,9.963636124972254,0.5,uniform,annual,"2022,2023,2024,2025,2026",data/capacity_weights_post_by_year,20260723T013213Z-85f136d9,8,,,,post,Post-COVID (2022-Apr 2026),results/post_covid_spatial_resolution/model_results.csv
ro,data/country_weather_post_covid/weather_era5_ro_uniform_0p5deg.csv,37941,30352,7589,2025-06-18 16:00:00+00:00,2026-04-30 20:00:00+00:00,classification,RandForest,auc,0.7258137637223947,0.8151157600310933,0.0893019963086986,15.61149816698162,0.5,uniform,annual,"2022,2023,2024,2025,2026",data/capacity_weights_post_by_year,20260723T013213Z-85f136d9,8,,,,post,Post-COVID (2022-Apr 2026),results/post_covid_spatial_resolution/model_results.csv
rs,data/country_weather_post_covid/weather_era5_rs_uniform_0p5deg.csv,37939,30351,7588,2025-06-18 15:00:00+00:00,2026-04-30 21:00:00+00:00,classification,RandForest,auc,0.8548951457225289,0.7989297861670172,-0.0559653595555117,8.750644083018415,0.5,uniform,annual,"2022,2023,2024,2025,2026",data/capacity_weights_post_by_year,20260723T013213Z-85f136d9,8,,,,post,Post-COVID (2022-Apr 2026),results/post_covid_spatial_resolution/model_results.csv
si,data/country_weather_post_covid/weather_era5_si_uniform_0p5deg.csv,37852,30281,7571,2025-06-19 04:00:00+00:00,2026-04-30 21:00:00+00:00,classification,RandForest,auc,0.7048730726626523,0.7307201955030108,0.0258471228403585,10.310922125005163,0.5,uniform,annual,"2022,2023,2024,2025,2026",data/capacity_weights_post_by_year,20260723T013213Z-85f136d9,8,,,,post,Post-COVID (2022-Apr 2026),results/post_covid_spatial_resolution/model_results.csv
sk,data/country_weather_post_covid/weather_era5_sk_uniform_0p5deg.csv,37886,30308,7578,2025-06-18 22:00:00+00:00,2026-04-30 21:00:00+00:00,classification,RandForest,auc,0.4766336633663366,0.4788118811881188,0.0021782178217821,5.393337125016842,0.5,uniform,annual,"2022,2023,2024,2025,2026",data/capacity_weights_post_by_year,20260723T013213Z-85f136d9,8,,,,post,Post-COVID (2022-Apr 2026),results/post_covid_spatial_resolution/model_results.csv
at,data/country_weather_post_covid/weather_era5_at_uniform_1p0deg.csv,37942,30353,7589,2025-06-18 17:00:00+00:00,2026-04-30 21:00:00+00:00,classification,RandForest,auc,0.8483202614013706,0.8907152480406078,0.0423949866392371,10.613650499959476,1.0,uniform,annual,"2022,2023,2024,2025,2026",data/capacity_weights_post_by_year,20260723T013213Z-85f136d9,8,,,,post,Post-COVID (2022-Apr 2026),results/post_covid_spatial_resolution/model_results.csv
be,data/country_weather_post_covid/weather_era5_be_uniform_1p0deg.csv,37942,30353,7589,2025-06-18 17:00:00+00:00,2026-04-30 21:00:00+00:00,classification,RandForest,auc,0.8553930267624273,0.9606298486488336,0.1052368218864061,9.015765541989822,1.0,uniform,annual,"2022,2023,2024,2025,2026",data/capacity_weights_post_by_year,20260723T013213Z-85f136d9,8,,,,post,Post-COVID (2022-Apr 2026),results/post_covid_spatial_resolution/model_results.csv
bg,data/country_weather_post_covid/weather_era5_bg_uniform_1p0deg.csv,37940,30352,7588,2025-06-18 17:00:00+00:00,2026-04-30 20:00:00+00:00,classification,RandForest,auc,0.8976928808831867,0.9225909861418676,0.0248981052586808,8.565808165993076,1.0,uniform,annual,"2022,2023,2024,2025,2026",data/capacity_weights_post_by_year,20260723T013213Z-85f136d9,8,,,,post,Post-COVID (2022-Apr 2026),results/post_covid_spatial_resolution/model_results.csv
cz,data/country_weather_post_covid/weather_era5_cz_uniform_1p0deg.csv,37942,30353,7589,2025-06-18 17:00:00+00:00,2026-04-30 21:00:00+00:00,classification,RandForest,auc,0.8609476257806057,0.94913249675975,0.0881848709791444,7.9058299999451265,1.0,uniform,annual,"2022,2023,2024,2025,2026",data/capacity_weights_post_by_year,20260723T013213Z-85f136d9,8,,,,post,Post-COVID (2022-Apr 2026),results/post_covid_spatial_resolution/model_results.csv
de,data/country_weather_post_covid/weather_era5_de_uniform_1p0deg.csv,37942,30353,7589,2025-06-18 17:00:00+00:00,2026-04-30 21:00:00+00:00,classification,RandForest,auc,0.7234274700435355,0.95644140218484,0.2330139321413044,9.525606957962736,1.0,uniform,annual,"2022,2023,2024,2025,2026",data/capacity_weights_post_by_year,20260723T013213Z-85f136d9,8,,,,post,Post-COVID (2022-Apr 2026),results/post_covid_spatial_resolution/model_results.csv
dk,data/country_weather_post_covid/weather_era5_dk_uniform_1p0deg.csv,37924,30339,7585,2025-06-18 12:00:00+00:00,2026-04-30 21:00:00+00:00,classification,RandForest,auc,0.6393063264197466,0.946820841568092,0.3075145151483454,9.878056082990952,1.0,uniform,annual,"2022,2023,2024,2025,2026",data/capacity_weights_post_by_year,20260723T013213Z-85f136d9,8,,,,post,Post-COVID (2022-Apr 2026),results/post_covid_spatial_resolution/model_results.csv
es,data/country_weather_post_covid/weather_era5_es_uniform_1p0deg.csv,37941,30352,7589,2025-06-18 16:00:00+00:00,2026-04-30 21:00:00+00:00,classification,RandForest,auc,0.855632068846712,0.9394235491490326,0.0837914803023206,10.157369832973927,1.0,uniform,annual,"2022,2023,2024,2025,2026",data/capacity_weights_post_by_year,20260723T013213Z-85f136d9,8,,,,post,Post-COVID (2022-Apr 2026),results/post_covid_spatial_resolution/model_results.csv
fr,data/country_weather_post_covid/weather_era5_fr_uniform_1p0deg.csv,37882,30305,7577,2025-06-18 00:00:00+00:00,2026-04-30 21:00:00+00:00,classification,RandForest,auc,0.8032544823760589,0.8718534049134552,0.0685989225373963,8.27422750002006,1.0,uniform,annual,"2022,2023,2024,2025,2026",data/capacity_weights_post_by_year,20260723T013213Z-85f136d9,8,,,,post,Post-COVID (2022-Apr 2026),results/post_covid_spatial_resolution/model_results.csv
gr,data/country_weather_post_covid/weather_era5_gr_uniform_1p0deg.csv,37933,30346,7587,2025-06-18 17:00:00+00:00,2026-04-30 20:00:00+00:00,classification,RandForest,auc,0.788488666149749,0.9026117391574896,0.1141230730077405,9.716491874947678,1.0,uniform,annual,"2022,2023,2024,2025,2026",data/capacity_weights_post_by_year,20260723T013213Z-85f136d9,8,,,,post,Post-COVID (2022-Apr 2026),results/post_covid_spatial_resolution/model_results.csv
hr,data/country_weather_post_covid/weather_era5_hr_uniform_1p0deg.csv,37941,30352,7589,2025-06-18 17:00:00+00:00,2026-04-30 21:00:00+00:00,classification,RandForest,auc,0.6286851369828342,0.7729654703784725,0.1442803333956382,10.457785125006922,1.0,uniform,annual,"2022,2023,2024,2025,2026",data/capacity_weights_post_by_year,20260723T013213Z-85f136d9,8,,,,post,Post-COVID (2022-Apr 2026),results/post_covid_spatial_resolution/model_results.csv
ie,data/country_weather_post_covid/weather_era5_ie_uniform_1p0deg.csv,36085,28868,7217,2025-05-18 22:00:00+00:00,2026-04-30 22:00:00+00:00,classification,RandForest,auc,0.6276550292296796,0.9475506611081956,0.3198956318785161,8.181214375013951,1.0,uniform,annual,"2022,2023,2024,2025,2026",data/capacity_weights_post_by_year,20260723T013213Z-85f136d9,8,,,,post,Post-COVID (2022-Apr 2026),results/post_covid_spatial_resolution/model_results.csv
lt,data/country_weather_post_covid/weather_era5_lt_uniform_1p0deg.csv,37939,30351,7588,2025-06-18 16:00:00+00:00,2026-04-30 20:00:00+00:00,classification,RandForest,auc,0.6811298881897195,0.9079020547307928,0.2267721665410732,9.79045154195046,1.0,uniform,annual,"2022,2023,2024,2025,2026",data/capacity_weights_post_by_year,20260723T013213Z-85f136d9,8,,,,post,Post-COVID (2022-Apr 2026),results/post_covid_spatial_resolution/model_results.csv
lv,data/country_weather_post_covid/weather_era5_lv_uniform_1p0deg.csv,37941,30352,7589,2025-06-18 16:00:00+00:00,2026-04-30 20:00:00+00:00,classification,RandForest,auc,0.60216233604846,0.6319538800388399,0.0297915439903798,10.39709037495777,1.0,uniform,annual,"2022,2023,2024,2025,2026",data/capacity_weights_post_by_year,20260723T013213Z-85f136d9,8,,,,post,Post-COVID (2022-Apr 2026),results/post_covid_spatial_resolution/model_results.csv
nl,data/country_weather_post_covid/weather_era5_nl_uniform_1p0deg.csv,37942,30353,7589,2025-06-18 17:00:00+00:00,2026-04-30 21:00:00+00:00,classification,RandForest,auc,0.7405519221263166,0.894405680824366,0.1538537586980494,6.906418416998349,1.0,uniform,annual,"2022,2023,2024,2025,2026",data/capacity_weights_post_by_year,20260723T013213Z-85f136d9,8,,,,post,Post-COVID (2022-Apr 2026),results/post_covid_spatial_resolution/model_results.csv
pt,data/country_weather_post_covid/weather_era5_pt_uniform_1p0deg.csv,37943,30354,7589,2025-06-18 18:00:00+00:00,2026-04-30 22:00:00+00:00,classification,RandForest,auc,0.7258488546106153,0.8464711059882246,0.1206222513776092,10.108692375011742,1.0,uniform,annual,"2022,2023,2024,2025,2026",data/capacity_weights_post_by_year,20260723T013213Z-85f136d9,8,,,,post,Post-COVID (2022-Apr 2026),results/post_covid_spatial_resolution/model_results.csv
ro,data/country_weather_post_covid/weather_era5_ro_uniform_1p0deg.csv,37941,30352,7589,2025-06-18 16:00:00+00:00,2026-04-30 20:00:00+00:00,classification,RandForest,auc,0.7258137637223947,0.8165137644955804,0.0907000007731857,15.507142875052525,1.0,uniform,annual,"2022,2023,2024,2025,2026",data/capacity_weights_post_by_year,20260723T013213Z-85f136d9,8,,,,post,Post-COVID (2022-Apr 2026),results/post_covid_spatial_resolution/model_results.csv
rs,data/country_weather_post_covid/weather_era5_rs_uniform_1p0deg.csv,37939,30351,7588,2025-06-18 15:00:00+00:00,2026-04-30 21:00:00+00:00,classification,RandForest,auc,0.8548951457225289,0.7963480605491348,-0.0585470851733941,8.884422041010112,1.0,uniform,annual,"2022,2023,2024,2025,2026",data/capacity_weights_post_by_year,20260723T013213Z-85f136d9,8,,,,post,Post-COVID (2022-Apr 2026),results/post_covid_spatial_resolution/model_results.csv
si,data/country_weather_post_covid/weather_era5_si_uniform_1p0deg.csv,37852,30281,7571,2025-06-19 04:00:00+00:00,2026-04-30 21:00:00+00:00,classification,RandForest,auc,0.7048730726626523,0.7310767890047931,0.0262037163421408,10.386719583999366,1.0,uniform,annual,"2022,2023,2024,2025,2026",data/capacity_weights_post_by_year,20260723T013213Z-85f136d9,8,,,,post,Post-COVID (2022-Apr 2026),results/post_covid_spatial_resolution/model_results.csv
sk,data/country_weather_post_covid/weather_era5_sk_uniform_1p0deg.csv,37886,30308,7578,2025-06-18 22:00:00+00:00,2026-04-30 21:00:00+00:00,classification,RandForest,auc,0.4766336633663366,0.4766336633663366,0.0,5.8502129999687895,1.0,uniform,annual,"2022,2023,2024,2025,2026",data/capacity_weights_post_by_year,20260723T013213Z-85f136d9,8,,,,post,Post-COVID (2022-Apr 2026),results/post_covid_spatial_resolution/model_results.csv
at,data/country_weather_post_covid/weather_era5_at_uniform_2p0deg.csv,37942,30353,7589,2025-06-18 17:00:00+00:00,2026-04-30 21:00:00+00:00,classification,RandForest,auc,0.8483202614013706,0.9018038893423224,0.0534836279409518,10.268379666027611,2.0,uniform,annual,"2022,2023,2024,2025,2026",data/capacity_weights_post_by_year,20260723T013213Z-85f136d9,8,,,,post,Post-COVID (2022-Apr 2026),results/post_covid_spatial_resolution/model_results.csv
be,data/country_weather_post_covid/weather_era5_be_uniform_2p0deg.csv,37942,30353,7589,2025-06-18 17:00:00+00:00,2026-04-30 21:00:00+00:00,classification,RandForest,auc,0.8553930267624273,0.9608689916789696,0.1054759649165423,8.735960666032042,2.0,uniform,annual,"2022,2023,2024,2025,2026",data/capacity_weights_post_by_year,20260723T013213Z-85f136d9,8,,,,post,Post-COVID (2022-Apr 2026),results/post_covid_spatial_resolution/model_results.csv
bg,data/country_weather_post_covid/weather_era5_bg_uniform_2p0deg.csv,37940,30352,7588,2025-06-18 17:00:00+00:00,2026-04-30 20:00:00+00:00,classification,RandForest,auc,0.8976928808831867,0.9256957467514844,0.0280028658682977,8.72730974998558,2.0,uniform,annual,"2022,2023,2024,2025,2026",data/capacity_weights_post_by_year,20260723T013213Z-85f136d9,8,,,,post,Post-COVID (2022-Apr 2026),results/post_covid_spatial_resolution/model_results.csv
cz,data/country_weather_post_covid/weather_era5_cz_uniform_2p0deg.csv,37942,30353,7589,2025-06-18 17:00:00+00:00,2026-04-30 21:00:00+00:00,classification,RandForest,auc,0.8609476257806057,0.9375486037469072,0.0766009779663013,7.095527458994184,2.0,uniform,annual,"2022,2023,2024,2025,2026",data/capacity_weights_post_by_year,20260723T013213Z-85f136d9,8,,,,post,Post-COVID (2022-Apr 2026),results/post_covid_spatial_resolution/model_results.csv
de,data/country_weather_post_covid/weather_era5_de_uniform_2p0deg.csv,37942,30353,7589,2025-06-18 17:00:00+00:00,2026-04-30 21:00:00+00:00,classification,RandForest,auc,0.7234274700435355,0.9437911772285624,0.2203637071850269,9.661081707978155,2.0,uniform,annual,"2022,2023,2024,2025,2026",data/capacity_weights_post_by_year,20260723T013213Z-85f136d9,8,,,,post,Post-COVID (2022-Apr 2026),results/post_covid_spatial_resolution/model_results.csv
dk,data/country_weather_post_covid/weather_era5_dk_uniform_2p0deg.csv,37924,30339,7585,2025-06-18 12:00:00+00:00,2026-04-30 21:00:00+00:00,classification,RandForest,auc,0.6393063264197466,0.9380017322651718,0.2986954058454252,10.054385958996136,2.0,uniform,annual,"2022,2023,2024,2025,2026",data/capacity_weights_post_by_year,20260723T013213Z-85f136d9,8,,,,post,Post-COVID (2022-Apr 2026),results/post_covid_spatial_resolution/model_results.csv
es,data/country_weather_post_covid/weather_era5_es_uniform_2p0deg.csv,37941,30352,7589,2025-06-18 16:00:00+00:00,2026-04-30 21:00:00+00:00,classification,RandForest,auc,0.855632068846712,0.9444924570096708,0.0888603881629587,10.124353124992922,2.0,uniform,annual,"2022,2023,2024,2025,2026",data/capacity_weights_post_by_year,20260723T013213Z-85f136d9,8,,,,post,Post-COVID (2022-Apr 2026),results/post_covid_spatial_resolution/model_results.csv
fr,data/country_weather_post_covid/weather_era5_fr_uniform_2p0deg.csv,37882,30305,7577,2025-06-18 00:00:00+00:00,2026-04-30 21:00:00+00:00,classification,RandForest,auc,0.8032544823760589,0.8570667349874483,0.0538122526113894,7.414278500014916,2.0,uniform,annual,"2022,2023,2024,2025,2026",data/capacity_weights_post_by_year,20260723T013213Z-85f136d9,8,,,,post,Post-COVID (2022-Apr 2026),results/post_covid_spatial_resolution/model_results.csv
gr,data/country_weather_post_covid/weather_era5_gr_uniform_2p0deg.csv,37933,30346,7587,2025-06-18 17:00:00+00:00,2026-04-30 20:00:00+00:00,classification,RandForest,auc,0.788488666149749,0.9030514104649952,0.1145627443152461,9.642009958042763,2.0,uniform,annual,"2022,2023,2024,2025,2026",data/capacity_weights_post_by_year,20260723T013213Z-85f136d9,8,,,,post,Post-COVID (2022-Apr 2026),results/post_covid_spatial_resolution/model_results.csv
hr,data/country_weather_post_covid/weather_era5_hr_uniform_2p0deg.csv,37941,30352,7589,2025-06-18 17:00:00+00:00,2026-04-30 21:00:00+00:00,classification,RandForest,auc,0.6286851369828342,0.7560569968507711,0.1273718598679368,10.329086165991612,2.0,uniform,annual,"2022,2023,2024,2025,2026",data/capacity_weights_post_by_year,20260723T013213Z-85f136d9,8,,,,post,Post-COVID (2022-Apr 2026),results/post_covid_spatial_resolution/model_results.csv
ie,data/country_weather_post_covid/weather_era5_ie_uniform_2p0deg.csv,36085,28868,7217,2025-05-18 22:00:00+00:00,2026-04-30 22:00:00+00:00,classification,RandForest,auc,0.6276550292296796,0.9366287060041028,0.3089736767744232,8.305290791962761,2.0,uniform,annual,"2022,2023,2024,2025,2026",data/capacity_weights_post_by_year,20260723T013213Z-85f136d9,8,,,,post,Post-COVID (2022-Apr 2026),results/post_covid_spatial_resolution/model_results.csv
lt,data/country_weather_post_covid/weather_era5_lt_uniform_2p0deg.csv,37939,30351,7588,2025-06-18 16:00:00+00:00,2026-04-30 20:00:00+00:00,classification,RandForest,auc,0.6811298881897195,0.8984845385971368,0.2173546504074173,9.69612270896323,2.0,uniform,annual,"2022,2023,2024,2025,2026",data/capacity_weights_post_by_year,20260723T013213Z-85f136d9,8,,,,post,Post-COVID (2022-Apr 2026),results/post_covid_spatial_resolution/model_results.csv
lv,data/country_weather_post_covid/weather_era5_lv_uniform_2p0deg.csv,37941,30352,7589,2025-06-18 16:00:00+00:00,2026-04-30 20:00:00+00:00,classification,RandForest,auc,0.60216233604846,0.6303126909879757,0.0281503549395156,9.912395208026282,2.0,uniform,annual,"2022,2023,2024,2025,2026",data/capacity_weights_post_by_year,20260723T013213Z-85f136d9,8,,,,post,Post-COVID (2022-Apr 2026),results/post_covid_spatial_resolution/model_results.csv
nl,data/country_weather_post_covid/weather_era5_nl_uniform_2p0deg.csv,37942,30353,7589,2025-06-18 17:00:00+00:00,2026-04-30 21:00:00+00:00,classification,RandForest,auc,0.7405519221263166,0.8991427430700787,0.1585908209437621,6.7819474170100875,2.0,uniform,annual,"2022,2023,2024,2025,2026",data/capacity_weights_post_by_year,20260723T013213Z-85f136d9,8,,,,post,Post-COVID (2022-Apr 2026),results/post_covid_spatial_resolution/model_results.csv
pt,data/country_weather_post_covid/weather_era5_pt_uniform_2p0deg.csv,37943,30354,7589,2025-06-18 18:00:00+00:00,2026-04-30 22:00:00+00:00,classification,RandForest,auc,0.7258488546106153,0.8483109218540206,0.1224620672434052,9.842608416976873,2.0,uniform,annual,"2022,2023,2024,2025,2026",data/capacity_weights_post_by_year,20260723T013213Z-85f136d9,8,,,,post,Post-COVID (2022-Apr 2026),results/post_covid_spatial_resolution/model_results.csv
ro,data/country_weather_post_covid/weather_era5_ro_uniform_2p0deg.csv,37941,30352,7589,2025-06-18 16:00:00+00:00,2026-04-30 20:00:00+00:00,classification,RandForest,auc,0.7258137637223947,0.8272067801967175,0.1013930164743227,15.512462749960832,2.0,uniform,annual,"2022,2023,2024,2025,2026",data/capacity_weights_post_by_year,20260723T013213Z-85f136d9,8,,,,post,Post-COVID (2022-Apr 2026),results/post_covid_spatial_resolution/model_results.csv
rs,data/country_weather_post_covid/weather_era5_rs_uniform_2p0deg.csv,37939,30351,7588,2025-06-18 15:00:00+00:00,2026-04-30 21:00:00+00:00,classification,RandForest,auc,0.8548951457225289,0.7968608433069679,-0.0580343024155609,8.955474624992348,2.0,uniform,annual,"2022,2023,2024,2025,2026",data/capacity_weights_post_by_year,20260723T013213Z-85f136d9,8,,,,post,Post-COVID (2022-Apr 2026),results/post_covid_spatial_resolution/model_results.csv
si,data/country_weather_post_covid/weather_era5_si_uniform_2p0deg.csv,37852,30281,7571,2025-06-19 04:00:00+00:00,2026-04-30 21:00:00+00:00,classification,RandForest,auc,0.7048730726626523,0.7296408997128352,0.0247678270501828,9.991950333002023,2.0,uniform,annual,"2022,2023,2024,2025,2026",data/capacity_weights_post_by_year,20260723T013213Z-85f136d9,8,,,,post,Post-COVID (2022-Apr 2026),results/post_covid_spatial_resolution/model_results.csv
sk,data/country_weather_post_covid/weather_era5_sk_uniform_2p0deg.csv,37886,30308,7578,2025-06-18 22:00:00+00:00,2026-04-30 21:00:00+00:00,classification,RandForest,auc,0.4766336633663366,0.6467986798679868,0.1701650165016501,5.735325290996116,2.0,uniform,annual,"2022,2023,2024,2025,2026",data/capacity_weights_post_by_year,20260723T013213Z-85f136d9,8,,,,post,Post-COVID (2022-Apr 2026),results/post_covid_spatial_resolution/model_results.csv
at,data/country_weather_post_covid/weather_era5_at_uniform_0p25deg.csv,37942,30353,7589,2025-06-18 17:00:00+00:00,2026-04-30 21:00:00+00:00,regression,GradientBoosting,r2,0.4665720531882078,0.6455891367207893,0.1790170835325815,10.305197167035658,0.25,uniform,annual,"2022,2023,2024,2025,2026",data/capacity_weights_post_by_year,20260723T013213Z-85f136d9,8,17.443175542527076,14.106856253535613,3.3363192889914632,post,Post-COVID (2022-Apr 2026),results/post_covid_spatial_resolution/model_results.csv
be,data/country_weather_post_covid/weather_era5_be_uniform_0p25deg.csv,37942,30353,7589,2025-06-18 17:00:00+00:00,2026-04-30 21:00:00+00:00,regression,GradientBoosting,r2,0.3803729920052342,0.794102725117668,0.4137297331124338,9.013950875028968,0.25,uniform,annual,"2022,2023,2024,2025,2026",data/capacity_weights_post_by_year,20260723T013213Z-85f136d9,8,13.047221506678447,6.872228271292103,6.174993235386344,post,Post-COVID (2022-Apr 2026),results/post_covid_spatial_resolution/model_results.csv
bg,data/country_weather_post_covid/weather_era5_bg_uniform_0p25deg.csv,37940,30352,7588,2025-06-18 17:00:00+00:00,2026-04-30 20:00:00+00:00,regression,GradientBoosting,r2,0.4995894519342803,0.5338886259914284,0.0342991740571481,8.18653229199117,0.25,uniform,annual,"2022,2023,2024,2025,2026",data/capacity_weights_post_by_year,20260723T013213Z-85f136d9,8,10.043358915306442,9.714551864682251,0.3288070506241904,post,Post-COVID (2022-Apr 2026),results/post_covid_spatial_resolution/model_results.csv
cz,data/country_weather_post_covid/weather_era5_cz_uniform_0p25deg.csv,37942,30353,7589,2025-06-18 17:00:00+00:00,2026-04-30 21:00:00+00:00,regression,GradientBoosting,r2,0.6468168976406032,0.8062202520826929,0.1594033544420896,7.813319875043817,0.25,uniform,annual,"2022,2023,2024,2025,2026",data/capacity_weights_post_by_year,20260723T013213Z-85f136d9,8,3.7314817388568096,2.869003618637911,0.8624781202188987,post,Post-COVID (2022-Apr 2026),results/post_covid_spatial_resolution/model_results.csv
de,data/country_weather_post_covid/weather_era5_de_uniform_0p25deg.csv,37942,30353,7589,2025-06-18 17:00:00+00:00,2026-04-30 21:00:00+00:00,regression,GradientBoosting,r2,0.3042126871263955,0.8056231173347929,0.5014104302083974,8.906459583959077,0.25,uniform,annual,"2022,2023,2024,2025,2026",data/capacity_weights_post_by_year,20260723T013213Z-85f136d9,8,16.77297034342088,8.17266355050078,8.600306792920101,post,Post-COVID (2022-Apr 2026),results/post_covid_spatial_resolution/model_results.csv
dk,data/country_weather_post_covid/weather_era5_dk_uniform_0p25deg.csv,37924,30339,7585,2025-06-18 12:00:00+00:00,2026-04-30 21:00:00+00:00,regression,GradientBoosting,r2,-0.0319211060451638,0.7032995972077228,0.7352207032528867,9.052656874991952,0.25,uniform,annual,"2022,2023,2024,2025,2026",data/capacity_weights_post_by_year,20260723T013213Z-85f136d9,8,28.687436291257697,14.318149351065776,14.36928694019192,post,Post-COVID (2022-Apr 2026),results/post_covid_spatial_resolution/model_results.csv
es,data/country_weather_post_covid/weather_era5_es_uniform_0p25deg.csv,37941,30352,7589,2025-06-18 16:00:00+00:00,2026-04-30 21:00:00+00:00,regression,GradientBoosting,r2,0.5733582053070105,0.7509235266763132,0.1775653213693027,9.572273165977094,0.25,uniform,annual,"2022,2023,2024,2025,2026",data/capacity_weights_post_by_year,20260723T013213Z-85f136d9,8,11.38998790114525,8.158830223724284,3.231157677420967,post,Post-COVID (2022-Apr 2026),results/post_covid_spatial_resolution/model_results.csv
fr,data/country_weather_post_covid/weather_era5_fr_uniform_0p25deg.csv,37882,30305,7577,2025-06-18 00:00:00+00:00,2026-04-30 21:00:00+00:00,regression,GradientBoosting,r2,0.2051608737089854,0.5617940541111754,0.35663318040219,7.459418666025158,0.25,uniform,annual,"2022,2023,2024,2025,2026",data/capacity_weights_post_by_year,20260723T013213Z-85f136d9,8,6.669137291176178,4.8795345516960325,1.789602739480146,post,Post-COVID (2022-Apr 2026),results/post_covid_spatial_resolution/model_results.csv
gr,data/country_weather_post_covid/weather_era5_gr_uniform_0p25deg.csv,37933,30346,7587,2025-06-18 17:00:00+00:00,2026-04-30 20:00:00+00:00,regression,GradientBoosting,r2,0.2681877379901742,0.5392103760675495,0.2710226380773752,9.503741166961843,0.25,uniform,annual,"2022,2023,2024,2025,2026",data/capacity_weights_post_by_year,20260723T013213Z-85f136d9,8,17.875284454879893,13.755052607741977,4.120231847137918,post,Post-COVID (2022-Apr 2026),results/post_covid_spatial_resolution/model_results.csv
hr,data/country_weather_post_covid/weather_era5_hr_uniform_0p25deg.csv,37941,30352,7589,2025-06-18 17:00:00+00:00,2026-04-30 21:00:00+00:00,regression,GradientBoosting,r2,0.0238024617526498,0.3639032709448838,0.3401008091922339,10.103316832974087,0.25,uniform,annual,"2022,2023,2024,2025,2026",data/capacity_weights_post_by_year,20260723T013213Z-85f136d9,8,14.706392686602184,11.385205844832472,3.321186841769711,post,Post-COVID (2022-Apr 2026),results/post_covid_spatial_resolution/model_results.csv
ie,data/country_weather_post_covid/weather_era5_ie_uniform_0p25deg.csv,36085,28868,7217,2025-05-18 22:00:00+00:00,2026-04-30 22:00:00+00:00,regression,GradientBoosting,r2,0.0473014961426631,0.8814533767486111,0.834151880605948,8.14997308299644,0.25,uniform,annual,"2022,2023,2024,2025,2026",data/capacity_weights_post_by_year,20260723T013213Z-85f136d9,8,19.065121330646637,5.84990213138182,13.215219199264816,post,Post-COVID (2022-Apr 2026),results/post_covid_spatial_resolution/model_results.csv
lt,data/country_weather_post_covid/weather_era5_lt_uniform_0p25deg.csv,37939,30351,7588,2025-06-18 16:00:00+00:00,2026-04-30 20:00:00+00:00,regression,GradientBoosting,r2,-0.1460955580557066,0.2734287086557502,0.4195242667114568,9.74342933302978,0.25,uniform,annual,"2022,2023,2024,2025,2026",data/capacity_weights_post_by_year,20260723T013213Z-85f136d9,8,31.61068198632221,23.792425675545136,7.81825631077707,post,Post-COVID (2022-Apr 2026),results/post_covid_spatial_resolution/model_results.csv
lv,data/country_weather_post_covid/weather_era5_lv_uniform_0p25deg.csv,37941,30352,7589,2025-06-18 16:00:00+00:00,2026-04-30 20:00:00+00:00,regression,GradientBoosting,r2,0.1064500428780012,0.0939846237952776,-0.0124654190827235,10.102840624982491,0.25,uniform,annual,"2022,2023,2024,2025,2026",data/capacity_weights_post_by_year,20260723T013213Z-85f136d9,8,28.93154042520603,28.208000017246395,0.7235404079596393,post,Post-COVID (2022-Apr 2026),results/post_covid_spatial_resolution/model_results.csv
nl,data/country_weather_post_covid/weather_era5_nl_uniform_0p25deg.csv,37942,30353,7589,2025-06-18 17:00:00+00:00,2026-04-30 21:00:00+00:00,regression,GradientBoosting,r2,0.009739908680317,0.8258508929244898,0.8161109842441727,6.837688667001203,0.25,uniform,annual,"2022,2023,2024,2025,2026",data/capacity_weights_post_by_year,20260723T013213Z-85f136d9,8,12.245521516628212,4.769695068120611,7.475826448507601,post,Post-COVID (2022-Apr 2026),results/post_covid_spatial_resolution/model_results.csv
pt,data/country_weather_post_covid/weather_era5_pt_uniform_0p25deg.csv,37943,30354,7589,2025-06-18 18:00:00+00:00,2026-04-30 22:00:00+00:00,regression,GradientBoosting,r2,0.1880983856235334,0.4654187309793743,0.2773203453558409,9.913449582993051,0.25,uniform,annual,"2022,2023,2024,2025,2026",data/capacity_weights_post_by_year,20260723T013213Z-85f136d9,8,14.090024134966306,11.418648786759537,2.6713753482067712,post,Post-COVID (2022-Apr 2026),results/post_covid_spatial_resolution/model_results.csv
ro,data/country_weather_post_covid/weather_era5_ro_uniform_0p25deg.csv,37941,30352,7589,2025-06-18 16:00:00+00:00,2026-04-30 20:00:00+00:00,regression,GradientBoosting,r2,0.2328451739185391,0.391134155814281,0.1582889818957419,15.240611625020392,0.25,uniform,annual,"2022,2023,2024,2025,2026",data/capacity_weights_post_by_year,20260723T013213Z-85f136d9,8,9.210031867941495,7.9315004140342,1.2785314539072967,post,Post-COVID (2022-Apr 2026),results/post_covid_spatial_resolution/model_results.csv
rs,data/country_weather_post_covid/weather_era5_rs_uniform_0p25deg.csv,37939,30351,7588,2025-06-18 15:00:00+00:00,2026-04-30 21:00:00+00:00,regression,GradientBoosting,r2,0.3209119493479312,0.3419198499320088,0.0210079005840776,8.789823125000112,0.25,uniform,annual,"2022,2023,2024,2025,2026",data/capacity_weights_post_by_year,20260723T013213Z-85f136d9,8,7.804611765147217,7.667122206032036,0.1374895591151812,post,Post-COVID (2022-Apr 2026),results/post_covid_spatial_resolution/model_results.csv
si,data/country_weather_post_covid/weather_era5_si_uniform_0p25deg.csv,37852,30281,7571,2025-06-19 04:00:00+00:00,2026-04-30 21:00:00+00:00,regression,GradientBoosting,r2,0.2739339828273509,0.1782627605015208,-0.0956712223258301,10.09346620796714,0.25,uniform,annual,"2022,2023,2024,2025,2026",data/capacity_weights_post_by_year,20260723T013213Z-85f136d9,8,11.025162261052875,11.262039074389568,-0.2368768133366909,post,Post-COVID (2022-Apr 2026),results/post_covid_spatial_resolution/model_results.csv
sk,data/country_weather_post_covid/weather_era5_sk_uniform_0p25deg.csv,37886,30308,7578,2025-06-18 22:00:00+00:00,2026-04-30 21:00:00+00:00,regression,GradientBoosting,r2,-0.0870479002084054,-0.1309983565729457,-0.0439504563645403,5.275956750032492,0.25,uniform,annual,"2022,2023,2024,2025,2026",data/capacity_weights_post_by_year,20260723T013213Z-85f136d9,8,4.793595951055899,4.830478883511316,-0.0368829324554171,post,Post-COVID (2022-Apr 2026),results/post_covid_spatial_resolution/model_results.csv
at,data/country_weather_post_covid/weather_era5_at_uniform_0p5deg.csv,37942,30353,7589,2025-06-18 17:00:00+00:00,2026-04-30 21:00:00+00:00,regression,GradientBoosting,r2,0.4665720531882078,0.6446024043646494,0.1780303511764416,10.475675499998031,0.5,uniform,annual,"2022,2023,2024,2025,2026",data/capacity_weights_post_by_year,20260723T013213Z-85f136d9,8,17.443175542527076,14.155332269141375,3.2878432733856986,post,Post-COVID (2022-Apr 2026),results/post_covid_spatial_resolution/model_results.csv
be,data/country_weather_post_covid/weather_era5_be_uniform_0p5deg.csv,37942,30353,7589,2025-06-18 17:00:00+00:00,2026-04-30 21:00:00+00:00,regression,GradientBoosting,r2,0.3803729920052342,0.8049089287665883,0.424535936761354,8.902155832969584,0.5,uniform,annual,"2022,2023,2024,2025,2026",data/capacity_weights_post_by_year,20260723T013213Z-85f136d9,8,13.047221506678447,6.6561772678614535,6.391044238816994,post,Post-COVID (2022-Apr 2026),results/post_covid_spatial_resolution/model_results.csv
bg,data/country_weather_post_covid/weather_era5_bg_uniform_0p5deg.csv,37940,30352,7588,2025-06-18 17:00:00+00:00,2026-04-30 20:00:00+00:00,regression,GradientBoosting,r2,0.4995894519342803,0.533360472605331,0.0337710206710507,8.165118458040524,0.5,uniform,annual,"2022,2023,2024,2025,2026",data/capacity_weights_post_by_year,20260723T013213Z-85f136d9,8,10.043358915306442,9.710410109080396,0.3329488062260459,post,Post-COVID (2022-Apr 2026),results/post_covid_spatial_resolution/model_results.csv
cz,data/country_weather_post_covid/weather_era5_cz_uniform_0p5deg.csv,37942,30353,7589,2025-06-18 17:00:00+00:00,2026-04-30 21:00:00+00:00,regression,GradientBoosting,r2,0.6468168976406032,0.8048918589901541,0.1580749613495509,7.588327916979324,0.5,uniform,annual,"2022,2023,2024,2025,2026",data/capacity_weights_post_by_year,20260723T013213Z-85f136d9,8,3.7314817388568096,2.8732913529489186,0.858190385907891,post,Post-COVID (2022-Apr 2026),results/post_covid_spatial_resolution/model_results.csv
de,data/country_weather_post_covid/weather_era5_de_uniform_0p5deg.csv,37942,30353,7589,2025-06-18 17:00:00+00:00,2026-04-30 21:00:00+00:00,regression,GradientBoosting,r2,0.3042126871263955,0.803163662202012,0.4989509750756165,9.490213249984665,0.5,uniform,annual,"2022,2023,2024,2025,2026",data/capacity_weights_post_by_year,20260723T013213Z-85f136d9,8,16.77297034342088,8.226705292166347,8.546265051254533,post,Post-COVID (2022-Apr 2026),results/post_covid_spatial_resolution/model_results.csv
dk,data/country_weather_post_covid/weather_era5_dk_uniform_0p5deg.csv,37924,30339,7585,2025-06-18 12:00:00+00:00,2026-04-30 21:00:00+00:00,regression,GradientBoosting,r2,-0.0319211060451638,0.6969198494638742,0.728840955509038,9.794439708988648,0.5,uniform,annual,"2022,2023,2024,2025,2026",data/capacity_weights_post_by_year,20260723T013213Z-85f136d9,8,28.687436291257697,14.504315918409668,14.183120372848029,post,Post-COVID (2022-Apr 2026),results/post_covid_spatial_resolution/model_results.csv
es,data/country_weather_post_covid/weather_era5_es_uniform_0p5deg.csv,37941,30352,7589,2025-06-18 16:00:00+00:00,2026-04-30 21:00:00+00:00,regression,GradientBoosting,r2,0.5733582053070105,0.7537108312477728,0.1803526259407623,10.15566441701958,0.5,uniform,annual,"2022,2023,2024,2025,2026",data/capacity_weights_post_by_year,20260723T013213Z-85f136d9,8,11.38998790114525,8.11952848138156,3.270459419763691,post,Post-COVID (2022-Apr 2026),results/post_covid_spatial_resolution/model_results.csv
fr,data/country_weather_post_covid/weather_era5_fr_uniform_0p5deg.csv,37882,30305,7577,2025-06-18 00:00:00+00:00,2026-04-30 21:00:00+00:00,regression,GradientBoosting,r2,0.2051608737089854,0.5653444905481202,0.3601836168391348,8.238265332998708,0.5,uniform,annual,"2022,2023,2024,2025,2026",data/capacity_weights_post_by_year,20260723T013213Z-85f136d9,8,6.669137291176178,4.870196632282732,1.7989406588934465,post,Post-COVID (2022-Apr 2026),results/post_covid_spatial_resolution/model_results.csv
gr,data/country_weather_post_covid/weather_era5_gr_uniform_0p5deg.csv,37933,30346,7587,2025-06-18 17:00:00+00:00,2026-04-30 20:00:00+00:00,regression,GradientBoosting,r2,0.2681877379901742,0.5392103760675495,0.2710226380773752,9.683299833966885,0.5,uniform,annual,"2022,2023,2024,2025,2026",data/capacity_weights_post_by_year,20260723T013213Z-85f136d9,8,17.875284454879893,13.755052607741977,4.120231847137918,post,Post-COVID (2022-Apr 2026),results/post_covid_spatial_resolution/model_results.csv
hr,data/country_weather_post_covid/weather_era5_hr_uniform_0p5deg.csv,37941,30352,7589,2025-06-18 17:00:00+00:00,2026-04-30 21:00:00+00:00,regression,GradientBoosting,r2,0.0238024617526498,0.3498936316421267,0.3260911698894768,10.277741542027798,0.5,uniform,annual,"2022,2023,2024,2025,2026",data/capacity_weights_post_by_year,20260723T013213Z-85f136d9,8,14.706392686602184,11.488353794757352,3.2180388918448326,post,Post-COVID (2022-Apr 2026),results/post_covid_spatial_resolution/model_results.csv
ie,data/country_weather_post_covid/weather_era5_ie_uniform_0p5deg.csv,36085,28868,7217,2025-05-18 22:00:00+00:00,2026-04-30 22:00:00+00:00,regression,GradientBoosting,r2,0.0473014961426631,0.8753331566602638,0.8280316605176007,8.008194208960049,0.5,uniform,annual,"2022,2023,2024,2025,2026",data/capacity_weights_post_by_year,20260723T013213Z-85f136d9,8,19.065121330646637,5.985762554566173,13.079358776080465,post,Post-COVID (2022-Apr 2026),results/post_covid_spatial_resolution/model_results.csv
lt,data/country_weather_post_covid/weather_era5_lt_uniform_0p5deg.csv,37939,30351,7588,2025-06-18 16:00:00+00:00,2026-04-30 20:00:00+00:00,regression,GradientBoosting,r2,-0.1460955580557066,0.2726618220808396,0.4187573801365463,9.679454625002109,0.5,uniform,annual,"2022,2023,2024,2025,2026",data/capacity_weights_post_by_year,20260723T013213Z-85f136d9,8,31.61068198632221,23.721369678618196,7.88931230770401,post,Post-COVID (2022-Apr 2026),results/post_covid_spatial_resolution/model_results.csv
lv,data/country_weather_post_covid/weather_era5_lv_uniform_0p5deg.csv,37941,30352,7589,2025-06-18 16:00:00+00:00,2026-04-30 20:00:00+00:00,regression,GradientBoosting,r2,0.1064500428780012,0.1030328739903994,-0.0034171688876017,9.81535533297574,0.5,uniform,annual,"2022,2023,2024,2025,2026",data/capacity_weights_post_by_year,20260723T013213Z-85f136d9,8,28.93154042520603,28.131984456002147,0.7995559692038867,post,Post-COVID (2022-Apr 2026),results/post_covid_spatial_resolution/model_results.csv
nl,data/country_weather_post_covid/weather_era5_nl_uniform_0p5deg.csv,37942,30353,7589,2025-06-18 17:00:00+00:00,2026-04-30 21:00:00+00:00,regression,GradientBoosting,r2,0.009739908680317,0.8208760705751034,0.8111361618947863,6.90304504201049,0.5,uniform,annual,"2022,2023,2024,2025,2026",data/capacity_weights_post_by_year,20260723T013213Z-85f136d9,8,12.245521516628212,4.838077185002957,7.407444331625255,post,Post-COVID (2022-Apr 2026),results/post_covid_spatial_resolution/model_results.csv
pt,data/country_weather_post_covid/weather_era5_pt_uniform_0p5deg.csv,37943,30354,7589,2025-06-18 18:00:00+00:00,2026-04-30 22:00:00+00:00,regression,GradientBoosting,r2,0.1880983856235334,0.4712436592529969,0.2831452736294635,9.963636124972254,0.5,uniform,annual,"2022,2023,2024,2025,2026",data/capacity_weights_post_by_year,20260723T013213Z-85f136d9,8,14.090024134966306,11.354963355722932,2.7350607792433745,post,Post-COVID (2022-Apr 2026),results/post_covid_spatial_resolution/model_results.csv
ro,data/country_weather_post_covid/weather_era5_ro_uniform_0p5deg.csv,37941,30352,7589,2025-06-18 16:00:00+00:00,2026-04-30 20:00:00+00:00,regression,GradientBoosting,r2,0.2328451739185391,0.393342341148911,0.1604971672303718,15.61149816698162,0.5,uniform,annual,"2022,2023,2024,2025,2026",data/capacity_weights_post_by_year,20260723T013213Z-85f136d9,8,9.210031867941495,7.899544853274116,1.3104870146673813,post,Post-COVID (2022-Apr 2026),results/post_covid_spatial_resolution/model_results.csv
rs,data/country_weather_post_covid/weather_era5_rs_uniform_0p5deg.csv,37939,30351,7588,2025-06-18 15:00:00+00:00,2026-04-30 21:00:00+00:00,regression,GradientBoosting,r2,0.3209119493479312,0.3332484022301488,0.0123364528822176,8.750644083018415,0.5,uniform,annual,"2022,2023,2024,2025,2026",data/capacity_weights_post_by_year,20260723T013213Z-85f136d9,8,7.804611765147217,7.72144801975427,0.0831637453929472,post,Post-COVID (2022-Apr 2026),results/post_covid_spatial_resolution/model_results.csv
si,data/country_weather_post_covid/weather_era5_si_uniform_0p5deg.csv,37852,30281,7571,2025-06-19 04:00:00+00:00,2026-04-30 21:00:00+00:00,regression,GradientBoosting,r2,0.2739339828273509,0.1914546688278663,-0.0824793139994846,10.310922125005163,0.5,uniform,annual,"2022,2023,2024,2025,2026",data/capacity_weights_post_by_year,20260723T013213Z-85f136d9,8,11.025162261052875,11.181257292238037,-0.1560950311851598,post,Post-COVID (2022-Apr 2026),results/post_covid_spatial_resolution/model_results.csv
sk,data/country_weather_post_covid/weather_era5_sk_uniform_0p5deg.csv,37886,30308,7578,2025-06-18 22:00:00+00:00,2026-04-30 21:00:00+00:00,regression,GradientBoosting,r2,-0.0870479002084054,-0.1181875435609196,-0.0311396433525141,5.393337125016842,0.5,uniform,annual,"2022,2023,2024,2025,2026",data/capacity_weights_post_by_year,20260723T013213Z-85f136d9,8,4.793595951055899,4.792182164762065,0.0014137862938339,post,Post-COVID (2022-Apr 2026),results/post_covid_spatial_resolution/model_results.csv
at,data/country_weather_post_covid/weather_era5_at_uniform_1p0deg.csv,37942,30353,7589,2025-06-18 17:00:00+00:00,2026-04-30 21:00:00+00:00,regression,GradientBoosting,r2,0.4665720531882078,0.6488867119650176,0.1823146587768097,10.613650499959476,1.0,uniform,annual,"2022,2023,2024,2025,2026",data/capacity_weights_post_by_year,20260723T013213Z-85f136d9,8,17.443175542527076,14.013146410371553,3.430029132155523,post,Post-COVID (2022-Apr 2026),results/post_covid_spatial_resolution/model_results.csv
be,data/country_weather_post_covid/weather_era5_be_uniform_1p0deg.csv,37942,30353,7589,2025-06-18 17:00:00+00:00,2026-04-30 21:00:00+00:00,regression,GradientBoosting,r2,0.3803729920052342,0.7959463582613391,0.4155733662561048,9.015765541989822,1.0,uniform,annual,"2022,2023,2024,2025,2026",data/capacity_weights_post_by_year,20260723T013213Z-85f136d9,8,13.047221506678447,6.832032876535544,6.215188630142904,post,Post-COVID (2022-Apr 2026),results/post_covid_spatial_resolution/model_results.csv
bg,data/country_weather_post_covid/weather_era5_bg_uniform_1p0deg.csv,37940,30352,7588,2025-06-18 17:00:00+00:00,2026-04-30 20:00:00+00:00,regression,GradientBoosting,r2,0.4995894519342803,0.535076919366811,0.0354874674325307,8.565808165993076,1.0,uniform,annual,"2022,2023,2024,2025,2026",data/capacity_weights_post_by_year,20260723T013213Z-85f136d9,8,10.043358915306442,9.720009562787318,0.3233493525191235,post,Post-COVID (2022-Apr 2026),results/post_covid_spatial_resolution/model_results.csv
cz,data/country_weather_post_covid/weather_era5_cz_uniform_1p0deg.csv,37942,30353,7589,2025-06-18 17:00:00+00:00,2026-04-30 21:00:00+00:00,regression,GradientBoosting,r2,0.6468168976406032,0.800002016470343,0.1531851188297397,7.9058299999451265,1.0,uniform,annual,"2022,2023,2024,2025,2026",data/capacity_weights_post_by_year,20260723T013213Z-85f136d9,8,3.7314817388568096,2.911970272090433,0.819511466766377,post,Post-COVID (2022-Apr 2026),results/post_covid_spatial_resolution/model_results.csv
de,data/country_weather_post_covid/weather_era5_de_uniform_1p0deg.csv,37942,30353,7589,2025-06-18 17:00:00+00:00,2026-04-30 21:00:00+00:00,regression,GradientBoosting,r2,0.3042126871263955,0.8037433529725342,0.4995306658461387,9.525606957962736,1.0,uniform,annual,"2022,2023,2024,2025,2026",data/capacity_weights_post_by_year,20260723T013213Z-85f136d9,8,16.77297034342088,8.14771959305168,8.6252507503692,post,Post-COVID (2022-Apr 2026),results/post_covid_spatial_resolution/model_results.csv
dk,data/country_weather_post_covid/weather_era5_dk_uniform_1p0deg.csv,37924,30339,7585,2025-06-18 12:00:00+00:00,2026-04-30 21:00:00+00:00,regression,GradientBoosting,r2,-0.0319211060451638,0.6851234706005429,0.7170445766457068,9.878056082990952,1.0,uniform,annual,"2022,2023,2024,2025,2026",data/capacity_weights_post_by_year,20260723T013213Z-85f136d9,8,28.687436291257697,14.813427921817755,13.87400836943994,post,Post-COVID (2022-Apr 2026),results/post_covid_spatial_resolution/model_results.csv
es,data/country_weather_post_covid/weather_era5_es_uniform_1p0deg.csv,37941,30352,7589,2025-06-18 16:00:00+00:00,2026-04-30 21:00:00+00:00,regression,GradientBoosting,r2,0.5733582053070105,0.7517717608792702,0.1784135555722596,10.157369832973927,1.0,uniform,annual,"2022,2023,2024,2025,2026",data/capacity_weights_post_by_year,20260723T013213Z-85f136d9,8,11.38998790114525,8.164474752724944,3.2255131484203066,post,Post-COVID (2022-Apr 2026),results/post_covid_spatial_resolution/model_results.csv
fr,data/country_weather_post_covid/weather_era5_fr_uniform_1p0deg.csv,37882,30305,7577,2025-06-18 00:00:00+00:00,2026-04-30 21:00:00+00:00,regression,GradientBoosting,r2,0.2051608737089854,0.5650614633166301,0.3599005896076447,8.27422750002006,1.0,uniform,annual,"2022,2023,2024,2025,2026",data/capacity_weights_post_by_year,20260723T013213Z-85f136d9,8,6.669137291176178,4.871161391017421,1.7979759001587574,post,Post-COVID (2022-Apr 2026),results/post_covid_spatial_resolution/model_results.csv
gr,data/country_weather_post_covid/weather_era5_gr_uniform_1p0deg.csv,37933,30346,7587,2025-06-18 17:00:00+00:00,2026-04-30 20:00:00+00:00,regression,GradientBoosting,r2,0.2681877379901742,0.53596489649321,0.2677771585030357,9.716491874947678,1.0,uniform,annual,"2022,2023,2024,2025,2026",data/capacity_weights_post_by_year,20260723T013213Z-85f136d9,8,17.875284454879893,13.803280074842675,4.072004380037216,post,Post-COVID (2022-Apr 2026),results/post_covid_spatial_resolution/model_results.csv
hr,data/country_weather_post_covid/weather_era5_hr_uniform_1p0deg.csv,37941,30352,7589,2025-06-18 17:00:00+00:00,2026-04-30 21:00:00+00:00,regression,GradientBoosting,r2,0.0238024617526498,0.3477081244547683,0.3239056627021184,10.457785125006922,1.0,uniform,annual,"2022,2023,2024,2025,2026",data/capacity_weights_post_by_year,20260723T013213Z-85f136d9,8,14.706392686602184,11.494319729334205,3.212072957267982,post,Post-COVID (2022-Apr 2026),results/post_covid_spatial_resolution/model_results.csv
ie,data/country_weather_post_covid/weather_era5_ie_uniform_1p0deg.csv,36085,28868,7217,2025-05-18 22:00:00+00:00,2026-04-30 22:00:00+00:00,regression,GradientBoosting,r2,0.0473014961426631,0.8447290870999088,0.7974275909572457,8.181214375013951,1.0,uniform,annual,"2022,2023,2024,2025,2026",data/capacity_weights_post_by_year,20260723T013213Z-85f136d9,8,19.065121330646637,6.721752869171997,12.34336846147464,post,Post-COVID (2022-Apr 2026),results/post_covid_spatial_resolution/model_results.csv
lt,data/country_weather_post_covid/weather_era5_lt_uniform_1p0deg.csv,37939,30351,7588,2025-06-18 16:00:00+00:00,2026-04-30 20:00:00+00:00,regression,GradientBoosting,r2,-0.1460955580557066,0.2592391850936312,0.4053347431493378,9.79045154195046,1.0,uniform,annual,"2022,2023,2024,2025,2026",data/capacity_weights_post_by_year,20260723T013213Z-85f136d9,8,31.61068198632221,23.882732606308373,7.727949380013833,post,Post-COVID (2022-Apr 2026),results/post_covid_spatial_resolution/model_results.csv
lv,data/country_weather_post_covid/weather_era5_lv_uniform_1p0deg.csv,37941,30352,7589,2025-06-18 16:00:00+00:00,2026-04-30 20:00:00+00:00,regression,GradientBoosting,r2,0.1064500428780012,0.0945186614452656,-0.0119313814327355,10.39709037495777,1.0,uniform,annual,"2022,2023,2024,2025,2026",data/capacity_weights_post_by_year,20260723T013213Z-85f136d9,8,28.93154042520603,28.24361176877204,0.6879286564339964,post,Post-COVID (2022-Apr 2026),results/post_covid_spatial_resolution/model_results.csv
nl,data/country_weather_post_covid/weather_era5_nl_uniform_1p0deg.csv,37942,30353,7589,2025-06-18 17:00:00+00:00,2026-04-30 21:00:00+00:00,regression,GradientBoosting,r2,0.009739908680317,0.8196596846727995,0.8099197759924824,6.906418416998349,1.0,uniform,annual,"2022,2023,2024,2025,2026",data/capacity_weights_post_by_year,20260723T013213Z-85f136d9,8,12.245521516628212,4.840163951186531,7.4053575654416814,post,Post-COVID (2022-Apr 2026),results/post_covid_spatial_resolution/model_results.csv
pt,data/country_weather_post_covid/weather_era5_pt_uniform_1p0deg.csv,37943,30354,7589,2025-06-18 18:00:00+00:00,2026-04-30 22:00:00+00:00,regression,GradientBoosting,r2,0.1880983856235334,0.4641410570111044,0.276042671387571,10.108692375011742,1.0,uniform,annual,"2022,2023,2024,2025,2026",data/capacity_weights_post_by_year,20260723T013213Z-85f136d9,8,14.090024134966306,11.402388665650683,2.687635469315623,post,Post-COVID (2022-Apr 2026),results/post_covid_spatial_resolution/model_results.csv
ro,data/country_weather_post_covid/weather_era5_ro_uniform_1p0deg.csv,37941,30352,7589,2025-06-18 16:00:00+00:00,2026-04-30 20:00:00+00:00,regression,GradientBoosting,r2,0.2328451739185391,0.3884520745826099,0.1556069006640708,15.507142875052525,1.0,uniform,annual,"2022,2023,2024,2025,2026",data/capacity_weights_post_by_year,20260723T013213Z-85f136d9,8,9.210031867941495,7.927979197102751,1.2820526708387463,post,Post-COVID (2022-Apr 2026),results/post_covid_spatial_resolution/model_results.csv
rs,data/country_weather_post_covid/weather_era5_rs_uniform_1p0deg.csv,37939,30351,7588,2025-06-18 15:00:00+00:00,2026-04-30 21:00:00+00:00,regression,GradientBoosting,r2,0.3209119493479312,0.3418773092405522,0.020965359892621,8.884422041010112,1.0,uniform,annual,"2022,2023,2024,2025,2026",data/capacity_weights_post_by_year,20260723T013213Z-85f136d9,8,7.804611765147217,7.669456355075967,0.1351554100712499,post,Post-COVID (2022-Apr 2026),results/post_covid_spatial_resolution/model_results.csv
si,data/country_weather_post_covid/weather_era5_si_uniform_1p0deg.csv,37852,30281,7571,2025-06-19 04:00:00+00:00,2026-04-30 21:00:00+00:00,regression,GradientBoosting,r2,0.2739339828273509,0.1908517683151633,-0.0830822145121875,10.386719583999366,1.0,uniform,annual,"2022,2023,2024,2025,2026",data/capacity_weights_post_by_year,20260723T013213Z-85f136d9,8,11.025162261052875,11.226667358966033,-0.2015050979131558,post,Post-COVID (2022-Apr 2026),results/post_covid_spatial_resolution/model_results.csv
sk,data/country_weather_post_covid/weather_era5_sk_uniform_1p0deg.csv,37886,30308,7578,2025-06-18 22:00:00+00:00,2026-04-30 21:00:00+00:00,regression,GradientBoosting,r2,-0.0870479002084054,-0.1153567561461577,-0.0283088559377522,5.8502129999687895,1.0,uniform,annual,"2022,2023,2024,2025,2026",data/capacity_weights_post_by_year,20260723T013213Z-85f136d9,8,4.793595951055899,4.815281015022295,-0.0216850639663963,post,Post-COVID (2022-Apr 2026),results/post_covid_spatial_resolution/model_results.csv
at,data/country_weather_post_covid/weather_era5_at_uniform_2p0deg.csv,37942,30353,7589,2025-06-18 17:00:00+00:00,2026-04-30 21:00:00+00:00,regression,GradientBoosting,r2,0.4665720531882078,0.6689788128600946,0.2024067596718868,10.268379666027611,2.0,uniform,annual,"2022,2023,2024,2025,2026",data/capacity_weights_post_by_year,20260723T013213Z-85f136d9,8,17.443175542527076,13.577781090567411,3.865394451959663,post,Post-COVID (2022-Apr 2026),results/post_covid_spatial_resolution/model_results.csv
be,data/country_weather_post_covid/weather_era5_be_uniform_2p0deg.csv,37942,30353,7589,2025-06-18 17:00:00+00:00,2026-04-30 21:00:00+00:00,regression,GradientBoosting,r2,0.3803729920052342,0.7979797460599821,0.4176067540547479,8.735960666032042,2.0,uniform,annual,"2022,2023,2024,2025,2026",data/capacity_weights_post_by_year,20260723T013213Z-85f136d9,8,13.047221506678447,6.725792910944794,6.321428595733654,post,Post-COVID (2022-Apr 2026),results/post_covid_spatial_resolution/model_results.csv
bg,data/country_weather_post_covid/weather_era5_bg_uniform_2p0deg.csv,37940,30352,7588,2025-06-18 17:00:00+00:00,2026-04-30 20:00:00+00:00,regression,GradientBoosting,r2,0.4995894519342803,0.5293237038158812,0.0297342518816009,8.72730974998558,2.0,uniform,annual,"2022,2023,2024,2025,2026",data/capacity_weights_post_by_year,20260723T013213Z-85f136d9,8,10.043358915306442,9.733502619296685,0.309856296009757,post,Post-COVID (2022-Apr 2026),results/post_covid_spatial_resolution/model_results.csv
cz,data/country_weather_post_covid/weather_era5_cz_uniform_2p0deg.csv,37942,30353,7589,2025-06-18 17:00:00+00:00,2026-04-30 21:00:00+00:00,regression,GradientBoosting,r2,0.6468168976406032,0.8007420516934434,0.1539251540528401,7.095527458994184,2.0,uniform,annual,"2022,2023,2024,2025,2026",data/capacity_weights_post_by_year,20260723T013213Z-85f136d9,8,3.7314817388568096,2.898726590256913,0.8327551485998965,post,Post-COVID (2022-Apr 2026),results/post_covid_spatial_resolution/model_results.csv
de,data/country_weather_post_covid/weather_era5_de_uniform_2p0deg.csv,37942,30353,7589,2025-06-18 17:00:00+00:00,2026-04-30 21:00:00+00:00,regression,GradientBoosting,r2,0.3042126871263955,0.777042911034072,0.4728302239076765,9.661081707978155,2.0,uniform,annual,"2022,2023,2024,2025,2026",data/capacity_weights_post_by_year,20260723T013213Z-85f136d9,8,16.77297034342088,8.759135224633166,8.013835118787714,post,Post-COVID (2022-Apr 2026),results/post_covid_spatial_resolution/model_results.csv
dk,data/country_weather_post_covid/weather_era5_dk_uniform_2p0deg.csv,37924,30339,7585,2025-06-18 12:00:00+00:00,2026-04-30 21:00:00+00:00,regression,GradientBoosting,r2,-0.0319211060451638,0.6562994184376997,0.6882205244828635,10.054385958996136,2.0,uniform,annual,"2022,2023,2024,2025,2026",data/capacity_weights_post_by_year,20260723T013213Z-85f136d9,8,28.687436291257697,15.541080459660904,13.146355831596791,post,Post-COVID (2022-Apr 2026),results/post_covid_spatial_resolution/model_results.csv
es,data/country_weather_post_covid/weather_era5_es_uniform_2p0deg.csv,37941,30352,7589,2025-06-18 16:00:00+00:00,2026-04-30 21:00:00+00:00,regression,GradientBoosting,r2,0.5733582053070105,0.7560674935407627,0.1827092882337522,10.124353124992922,2.0,uniform,annual,"2022,2023,2024,2025,2026",data/capacity_weights_post_by_year,20260723T013213Z-85f136d9,8,11.38998790114525,8.100943877583317,3.289044023561934,post,Post-COVID (2022-Apr 2026),results/post_covid_spatial_resolution/model_results.csv
fr,data/country_weather_post_covid/weather_era5_fr_uniform_2p0deg.csv,37882,30305,7577,2025-06-18 00:00:00+00:00,2026-04-30 21:00:00+00:00,regression,GradientBoosting,r2,0.2051608737089854,0.5709445061812057,0.3657836324722203,7.414278500014916,2.0,uniform,annual,"2022,2023,2024,2025,2026",data/capacity_weights_post_by_year,20260723T013213Z-85f136d9,8,6.669137291176178,4.8345444542895315,1.8345928368866469,post,Post-COVID (2022-Apr 2026),results/post_covid_spatial_resolution/model_results.csv
gr,data/country_weather_post_covid/weather_era5_gr_uniform_2p0deg.csv,37933,30346,7587,2025-06-18 17:00:00+00:00,2026-04-30 20:00:00+00:00,regression,GradientBoosting,r2,0.2681877379901742,0.5373864438258327,0.2691987058356584,9.642009958042763,2.0,uniform,annual,"2022,2023,2024,2025,2026",data/capacity_weights_post_by_year,20260723T013213Z-85f136d9,8,17.875284454879893,13.801559632060185,4.073724822819708,post,Post-COVID (2022-Apr 2026),results/post_covid_spatial_resolution/model_results.csv
hr,data/country_weather_post_covid/weather_era5_hr_uniform_2p0deg.csv,37941,30352,7589,2025-06-18 17:00:00+00:00,2026-04-30 21:00:00+00:00,regression,GradientBoosting,r2,0.0238024617526498,0.3049001765387649,0.281097714786115,10.329086165991612,2.0,uniform,annual,"2022,2023,2024,2025,2026",data/capacity_weights_post_by_year,20260723T013213Z-85f136d9,8,14.706392686602184,11.820826298685503,2.885566387916681,post,Post-COVID (2022-Apr 2026),results/post_covid_spatial_resolution/model_results.csv
ie,data/country_weather_post_covid/weather_era5_ie_uniform_2p0deg.csv,36085,28868,7217,2025-05-18 22:00:00+00:00,2026-04-30 22:00:00+00:00,regression,GradientBoosting,r2,0.0473014961426631,0.8082459223298678,0.7609444261872047,8.305290791962761,2.0,uniform,annual,"2022,2023,2024,2025,2026",data/capacity_weights_post_by_year,20260723T013213Z-85f136d9,8,19.065121330646637,7.552329004046413,11.512792326600223,post,Post-COVID (2022-Apr 2026),results/post_covid_spatial_resolution/model_results.csv
lt,data/country_weather_post_covid/weather_era5_lt_uniform_2p0deg.csv,37939,30351,7588,2025-06-18 16:00:00+00:00,2026-04-30 20:00:00+00:00,regression,GradientBoosting,r2,-0.1460955580557066,0.2516663427545088,0.3977619008102154,9.69612270896323,2.0,uniform,annual,"2022,2023,2024,2025,2026",data/capacity_weights_post_by_year,20260723T013213Z-85f136d9,8,31.61068198632221,24.201065363878552,7.409616622443654,post,Post-COVID (2022-Apr 2026),results/post_covid_spatial_resolution/model_results.csv
lv,data/country_weather_post_covid/weather_era5_lv_uniform_2p0deg.csv,37941,30352,7589,2025-06-18 16:00:00+00:00,2026-04-30 20:00:00+00:00,regression,GradientBoosting,r2,0.1064500428780012,0.1176596676335194,0.0112096247555182,9.912395208026282,2.0,uniform,annual,"2022,2023,2024,2025,2026",data/capacity_weights_post_by_year,20260723T013213Z-85f136d9,8,28.93154042520603,28.028569815694436,0.9029706095115984,post,Post-COVID (2022-Apr 2026),results/post_covid_spatial_resolution/model_results.csv
nl,data/country_weather_post_covid/weather_era5_nl_uniform_2p0deg.csv,37942,30353,7589,2025-06-18 17:00:00+00:00,2026-04-30 21:00:00+00:00,regression,GradientBoosting,r2,0.009739908680317,0.8076725736392474,0.7979326649589303,6.7819474170100875,2.0,uniform,annual,"2022,2023,2024,2025,2026",data/capacity_weights_post_by_year,20260723T013213Z-85f136d9,8,12.245521516628212,4.999363194643453,7.246158321984759,post,Post-COVID (2022-Apr 2026),results/post_covid_spatial_resolution/model_results.csv
pt,data/country_weather_post_covid/weather_era5_pt_uniform_2p0deg.csv,37943,30354,7589,2025-06-18 18:00:00+00:00,2026-04-30 22:00:00+00:00,regression,GradientBoosting,r2,0.1880983856235334,0.4673877957777641,0.2792894101542307,9.842608416976873,2.0,uniform,annual,"2022,2023,2024,2025,2026",data/capacity_weights_post_by_year,20260723T013213Z-85f136d9,8,14.090024134966306,11.403840638733344,2.686183496232962,post,Post-COVID (2022-Apr 2026),results/post_covid_spatial_resolution/model_results.csv
ro,data/country_weather_post_covid/weather_era5_ro_uniform_2p0deg.csv,37941,30352,7589,2025-06-18 16:00:00+00:00,2026-04-30 20:00:00+00:00,regression,GradientBoosting,r2,0.2328451739185391,0.4142426850860631,0.181397511167524,15.512462749960832,2.0,uniform,annual,"2022,2023,2024,2025,2026",data/capacity_weights_post_by_year,20260723T013213Z-85f136d9,8,9.210031867941495,7.767810713335261,1.4422211546062362,post,Post-COVID (2022-Apr 2026),results/post_covid_spatial_resolution/model_results.csv
rs,data/country_weather_post_covid/weather_era5_rs_uniform_2p0deg.csv,37939,30351,7588,2025-06-18 15:00:00+00:00,2026-04-30 21:00:00+00:00,regression,GradientBoosting,r2,0.3209119493479312,0.3262286894957096,0.0053167401477783,8.955474624992348,2.0,uniform,annual,"2022,2023,2024,2025,2026",data/capacity_weights_post_by_year,20260723T013213Z-85f136d9,8,7.804611765147217,7.782051997737312,0.0225597674099056,post,Post-COVID (2022-Apr 2026),results/post_covid_spatial_resolution/model_results.csv
si,data/country_weather_post_covid/weather_era5_si_uniform_2p0deg.csv,37852,30281,7571,2025-06-19 04:00:00+00:00,2026-04-30 21:00:00+00:00,regression,GradientBoosting,r2,0.2739339828273509,0.1901616189718601,-0.0837723638554908,9.991950333002023,2.0,uniform,annual,"2022,2023,2024,2025,2026",data/capacity_weights_post_by_year,20260723T013213Z-85f136d9,8,11.025162261052875,11.224330840231206,-0.1991685791783286,post,Post-COVID (2022-Apr 2026),results/post_covid_spatial_resolution/model_results.csv
sk,data/country_weather_post_covid/weather_era5_sk_uniform_2p0deg.csv,37886,30308,7578,2025-06-18 22:00:00+00:00,2026-04-30 21:00:00+00:00,regression,GradientBoosting,r2,-0.0870479002084054,-0.1225954169679139,-0.0355475167595085,5.735325290996116,2.0,uniform,annual,"2022,2023,2024,2025,2026",data/capacity_weights_post_by_year,20260723T013213Z-85f136d9,8,4.793595951055899,4.791554404276778,0.0020415467791208,post,Post-COVID (2022-Apr 2026),results/post_covid_spatial_resolution/model_results.csv
at,data/country_weather_post_covid/weather_era5_at_uniform_0p25deg.csv,37942,30353,7589,2025-06-18 17:00:00+00:00,2026-04-30 21:00:00+00:00,regression,LightGBM,r2,0.4701864272965924,0.6386306876313053,0.1684442603347128,10.305197167035658,0.25,uniform,annual,"2022,2023,2024,2025,2026",data/capacity_weights_post_by_year,20260723T013213Z-85f136d9,8,17.35825615099765,14.241734065843447,3.1165220851542017,post,Post-COVID (2022-Apr 2026),results/post_covid_spatial_resolution/model_results.csv
be,data/country_weather_post_covid/weather_era5_be_uniform_0p25deg.csv,37942,30353,7589,2025-06-18 17:00:00+00:00,2026-04-30 21:00:00+00:00,regression,LightGBM,r2,0.3811965029537688,0.7956072524183492,0.4144107494645803,9.013950875028968,0.25,uniform,annual,"2022,2023,2024,2025,2026",data/capacity_weights_post_by_year,20260723T013213Z-85f136d9,8,13.04050559914558,6.843179610309324,6.197325988836257,post,Post-COVID (2022-Apr 2026),results/post_covid_spatial_resolution/model_results.csv
bg,data/country_weather_post_covid/weather_era5_bg_uniform_0p25deg.csv,37940,30352,7588,2025-06-18 17:00:00+00:00,2026-04-30 20:00:00+00:00,regression,LightGBM,r2,0.4997943292328032,0.5326074897281222,0.032813160495319,8.18653229199117,0.25,uniform,annual,"2022,2023,2024,2025,2026",data/capacity_weights_post_by_year,20260723T013213Z-85f136d9,8,10.03785917368944,9.72213693834665,0.3157222353427915,post,Post-COVID (2022-Apr 2026),results/post_covid_spatial_resolution/model_results.csv
cz,data/country_weather_post_covid/weather_era5_cz_uniform_0p25deg.csv,37942,30353,7589,2025-06-18 17:00:00+00:00,2026-04-30 21:00:00+00:00,regression,LightGBM,r2,0.6485725568380516,0.8089158294692471,0.1603432726311955,7.813319875043817,0.25,uniform,annual,"2022,2023,2024,2025,2026",data/capacity_weights_post_by_year,20260723T013213Z-85f136d9,8,3.731808330132867,2.870943368307031,0.8608649618258357,post,Post-COVID (2022-Apr 2026),results/post_covid_spatial_resolution/model_results.csv
de,data/country_weather_post_covid/weather_era5_de_uniform_0p25deg.csv,37942,30353,7589,2025-06-18 17:00:00+00:00,2026-04-30 21:00:00+00:00,regression,LightGBM,r2,0.3062419079885355,0.8079398104600541,0.5016979024715186,8.906459583959077,0.25,uniform,annual,"2022,2023,2024,2025,2026",data/capacity_weights_post_by_year,20260723T013213Z-85f136d9,8,16.736379175487038,8.099865584022778,8.63651359146426,post,Post-COVID (2022-Apr 2026),results/post_covid_spatial_resolution/model_results.csv
dk,data/country_weather_post_covid/weather_era5_dk_uniform_0p25deg.csv,37924,30339,7585,2025-06-18 12:00:00+00:00,2026-04-30 21:00:00+00:00,regression,LightGBM,r2,-0.0396431663421719,0.6976046229423217,0.7372477892844936,9.052656874991952,0.25,uniform,annual,"2022,2023,2024,2025,2026",data/capacity_weights_post_by_year,20260723T013213Z-85f136d9,8,28.769496025793167,14.421558559314954,14.347937466478212,post,Post-COVID (2022-Apr 2026),results/post_covid_spatial_resolution/model_results.csv
es,data/country_weather_post_covid/weather_era5_es_uniform_0p25deg.csv,37941,30352,7589,2025-06-18 16:00:00+00:00,2026-04-30 21:00:00+00:00,regression,LightGBM,r2,0.5732549371660114,0.7466002573873864,0.173345320221375,9.572273165977094,0.25,uniform,annual,"2022,2023,2024,2025,2026",data/capacity_weights_post_by_year,20260723T013213Z-85f136d9,8,11.377307660036257,8.22095661858517,3.156351041451087,post,Post-COVID (2022-Apr 2026),results/post_covid_spatial_resolution/model_results.csv
fr,data/country_weather_post_covid/weather_era5_fr_uniform_0p25deg.csv,37882,30305,7577,2025-06-18 00:00:00+00:00,2026-04-30 21:00:00+00:00,regression,LightGBM,r2,0.2053276329345269,0.5551149779299362,0.3497873449954093,7.459418666025158,0.25,uniform,annual,"2022,2023,2024,2025,2026",data/capacity_weights_post_by_year,20260723T013213Z-85f136d9,8,6.666062156668551,4.93217074220068,1.7338914144678714,post,Post-COVID (2022-Apr 2026),results/post_covid_spatial_resolution/model_results.csv
gr,data/country_weather_post_covid/weather_era5_gr_uniform_0p25deg.csv,37933,30346,7587,2025-06-18 17:00:00+00:00,2026-04-30 20:00:00+00:00,regression,LightGBM,r2,0.2668967792070937,0.5358921524341964,0.2689953732271026,9.503741166961843,0.25,uniform,annual,"2022,2023,2024,2025,2026",data/capacity_weights_post_by_year,20260723T013213Z-85f136d9,8,17.887216314420865,13.7977993794883,4.089416934932565,post,Post-COVID (2022-Apr 2026),results/post_covid_spatial_resolution/model_results.csv
hr,data/country_weather_post_covid/weather_era5_hr_uniform_0p25deg.csv,37941,30352,7589,2025-06-18 17:00:00+00:00,2026-04-30 21:00:00+00:00,regression,LightGBM,r2,0.0165099138853365,0.3368846442134763,0.3203747303281398,10.103316832974087,0.25,uniform,annual,"2022,2023,2024,2025,2026",data/capacity_weights_post_by_year,20260723T013213Z-85f136d9,8,14.718715959907202,11.579896837948684,3.1388191219585195,post,Post-COVID (2022-Apr 2026),results/post_covid_spatial_resolution/model_results.csv
ie,data/country_weather_post_covid/weather_era5_ie_uniform_0p25deg.csv,36085,28868,7217,2025-05-18 22:00:00+00:00,2026-04-30 22:00:00+00:00,regression,LightGBM,r2,0.0395415301218818,0.8782815020139773,0.8387399718920954,8.14997308299644,0.25,uniform,annual,"2022,2023,2024,2025,2026",data/capacity_weights_post_by_year,20260723T013213Z-85f136d9,8,19.12471141666266,5.908810842195454,13.215900574467206,post,Post-COVID (2022-Apr 2026),results/post_covid_spatial_resolution/model_results.csv
lt,data/country_weather_post_covid/weather_era5_lt_uniform_0p25deg.csv,37939,30351,7588,2025-06-18 16:00:00+00:00,2026-04-30 20:00:00+00:00,regression,LightGBM,r2,-0.1407038953587196,0.2821979049885467,0.4229018003472663,9.74342933302978,0.25,uniform,annual,"2022,2023,2024,2025,2026",data/capacity_weights_post_by_year,20260723T013213Z-85f136d9,8,31.560561210784737,23.50655426869296,8.054006942091775,post,Post-COVID (2022-Apr 2026),results/post_covid_spatial_resolution/model_results.csv
lv,data/country_weather_post_covid/weather_era5_lv_uniform_0p25deg.csv,37941,30352,7589,2025-06-18 16:00:00+00:00,2026-04-30 20:00:00+00:00,regression,LightGBM,r2,0.0945632178997945,0.0785598125514441,-0.0160034053483503,10.102840624982491,0.25,uniform,annual,"2022,2023,2024,2025,2026",data/capacity_weights_post_by_year,20260723T013213Z-85f136d9,8,29.10992510288042,28.26299851424398,0.8469265886364425,post,Post-COVID (2022-Apr 2026),results/post_covid_spatial_resolution/model_results.csv
nl,data/country_weather_post_covid/weather_era5_nl_uniform_0p25deg.csv,37942,30353,7589,2025-06-18 17:00:00+00:00,2026-04-30 21:00:00+00:00,regression,LightGBM,r2,0.0113241157328115,0.8268033543342345,0.8154792386014229,6.837688667001203,0.25,uniform,annual,"2022,2023,2024,2025,2026",data/capacity_weights_post_by_year,20260723T013213Z-85f136d9,8,12.237823805520224,4.753928347676137,7.483895457844088,post,Post-COVID (2022-Apr 2026),results/post_covid_spatial_resolution/model_results.csv
pt,data/country_weather_post_covid/weather_era5_pt_uniform_0p25deg.csv,37943,30354,7589,2025-06-18 18:00:00+00:00,2026-04-30 22:00:00+00:00,regression,LightGBM,r2,0.1781927962791758,0.4511465991719904,0.2729538028928145,9.913449582993051,0.25,uniform,annual,"2022,2023,2024,2025,2026",data/capacity_weights_post_by_year,20260723T013213Z-85f136d9,8,14.180399151819149,11.562788737783682,2.6176104140354663,post,Post-COVID (2022-Apr 2026),results/post_covid_spatial_resolution/model_results.csv
ro,data/country_weather_post_covid/weather_era5_ro_uniform_0p25deg.csv,37941,30352,7589,2025-06-18 16:00:00+00:00,2026-04-30 20:00:00+00:00,regression,LightGBM,r2,0.2301648696311957,0.3665266525258209,0.1363617828946252,15.240611625020392,0.25,uniform,annual,"2022,2023,2024,2025,2026",data/capacity_weights_post_by_year,20260723T013213Z-85f136d9,8,9.21728958616727,8.090282550044202,1.127007036123068,post,Post-COVID (2022-Apr 2026),results/post_covid_spatial_resolution/model_results.csv
rs,data/country_weather_post_covid/weather_era5_rs_uniform_0p25deg.csv,37939,30351,7588,2025-06-18 15:00:00+00:00,2026-04-30 21:00:00+00:00,regression,LightGBM,r2,0.3178515446322429,0.2943632298141644,-0.0234883148180785,8.789823125000112,0.25,uniform,annual,"2022,2023,2024,2025,2026",data/capacity_weights_post_by_year,20260723T013213Z-85f136d9,8,7.819130026646995,7.896982852194812,-0.0778528255478168,post,Post-COVID (2022-Apr 2026),results/post_covid_spatial_resolution/model_results.csv
si,data/country_weather_post_covid/weather_era5_si_uniform_0p25deg.csv,37852,30281,7571,2025-06-19 04:00:00+00:00,2026-04-30 21:00:00+00:00,regression,LightGBM,r2,0.2730284651616971,0.137614324463262,-0.135414140698435,10.09346620796714,0.25,uniform,annual,"2022,2023,2024,2025,2026",data/capacity_weights_post_by_year,20260723T013213Z-85f136d9,8,11.043282360430762,11.478384792655872,-0.4351024322251096,post,Post-COVID (2022-Apr 2026),results/post_covid_spatial_resolution/model_results.csv
sk,data/country_weather_post_covid/weather_era5_sk_uniform_0p25deg.csv,37886,30308,7578,2025-06-18 22:00:00+00:00,2026-04-30 21:00:00+00:00,regression,LightGBM,r2,-0.0847400436040684,-0.2169325196353986,-0.1321924760313302,5.275956750032492,0.25,uniform,annual,"2022,2023,2024,2025,2026",data/capacity_weights_post_by_year,20260723T013213Z-85f136d9,8,4.781165758789873,4.985401941932357,-0.2042361831424841,post,Post-COVID (2022-Apr 2026),results/post_covid_spatial_resolution/model_results.csv
at,data/country_weather_post_covid/weather_era5_at_uniform_0p5deg.csv,37942,30353,7589,2025-06-18 17:00:00+00:00,2026-04-30 21:00:00+00:00,regression,LightGBM,r2,0.4701864272965924,0.6409606113537152,0.1707741840571227,10.475675499998031,0.5,uniform,annual,"2022,2023,2024,2025,2026",data/capacity_weights_post_by_year,20260723T013213Z-85f136d9,8,17.35825615099765,14.24598856849119,3.11226758250646,post,Post-COVID (2022-Apr 2026),results/post_covid_spatial_resolution/model_results.csv
be,data/country_weather_post_covid/weather_era5_be_uniform_0p5deg.csv,37942,30353,7589,2025-06-18 17:00:00+00:00,2026-04-30 21:00:00+00:00,regression,LightGBM,r2,0.3811965029537688,0.8048156708391369,0.423619167885368,8.902155832969584,0.5,uniform,annual,"2022,2023,2024,2025,2026",data/capacity_weights_post_by_year,20260723T013213Z-85f136d9,8,13.04050559914558,6.651791320672507,6.388714278473074,post,Post-COVID (2022-Apr 2026),results/post_covid_spatial_resolution/model_results.csv
bg,data/country_weather_post_covid/weather_era5_bg_uniform_0p5deg.csv,37940,30352,7588,2025-06-18 17:00:00+00:00,2026-04-30 20:00:00+00:00,regression,LightGBM,r2,0.4997943292328032,0.5322938540944109,0.0324995248616076,8.165118458040524,0.5,uniform,annual,"2022,2023,2024,2025,2026",data/capacity_weights_post_by_year,20260723T013213Z-85f136d9,8,10.03785917368944,9.725528754251442,0.3123304194379983,post,Post-COVID (2022-Apr 2026),results/post_covid_spatial_resolution/model_results.csv
cz,data/country_weather_post_covid/weather_era5_cz_uniform_0p5deg.csv,37942,30353,7589,2025-06-18 17:00:00+00:00,2026-04-30 21:00:00+00:00,regression,LightGBM,r2,0.6485725568380516,0.805899219545693,0.1573266627076414,7.588327916979324,0.5,uniform,annual,"2022,2023,2024,2025,2026",data/capacity_weights_post_by_year,20260723T013213Z-85f136d9,8,3.731808330132867,2.8936700863545917,0.8381382437782752,post,Post-COVID (2022-Apr 2026),results/post_covid_spatial_resolution/model_results.csv
de,data/country_weather_post_covid/weather_era5_de_uniform_0p5deg.csv,37942,30353,7589,2025-06-18 17:00:00+00:00,2026-04-30 21:00:00+00:00,regression,LightGBM,r2,0.3062419079885355,0.8037860379055976,0.497544129917062,9.490213249984665,0.5,uniform,annual,"2022,2023,2024,2025,2026",data/capacity_weights_post_by_year,20260723T013213Z-85f136d9,8,16.736379175487038,8.199540191736553,8.536838983750485,post,Post-COVID (2022-Apr 2026),results/post_covid_spatial_resolution/model_results.csv
dk,data/country_weather_post_covid/weather_era5_dk_uniform_0p5deg.csv,37924,30339,7585,2025-06-18 12:00:00+00:00,2026-04-30 21:00:00+00:00,regression,LightGBM,r2,-0.0396431663421719,0.6922070248348232,0.7318501911769951,9.794439708988648,0.5,uniform,annual,"2022,2023,2024,2025,2026",data/capacity_weights_post_by_year,20260723T013213Z-85f136d9,8,28.769496025793167,14.57312398924101,14.196372036552155,post,Post-COVID (2022-Apr 2026),results/post_covid_spatial_resolution/model_results.csv
es,data/country_weather_post_covid/weather_era5_es_uniform_0p5deg.csv,37941,30352,7589,2025-06-18 16:00:00+00:00,2026-04-30 21:00:00+00:00,regression,LightGBM,r2,0.5732549371660114,0.7486827311307496,0.1754277939647381,10.15566441701958,0.5,uniform,annual,"2022,2023,2024,2025,2026",data/capacity_weights_post_by_year,20260723T013213Z-85f136d9,8,11.377307660036257,8.186393125358267,3.19091453467799,post,Post-COVID (2022-Apr 2026),results/post_covid_spatial_resolution/model_results.csv
fr,data/country_weather_post_covid/weather_era5_fr_uniform_0p5deg.csv,37882,30305,7577,2025-06-18 00:00:00+00:00,2026-04-30 21:00:00+00:00,regression,LightGBM,r2,0.2053276329345269,0.5624950836512889,0.3571674507167619,8.238265332998708,0.5,uniform,annual,"2022,2023,2024,2025,2026",data/capacity_weights_post_by_year,20260723T013213Z-85f136d9,8,6.666062156668551,4.886320076288769,1.7797420803797823,post,Post-COVID (2022-Apr 2026),results/post_covid_spatial_resolution/model_results.csv
gr,data/country_weather_post_covid/weather_era5_gr_uniform_0p5deg.csv,37933,30346,7587,2025-06-18 17:00:00+00:00,2026-04-30 20:00:00+00:00,regression,LightGBM,r2,0.2668967792070937,0.5358921524341964,0.2689953732271026,9.683299833966885,0.5,uniform,annual,"2022,2023,2024,2025,2026",data/capacity_weights_post_by_year,20260723T013213Z-85f136d9,8,17.887216314420865,13.7977993794883,4.089416934932565,post,Post-COVID (2022-Apr 2026),results/post_covid_spatial_resolution/model_results.csv
hr,data/country_weather_post_covid/weather_era5_hr_uniform_0p5deg.csv,37941,30352,7589,2025-06-18 17:00:00+00:00,2026-04-30 21:00:00+00:00,regression,LightGBM,r2,0.0165099138853365,0.3277724509172436,0.3112625370319071,10.277741542027798,0.5,uniform,annual,"2022,2023,2024,2025,2026",data/capacity_weights_post_by_year,20260723T013213Z-85f136d9,8,14.718715959907202,11.625854676503495,3.092861283403705,post,Post-COVID (2022-Apr 2026),results/post_covid_spatial_resolution/model_results.csv
ie,data/country_weather_post_covid/weather_era5_ie_uniform_0p5deg.csv,36085,28868,7217,2025-05-18 22:00:00+00:00,2026-04-30 22:00:00+00:00,regression,LightGBM,r2,0.0395415301218818,0.8721965132869185,0.8326549831650366,8.008194208960049,0.5,uniform,annual,"2022,2023,2024,2025,2026",data/capacity_weights_post_by_year,20260723T013213Z-85f136d9,8,19.12471141666266,6.039530218354967,13.085181198307692,post,Post-COVID (2022-Apr 2026),results/post_covid_spatial_resolution/model_results.csv
lt,data/country_weather_post_covid/weather_era5_lt_uniform_0p5deg.csv,37939,30351,7588,2025-06-18 16:00:00+00:00,2026-04-30 20:00:00+00:00,regression,LightGBM,r2,-0.1407038953587196,0.2769717037259227,0.4176755990846423,9.679454625002109,0.5,uniform,annual,"2022,2023,2024,2025,2026",data/capacity_weights_post_by_year,20260723T013213Z-85f136d9,8,31.560561210784737,23.51702886403871,8.043532346746026,post,Post-COVID (2022-Apr 2026),results/post_covid_spatial_resolution/model_results.csv
lv,data/country_weather_post_covid/weather_era5_lv_uniform_0p5deg.csv,37941,30352,7589,2025-06-18 16:00:00+00:00,2026-04-30 20:00:00+00:00,regression,LightGBM,r2,0.0945632178997945,0.1052133842005457,0.0106501663007512,9.81535533297574,0.5,uniform,annual,"2022,2023,2024,2025,2026",data/capacity_weights_post_by_year,20260723T013213Z-85f136d9,8,29.10992510288042,27.84200824737664,1.2679168555037812,post,Post-COVID (2022-Apr 2026),results/post_covid_spatial_resolution/model_results.csv
nl,data/country_weather_post_covid/weather_era5_nl_uniform_0p5deg.csv,37942,30353,7589,2025-06-18 17:00:00+00:00,2026-04-30 21:00:00+00:00,regression,LightGBM,r2,0.0113241157328115,0.822560619207088,0.8112365034742764,6.90304504201049,0.5,uniform,annual,"2022,2023,2024,2025,2026",data/capacity_weights_post_by_year,20260723T013213Z-85f136d9,8,12.237823805520224,4.799974779232574,7.437849026287651,post,Post-COVID (2022-Apr 2026),results/post_covid_spatial_resolution/model_results.csv
pt,data/country_weather_post_covid/weather_era5_pt_uniform_0p5deg.csv,37943,30354,7589,2025-06-18 18:00:00+00:00,2026-04-30 22:00:00+00:00,regression,LightGBM,r2,0.1781927962791758,0.4597937594650363,0.2816009631858605,9.963636124972254,0.5,uniform,annual,"2022,2023,2024,2025,2026",data/capacity_weights_post_by_year,20260723T013213Z-85f136d9,8,14.180399151819149,11.477987889148029,2.702411262671122,post,Post-COVID (2022-Apr 2026),results/post_covid_spatial_resolution/model_results.csv
ro,data/country_weather_post_covid/weather_era5_ro_uniform_0p5deg.csv,37941,30352,7589,2025-06-18 16:00:00+00:00,2026-04-30 20:00:00+00:00,regression,LightGBM,r2,0.2301648696311957,0.3792130004614403,0.1490481308302446,15.61149816698162,0.5,uniform,annual,"2022,2023,2024,2025,2026",data/capacity_weights_post_by_year,20260723T013213Z-85f136d9,8,9.21728958616727,7.989973434735961,1.2273161514313091,post,Post-COVID (2022-Apr 2026),results/post_covid_spatial_resolution/model_results.csv
rs,data/country_weather_post_covid/weather_era5_rs_uniform_0p5deg.csv,37939,30351,7588,2025-06-18 15:00:00+00:00,2026-04-30 21:00:00+00:00,regression,LightGBM,r2,0.3178515446322429,0.2909860815233702,-0.0268654631088727,8.750644083018415,0.5,uniform,annual,"2022,2023,2024,2025,2026",data/capacity_weights_post_by_year,20260723T013213Z-85f136d9,8,7.819130026646995,7.904561103507494,-0.0854310768604991,post,Post-COVID (2022-Apr 2026),results/post_covid_spatial_resolution/model_results.csv
si,data/country_weather_post_covid/weather_era5_si_uniform_0p5deg.csv,37852,30281,7571,2025-06-19 04:00:00+00:00,2026-04-30 21:00:00+00:00,regression,LightGBM,r2,0.2730284651616971,0.1481321604248809,-0.1248963047368161,10.310922125005163,0.5,uniform,annual,"2022,2023,2024,2025,2026",data/capacity_weights_post_by_year,20260723T013213Z-85f136d9,8,11.043282360430762,11.45497148950524,-0.4116891290744782,post,Post-COVID (2022-Apr 2026),results/post_covid_spatial_resolution/model_results.csv
sk,data/country_weather_post_covid/weather_era5_sk_uniform_0p5deg.csv,37886,30308,7578,2025-06-18 22:00:00+00:00,2026-04-30 21:00:00+00:00,regression,LightGBM,r2,-0.0847400436040684,-0.2103715632623595,-0.1256315196582911,5.393337125016842,0.5,uniform,annual,"2022,2023,2024,2025,2026",data/capacity_weights_post_by_year,20260723T013213Z-85f136d9,8,4.781165758789873,4.9744021659110675,-0.1932364071211942,post,Post-COVID (2022-Apr 2026),results/post_covid_spatial_resolution/model_results.csv
at,data/country_weather_post_covid/weather_era5_at_uniform_1p0deg.csv,37942,30353,7589,2025-06-18 17:00:00+00:00,2026-04-30 21:00:00+00:00,regression,LightGBM,r2,0.4701864272965924,0.6417648786620123,0.1715784513654198,10.613650499959476,1.0,uniform,annual,"2022,2023,2024,2025,2026",data/capacity_weights_post_by_year,20260723T013213Z-85f136d9,8,17.35825615099765,14.224114788273589,3.1341413627240637,post,Post-COVID (2022-Apr 2026),results/post_covid_spatial_resolution/model_results.csv
be,data/country_weather_post_covid/weather_era5_be_uniform_1p0deg.csv,37942,30353,7589,2025-06-18 17:00:00+00:00,2026-04-30 21:00:00+00:00,regression,LightGBM,r2,0.3811965029537688,0.79916937025943,0.4179728673056612,9.015765541989822,1.0,uniform,annual,"2022,2023,2024,2025,2026",data/capacity_weights_post_by_year,20260723T013213Z-85f136d9,8,13.04050559914558,6.761753122591147,6.278752476554434,post,Post-COVID (2022-Apr 2026),results/post_covid_spatial_resolution/model_results.csv
bg,data/country_weather_post_covid/weather_era5_bg_uniform_1p0deg.csv,37940,30352,7588,2025-06-18 17:00:00+00:00,2026-04-30 20:00:00+00:00,regression,LightGBM,r2,0.4997943292328032,0.5264794390840243,0.026685109851221,8.565808165993076,1.0,uniform,annual,"2022,2023,2024,2025,2026",data/capacity_weights_post_by_year,20260723T013213Z-85f136d9,8,10.03785917368944,9.774922481396205,0.2629366922932377,post,Post-COVID (2022-Apr 2026),results/post_covid_spatial_resolution/model_results.csv
cz,data/country_weather_post_covid/weather_era5_cz_uniform_1p0deg.csv,37942,30353,7589,2025-06-18 17:00:00+00:00,2026-04-30 21:00:00+00:00,regression,LightGBM,r2,0.6485725568380516,0.8012597858296624,0.1526872289916108,7.9058299999451265,1.0,uniform,annual,"2022,2023,2024,2025,2026",data/capacity_weights_post_by_year,20260723T013213Z-85f136d9,8,3.731808330132867,2.9080994139884,0.8237089161444668,post,Post-COVID (2022-Apr 2026),results/post_covid_spatial_resolution/model_results.csv
de,data/country_weather_post_covid/weather_era5_de_uniform_1p0deg.csv,37942,30353,7589,2025-06-18 17:00:00+00:00,2026-04-30 21:00:00+00:00,regression,LightGBM,r2,0.3062419079885355,0.8029641954882918,0.4967222874997562,9.525606957962736,1.0,uniform,annual,"2022,2023,2024,2025,2026",data/capacity_weights_post_by_year,20260723T013213Z-85f136d9,8,16.736379175487038,8.150908506397206,8.585470669089831,post,Post-COVID (2022-Apr 2026),results/post_covid_spatial_resolution/model_results.csv
dk,data/country_weather_post_covid/weather_era5_dk_uniform_1p0deg.csv,37924,30339,7585,2025-06-18 12:00:00+00:00,2026-04-30 21:00:00+00:00,regression,LightGBM,r2,-0.0396431663421719,0.6774076042547204,0.7170507705968923,9.878056082990952,1.0,uniform,annual,"2022,2023,2024,2025,2026",data/capacity_weights_post_by_year,20260723T013213Z-85f136d9,8,28.769496025793167,14.970558040636387,13.798937985156778,post,Post-COVID (2022-Apr 2026),results/post_covid_spatial_resolution/model_results.csv
es,data/country_weather_post_covid/weather_era5_es_uniform_1p0deg.csv,37941,30352,7589,2025-06-18 16:00:00+00:00,2026-04-30 21:00:00+00:00,regression,LightGBM,r2,0.5732549371660114,0.7466845567296121,0.1734296195636007,10.157369832973927,1.0,uniform,annual,"2022,2023,2024,2025,2026",data/capacity_weights_post_by_year,20260723T013213Z-85f136d9,8,11.377307660036257,8.220430525496608,3.1568771345396485,post,Post-COVID (2022-Apr 2026),results/post_covid_spatial_resolution/model_results.csv
fr,data/country_weather_post_covid/weather_era5_fr_uniform_1p0deg.csv,37882,30305,7577,2025-06-18 00:00:00+00:00,2026-04-30 21:00:00+00:00,regression,LightGBM,r2,0.2053276329345269,0.5647233091980237,0.3593956762634968,8.27422750002006,1.0,uniform,annual,"2022,2023,2024,2025,2026",data/capacity_weights_post_by_year,20260723T013213Z-85f136d9,8,6.666062156668551,4.884882659136919,1.7811794975316315,post,Post-COVID (2022-Apr 2026),results/post_covid_spatial_resolution/model_results.csv
gr,data/country_weather_post_covid/weather_era5_gr_uniform_1p0deg.csv,37933,30346,7587,2025-06-18 17:00:00+00:00,2026-04-30 20:00:00+00:00,regression,LightGBM,r2,0.2668967792070937,0.5335691285086277,0.2666723493015339,9.716491874947678,1.0,uniform,annual,"2022,2023,2024,2025,2026",data/capacity_weights_post_by_year,20260723T013213Z-85f136d9,8,17.887216314420865,13.847265385707798,4.039950928713067,post,Post-COVID (2022-Apr 2026),results/post_covid_spatial_resolution/model_results.csv
hr,data/country_weather_post_covid/weather_era5_hr_uniform_1p0deg.csv,37941,30352,7589,2025-06-18 17:00:00+00:00,2026-04-30 21:00:00+00:00,regression,LightGBM,r2,0.0165099138853365,0.3236253756439633,0.3071154617586268,10.457785125006922,1.0,uniform,annual,"2022,2023,2024,2025,2026",data/capacity_weights_post_by_year,20260723T013213Z-85f136d9,8,14.718715959907202,11.653443635470278,3.065272324436924,post,Post-COVID (2022-Apr 2026),results/post_covid_spatial_resolution/model_results.csv
ie,data/country_weather_post_covid/weather_era5_ie_uniform_1p0deg.csv,36085,28868,7217,2025-05-18 22:00:00+00:00,2026-04-30 22:00:00+00:00,regression,LightGBM,r2,0.0395415301218818,0.8404823133548913,0.8009407832330094,8.181214375013951,1.0,uniform,annual,"2022,2023,2024,2025,2026",data/capacity_weights_post_by_year,20260723T013213Z-85f136d9,8,19.12471141666266,6.810556942599243,12.314154474063416,post,Post-COVID (2022-Apr 2026),results/post_covid_spatial_resolution/model_results.csv
lt,data/country_weather_post_covid/weather_era5_lt_uniform_1p0deg.csv,37939,30351,7588,2025-06-18 16:00:00+00:00,2026-04-30 20:00:00+00:00,regression,LightGBM,r2,-0.1407038953587196,0.2662320359114166,0.4069359312701363,9.79045154195046,1.0,uniform,annual,"2022,2023,2024,2025,2026",data/capacity_weights_post_by_year,20260723T013213Z-85f136d9,8,31.560561210784737,23.684771315765513,7.875789895019224,post,Post-COVID (2022-Apr 2026),results/post_covid_spatial_resolution/model_results.csv
lv,data/country_weather_post_covid/weather_era5_lv_uniform_1p0deg.csv,37941,30352,7589,2025-06-18 16:00:00+00:00,2026-04-30 20:00:00+00:00,regression,LightGBM,r2,0.0945632178997945,0.1012512542129123,0.0066880363131178,10.39709037495777,1.0,uniform,annual,"2022,2023,2024,2025,2026",data/capacity_weights_post_by_year,20260723T013213Z-85f136d9,8,29.10992510288042,27.878168031295832,1.231757071584589,post,Post-COVID (2022-Apr 2026),results/post_covid_spatial_resolution/model_results.csv
nl,data/country_weather_post_covid/weather_era5_nl_uniform_1p0deg.csv,37942,30353,7589,2025-06-18 17:00:00+00:00,2026-04-30 21:00:00+00:00,regression,LightGBM,r2,0.0113241157328115,0.8217500190362413,0.8104259033034298,6.906418416998349,1.0,uniform,annual,"2022,2023,2024,2025,2026",data/capacity_weights_post_by_year,20260723T013213Z-85f136d9,8,12.237823805520224,4.792966192609786,7.44485761291044,post,Post-COVID (2022-Apr 2026),results/post_covid_spatial_resolution/model_results.csv
pt,data/country_weather_post_covid/weather_era5_pt_uniform_1p0deg.csv,37943,30354,7589,2025-06-18 18:00:00+00:00,2026-04-30 22:00:00+00:00,regression,LightGBM,r2,0.1781927962791758,0.4530669477886803,0.2748741515095044,10.108692375011742,1.0,uniform,annual,"2022,2023,2024,2025,2026",data/capacity_weights_post_by_year,20260723T013213Z-85f136d9,8,14.180399151819149,11.54726738804795,2.633131763771198,post,Post-COVID (2022-Apr 2026),results/post_covid_spatial_resolution/model_results.csv
ro,data/country_weather_post_covid/weather_era5_ro_uniform_1p0deg.csv,37941,30352,7589,2025-06-18 16:00:00+00:00,2026-04-30 20:00:00+00:00,regression,LightGBM,r2,0.2301648696311957,0.3790966584320104,0.1489317888008147,15.507142875052525,1.0,uniform,annual,"2022,2023,2024,2025,2026",data/capacity_weights_post_by_year,20260723T013213Z-85f136d9,8,9.21728958616727,7.967603629852815,1.2496859563144556,post,Post-COVID (2022-Apr 2026),results/post_covid_spatial_resolution/model_results.csv
rs,data/country_weather_post_covid/weather_era5_rs_uniform_1p0deg.csv,37939,30351,7588,2025-06-18 15:00:00+00:00,2026-04-30 21:00:00+00:00,regression,LightGBM,r2,0.3178515446322429,0.3071379412912783,-0.0107136033409646,8.884422041010112,1.0,uniform,annual,"2022,2023,2024,2025,2026",data/capacity_weights_post_by_year,20260723T013213Z-85f136d9,8,7.819130026646995,7.851602783728018,-0.032472757081023,post,Post-COVID (2022-Apr 2026),results/post_covid_spatial_resolution/model_results.csv
si,data/country_weather_post_covid/weather_era5_si_uniform_1p0deg.csv,37852,30281,7571,2025-06-19 04:00:00+00:00,2026-04-30 21:00:00+00:00,regression,LightGBM,r2,0.2730284651616971,0.1342166982845843,-0.1388117668771127,10.386719583999366,1.0,uniform,annual,"2022,2023,2024,2025,2026",data/capacity_weights_post_by_year,20260723T013213Z-85f136d9,8,11.043282360430762,11.478619173722286,-0.4353368132915243,post,Post-COVID (2022-Apr 2026),results/post_covid_spatial_resolution/model_results.csv
sk,data/country_weather_post_covid/weather_era5_sk_uniform_1p0deg.csv,37886,30308,7578,2025-06-18 22:00:00+00:00,2026-04-30 21:00:00+00:00,regression,LightGBM,r2,-0.0847400436040684,-0.1788070013115041,-0.0940669577074357,5.8502129999687895,1.0,uniform,annual,"2022,2023,2024,2025,2026",data/capacity_weights_post_by_year,20260723T013213Z-85f136d9,8,4.781165758789873,4.90722058022151,-0.1260548214316363,post,Post-COVID (2022-Apr 2026),results/post_covid_spatial_resolution/model_results.csv
at,data/country_weather_post_covid/weather_era5_at_uniform_2p0deg.csv,37942,30353,7589,2025-06-18 17:00:00+00:00,2026-04-30 21:00:00+00:00,regression,LightGBM,r2,0.4701864272965924,0.6594101964524586,0.1892237691558661,10.268379666027611,2.0,uniform,annual,"2022,2023,2024,2025,2026",data/capacity_weights_post_by_year,20260723T013213Z-85f136d9,8,17.35825615099765,13.72262466640864,3.635631484589011,post,Post-COVID (2022-Apr 2026),results/post_covid_spatial_resolution/model_results.csv
be,data/country_weather_post_covid/weather_era5_be_uniform_2p0deg.csv,37942,30353,7589,2025-06-18 17:00:00+00:00,2026-04-30 21:00:00+00:00,regression,LightGBM,r2,0.3811965029537688,0.8002641668973294,0.4190676639435605,8.735960666032042,2.0,uniform,annual,"2022,2023,2024,2025,2026",data/capacity_weights_post_by_year,20260723T013213Z-85f136d9,8,13.04050559914558,6.656253285335647,6.384252313809934,post,Post-COVID (2022-Apr 2026),results/post_covid_spatial_resolution/model_results.csv
bg,data/country_weather_post_covid/weather_era5_bg_uniform_2p0deg.csv,37940,30352,7588,2025-06-18 17:00:00+00:00,2026-04-30 20:00:00+00:00,regression,LightGBM,r2,0.4997943292328032,0.5258053856629771,0.0260110564301738,8.72730974998558,2.0,uniform,annual,"2022,2023,2024,2025,2026",data/capacity_weights_post_by_year,20260723T013213Z-85f136d9,8,10.03785917368944,9.76691070316962,0.270948470519821,post,Post-COVID (2022-Apr 2026),results/post_covid_spatial_resolution/model_results.csv
cz,data/country_weather_post_covid/weather_era5_cz_uniform_2p0deg.csv,37942,30353,7589,2025-06-18 17:00:00+00:00,2026-04-30 21:00:00+00:00,regression,LightGBM,r2,0.6485725568380516,0.8040117353139398,0.1554391784758881,7.095527458994184,2.0,uniform,annual,"2022,2023,2024,2025,2026",data/capacity_weights_post_by_year,20260723T013213Z-85f136d9,8,3.731808330132867,2.901926328138567,0.8298820019942998,post,Post-COVID (2022-Apr 2026),results/post_covid_spatial_resolution/model_results.csv
de,data/country_weather_post_covid/weather_era5_de_uniform_2p0deg.csv,37942,30353,7589,2025-06-18 17:00:00+00:00,2026-04-30 21:00:00+00:00,regression,LightGBM,r2,0.3062419079885355,0.776949637861539,0.4707077298730034,9.661081707978155,2.0,uniform,annual,"2022,2023,2024,2025,2026",data/capacity_weights_post_by_year,20260723T013213Z-85f136d9,8,16.736379175487038,8.746563929034313,7.989815246452725,post,Post-COVID (2022-Apr 2026),results/post_covid_spatial_resolution/model_results.csv
dk,data/country_weather_post_covid/weather_era5_dk_uniform_2p0deg.csv,37924,30339,7585,2025-06-18 12:00:00+00:00,2026-04-30 21:00:00+00:00,regression,LightGBM,r2,-0.0396431663421719,0.6467624913679939,0.6864056577101658,10.054385958996136,2.0,uniform,annual,"2022,2023,2024,2025,2026",data/capacity_weights_post_by_year,20260723T013213Z-85f136d9,8,28.769496025793167,15.740473311039477,13.029022714753692,post,Post-COVID (2022-Apr 2026),results/post_covid_spatial_resolution/model_results.csv
es,data/country_weather_post_covid/weather_era5_es_uniform_2p0deg.csv,37941,30352,7589,2025-06-18 16:00:00+00:00,2026-04-30 21:00:00+00:00,regression,LightGBM,r2,0.5732549371660114,0.7508249753986532,0.1775700382326418,10.124353124992922,2.0,uniform,annual,"2022,2023,2024,2025,2026",data/capacity_weights_post_by_year,20260723T013213Z-85f136d9,8,11.377307660036257,8.173796784968694,3.203510875067563,post,Post-COVID (2022-Apr 2026),results/post_covid_spatial_resolution/model_results.csv
fr,data/country_weather_post_covid/weather_era5_fr_uniform_2p0deg.csv,37882,30305,7577,2025-06-18 00:00:00+00:00,2026-04-30 21:00:00+00:00,regression,LightGBM,r2,0.2053276329345269,0.5686908772563045,0.3633632443217776,7.414278500014916,2.0,uniform,annual,"2022,2023,2024,2025,2026",data/capacity_weights_post_by_year,20260723T013213Z-85f136d9,8,6.666062156668551,4.861067481353341,1.8049946753152095,post,Post-COVID (2022-Apr 2026),results/post_covid_spatial_resolution/model_results.csv
gr,data/country_weather_post_covid/weather_era5_gr_uniform_2p0deg.csv,37933,30346,7587,2025-06-18 17:00:00+00:00,2026-04-30 20:00:00+00:00,regression,LightGBM,r2,0.2668967792070937,0.5319400890477115,0.2650433098406177,9.642009958042763,2.0,uniform,annual,"2022,2023,2024,2025,2026",data/capacity_weights_post_by_year,20260723T013213Z-85f136d9,8,17.887216314420865,13.893083375613267,3.9941329388075975,post,Post-COVID (2022-Apr 2026),results/post_covid_spatial_resolution/model_results.csv
hr,data/country_weather_post_covid/weather_era5_hr_uniform_2p0deg.csv,37941,30352,7589,2025-06-18 17:00:00+00:00,2026-04-30 21:00:00+00:00,regression,LightGBM,r2,0.0165099138853365,0.2894859771976135,0.272976063312277,10.329086165991612,2.0,uniform,annual,"2022,2023,2024,2025,2026",data/capacity_weights_post_by_year,20260723T013213Z-85f136d9,8,14.718715959907202,11.87194037125599,2.8467755886512123,post,Post-COVID (2022-Apr 2026),results/post_covid_spatial_resolution/model_results.csv
ie,data/country_weather_post_covid/weather_era5_ie_uniform_2p0deg.csv,36085,28868,7217,2025-05-18 22:00:00+00:00,2026-04-30 22:00:00+00:00,regression,LightGBM,r2,0.0395415301218818,0.803563802512096,0.7640222723902141,8.305290791962761,2.0,uniform,annual,"2022,2023,2024,2025,2026",data/capacity_weights_post_by_year,20260723T013213Z-85f136d9,8,19.12471141666266,7.653897965779285,11.470813450883377,post,Post-COVID (2022-Apr 2026),results/post_covid_spatial_resolution/model_results.csv
lt,data/country_weather_post_covid/weather_era5_lt_uniform_2p0deg.csv,37939,30351,7588,2025-06-18 16:00:00+00:00,2026-04-30 20:00:00+00:00,regression,LightGBM,r2,-0.1407038953587196,0.2496994830908444,0.3904033784495641,9.69612270896323,2.0,uniform,annual,"2022,2023,2024,2025,2026",data/capacity_weights_post_by_year,20260723T013213Z-85f136d9,8,31.560561210784737,24.105644148564423,7.454917062220311,post,Post-COVID (2022-Apr 2026),results/post_covid_spatial_resolution/model_results.csv
lv,data/country_weather_post_covid/weather_era5_lv_uniform_2p0deg.csv,37941,30352,7589,2025-06-18 16:00:00+00:00,2026-04-30 20:00:00+00:00,regression,LightGBM,r2,0.0945632178997945,0.115451246493077,0.0208880285932825,9.912395208026282,2.0,uniform,annual,"2022,2023,2024,2025,2026",data/capacity_weights_post_by_year,20260723T013213Z-85f136d9,8,29.10992510288042,27.851450328586463,1.2584747742939584,post,Post-COVID (2022-Apr 2026),results/post_covid_spatial_resolution/model_results.csv
nl,data/country_weather_post_covid/weather_era5_nl_uniform_2p0deg.csv,37942,30353,7589,2025-06-18 17:00:00+00:00,2026-04-30 21:00:00+00:00,regression,LightGBM,r2,0.0113241157328115,0.8081717466126694,0.7968476308798579,6.7819474170100875,2.0,uniform,annual,"2022,2023,2024,2025,2026",data/capacity_weights_post_by_year,20260723T013213Z-85f136d9,8,12.237823805520224,4.966708364875774,7.271115440644452,post,Post-COVID (2022-Apr 2026),results/post_covid_spatial_resolution/model_results.csv
pt,data/country_weather_post_covid/weather_era5_pt_uniform_2p0deg.csv,37943,30354,7589,2025-06-18 18:00:00+00:00,2026-04-30 22:00:00+00:00,regression,LightGBM,r2,0.1781927962791758,0.4506681935733548,0.272475397294179,9.842608416976873,2.0,uniform,annual,"2022,2023,2024,2025,2026",data/capacity_weights_post_by_year,20260723T013213Z-85f136d9,8,14.180399151819149,11.570321937309169,2.61007721450998,post,Post-COVID (2022-Apr 2026),results/post_covid_spatial_resolution/model_results.csv
ro,data/country_weather_post_covid/weather_era5_ro_uniform_2p0deg.csv,37941,30352,7589,2025-06-18 16:00:00+00:00,2026-04-30 20:00:00+00:00,regression,LightGBM,r2,0.2301648696311957,0.4043480521957767,0.1741831825645809,15.512462749960832,2.0,uniform,annual,"2022,2023,2024,2025,2026",data/capacity_weights_post_by_year,20260723T013213Z-85f136d9,8,9.21728958616727,7.808539448574138,1.408750137593132,post,Post-COVID (2022-Apr 2026),results/post_covid_spatial_resolution/model_results.csv
rs,data/country_weather_post_covid/weather_era5_rs_uniform_2p0deg.csv,37939,30351,7588,2025-06-18 15:00:00+00:00,2026-04-30 21:00:00+00:00,regression,LightGBM,r2,0.3178515446322429,0.3076879479860588,-0.0101635966461841,8.955474624992348,2.0,uniform,annual,"2022,2023,2024,2025,2026",data/capacity_weights_post_by_year,20260723T013213Z-85f136d9,8,7.819130026646995,7.853408111592399,-0.034278084945404,post,Post-COVID (2022-Apr 2026),results/post_covid_spatial_resolution/model_results.csv
si,data/country_weather_post_covid/weather_era5_si_uniform_2p0deg.csv,37852,30281,7571,2025-06-19 04:00:00+00:00,2026-04-30 21:00:00+00:00,regression,LightGBM,r2,0.2730284651616971,0.1297920228731162,-0.1432364422885809,9.991950333002023,2.0,uniform,annual,"2022,2023,2024,2025,2026",data/capacity_weights_post_by_year,20260723T013213Z-85f136d9,8,11.043282360430762,11.50301092630172,-0.4597285658709573,post,Post-COVID (2022-Apr 2026),results/post_covid_spatial_resolution/model_results.csv
sk,data/country_weather_post_covid/weather_era5_sk_uniform_2p0deg.csv,37886,30308,7578,2025-06-18 22:00:00+00:00,2026-04-30 21:00:00+00:00,regression,LightGBM,r2,-0.0847400436040684,-0.2054786315017589,-0.1207385878976905,5.735325290996116,2.0,uniform,annual,"2022,2023,2024,2025,2026",data/capacity_weights_post_by_year,20260723T013213Z-85f136d9,8,4.781165758789873,4.936600660333412,-0.155434901543539,post,Post-COVID (2022-Apr 2026),results/post_covid_spatial_resolution/model_results.csv
at,data/country_weather_by_era/pre/weather_era5_at_capacity_0p25deg.csv,35063,28050,7013,2019-03-14 18:00:00+00:00,2019-12-31 22:00:00+00:00,classification,LogReg,auc,0.8295845304435574,0.9066058280496876,0.0770212976061301,8.986727625015192,0.25,capacity,annual,"2016,2017,2018,2019",data/capacity_weights_pre_and_covid_by_year,20260723T004508Z-92d6e1cf,8,,,,pre,Pre-COVID (2016-2019),results/covid_era_spatial_resolution/pre/model_results.csv
be,data/country_weather_by_era/pre/weather_era5_be_capacity_0p25deg.csv,35063,28050,7013,2019-03-14 18:00:00+00:00,2019-12-31 22:00:00+00:00,classification,LogReg,auc,,,,0.8055103329825215,0.25,capacity,annual,"2016,2017,2018,2019",data/capacity_weights_pre_and_covid_by_year,20260723T004508Z-92d6e1cf,8,,,,pre,Pre-COVID (2016-2019),results/covid_era_spatial_resolution/pre/model_results.csv
bg,data/country_weather_by_era/pre/weather_era5_bg_capacity_0p25deg.csv,35062,28049,7013,2019-03-14 17:00:00+00:00,2019-12-31 21:00:00+00:00,classification,LogReg,auc,,,,0.7873029590118676,0.25,capacity,annual,"2016,2017,2018,2019",data/capacity_weights_pre_and_covid_by_year,20260723T004508Z-92d6e1cf,8,,,,pre,Pre-COVID (2016-2019),results/covid_era_spatial_resolution/pre/model_results.csv
cz,data/country_weather_by_era/pre/weather_era5_cz_capacity_0p25deg.csv,35041,28032,7009,2019-03-14 18:00:00+00:00,2019-12-31 22:00:00+00:00,classification,LogReg,auc,,,,0.7831642919918522,0.25,capacity,annual,"2016,2017,2018,2019",data/capacity_weights_pre_and_covid_by_year,20260723T004508Z-92d6e1cf,8,,,,pre,Pre-COVID (2016-2019),results/covid_era_spatial_resolution/pre/model_results.csv
de,data/country_weather_by_era/pre/weather_era5_de_capacity_0p25deg.csv,35063,28050,7013,2019-03-14 18:00:00+00:00,2019-12-31 22:00:00+00:00,classification,LogReg,auc,0.6930406278961879,0.9677391613533726,0.2746985334571846,8.181156040984206,0.25,capacity,annual,"2016,2017,2018,2019",data/capacity_weights_pre_and_covid_by_year,20260723T004508Z-92d6e1cf,8,,,,pre,Pre-COVID (2016-2019),results/covid_era_spatial_resolution/pre/model_results.csv
dk,data/country_weather_by_era/pre/weather_era5_dk_capacity_0p25deg.csv,35063,28050,7013,2019-03-14 18:00:00+00:00,2019-12-31 22:00:00+00:00,classification,LogReg,auc,0.6369215539463815,0.9736239592416802,0.3367024052952987,7.910975417005829,0.25,capacity,annual,"2016,2017,2018,2019",data/capacity_weights_pre_and_covid_by_year,20260723T004508Z-92d6e1cf,8,,,,pre,Pre-COVID (2016-2019),results/covid_era_spatial_resolution/pre/model_results.csv
es,data/country_weather_by_era/pre/weather_era5_es_capacity_0p25deg.csv,35054,28043,7011,2019-03-14 15:00:00+00:00,2019-12-31 22:00:00+00:00,classification,LogReg,auc,0.5995924340440664,0.8410773766081013,0.2414849425640349,7.631886790972203,0.25,capacity,annual,"2016,2017,2018,2019",data/capacity_weights_pre_and_covid_by_year,20260723T004508Z-92d6e1cf,8,,,,pre,Pre-COVID (2016-2019),results/covid_era_spatial_resolution/pre/model_results.csv
fr,data/country_weather_by_era/pre/weather_era5_fr_capacity_0p25deg.csv,35003,28002,7001,2019-03-14 21:00:00+00:00,2019-12-31 22:00:00+00:00,classification,LogReg,auc,,,,2.1364545420510694,0.25,capacity,annual,"2016,2017,2018,2019",data/capacity_weights_pre_and_covid_by_year,20260723T004508Z-92d6e1cf,8,,,,pre,Pre-COVID (2016-2019),results/covid_era_spatial_resolution/pre/model_results.csv
gr,data/country_weather_by_era/pre/weather_era5_gr_capacity_0p25deg.csv,35023,28018,7005,2019-03-14 23:00:00+00:00,2019-12-31 21:00:00+00:00,classification,LogReg,auc,0.8156101496081556,0.9429531917069304,0.1273430420987747,6.436872707970906,0.25,capacity,annual,"2016,2017,2018,2019",data/capacity_weights_pre_and_covid_by_year,20260723T004508Z-92d6e1cf,8,,,,pre,Pre-COVID (2016-2019),results/covid_era_spatial_resolution/pre/model_results.csv
hr,data/country_weather_by_era/pre/weather_era5_hr_capacity_0p25deg.csv,8760,7008,1752,2019-10-19 23:00:00+00:00,2019-12-31 22:00:00+00:00,classification,LogReg,auc,0.7512120257715912,0.7772821858154297,0.0260701600438385,3.1614995839772746,0.25,capacity,annual,"2016,2017,2018,2019",data/capacity_weights_pre_and_covid_by_year,20260723T004508Z-92d6e1cf,8,,,,pre,Pre-COVID (2016-2019),results/covid_era_spatial_resolution/pre/model_results.csv
ie,data/country_weather_by_era/pre/weather_era5_ie_capacity_0p25deg.csv,34879,27903,6976,2019-03-15 16:00:00+00:00,2019-12-31 23:00:00+00:00,classification,LogReg,auc,0.6131672089249833,0.984190227580351,0.3710230186553677,8.272875541995745,0.25,capacity,annual,"2016,2017,2018,2019",data/capacity_weights_pre_and_covid_by_year,20260723T004508Z-92d6e1cf,8,,,,pre,Pre-COVID (2016-2019),results/covid_era_spatial_resolution/pre/model_results.csv
lt,data/country_weather_by_era/pre/weather_era5_lt_capacity_0p25deg.csv,34352,27481,6871,2019-03-19 09:00:00+00:00,2019-12-31 21:00:00+00:00,classification,LogReg,auc,0.9390765661965772,0.9990782560604664,0.0600016898638892,5.945328082947526,0.25,capacity,annual,"2016,2017,2018,2019",data/capacity_weights_pre_and_covid_by_year,20260723T004508Z-92d6e1cf,8,,,,pre,Pre-COVID (2016-2019),results/covid_era_spatial_resolution/pre/model_results.csv
lv,data/country_weather_by_era/pre/weather_era5_lv_capacity_0p25deg.csv,34992,27993,6999,2019-03-14 06:00:00+00:00,2019-12-31 21:00:00+00:00,classification,LogReg,auc,0.7994352387763974,0.8033543090339759,0.0039190702575784,9.519911416980904,0.25,capacity,annual,"2016,2017,2018,2019",data/capacity_weights_pre_and_covid_by_year,20260723T004508Z-92d6e1cf,8,,,,pre,Pre-COVID (2016-2019),results/covid_era_spatial_resolution/pre/model_results.csv
nl,data/country_weather_by_era/pre/weather_era5_nl_capacity_0p25deg.csv,35063,28050,7013,2019-03-14 18:00:00+00:00,2019-12-31 22:00:00+00:00,classification,LogReg,auc,,,,0.6533937090425752,0.25,capacity,annual,"2016,2017,2018,2019",data/capacity_weights_pre_and_covid_by_year,20260723T004508Z-92d6e1cf,8,,,,pre,Pre-COVID (2016-2019),results/covid_era_spatial_resolution/pre/model_results.csv
pt,data/country_weather_by_era/pre/weather_era5_pt_capacity_0p25deg.csv,35064,28051,7013,2019-03-14 19:00:00+00:00,2019-12-31 23:00:00+00:00,classification,LogReg,auc,0.6299482927717474,0.8575851062215584,0.227636813449811,9.030168249970302,0.25,capacity,annual,"2016,2017,2018,2019",data/capacity_weights_pre_and_covid_by_year,20260723T004508Z-92d6e1cf,8,,,,pre,Pre-COVID (2016-2019),results/covid_era_spatial_resolution/pre/model_results.csv
ro,data/country_weather_by_era/pre/weather_era5_ro_capacity_0p25deg.csv,35009,28007,7002,2019-03-15 04:00:00+00:00,2019-12-31 21:00:00+00:00,classification,LogReg,auc,0.8641324351647444,0.8668369473271575,0.0027045121624131,9.417001666966826,0.25,capacity,annual,"2016,2017,2018,2019",data/capacity_weights_pre_and_covid_by_year,20260723T004508Z-92d6e1cf,8,,,,pre,Pre-COVID (2016-2019),results/covid_era_spatial_resolution/pre/model_results.csv
rs,data/country_weather_by_era/pre/weather_era5_rs_capacity_0p25deg.csv,26487,21189,5298,2019-05-25 05:00:00+00:00,2019-12-31 22:00:00+00:00,classification,LogReg,auc,0.9481845688350984,0.925964447806354,-0.0222201210287444,6.768724458001088,0.25,capacity,annual,"2016,2017,2018,2019",data/capacity_weights_pre_and_covid_by_year,20260723T004508Z-92d6e1cf,8,,,,pre,Pre-COVID (2016-2019),results/covid_era_spatial_resolution/pre/model_results.csv
si,data/country_weather_by_era/pre/weather_era5_si_capacity_0p25deg.csv,35061,28048,7013,2019-03-14 18:00:00+00:00,2019-12-31 22:00:00+00:00,classification,LogReg,auc,0.478610165804236,0.4759399976173086,-0.0026701681869273,9.486585167003796,0.25,capacity,annual,"2016,2017,2018,2019",data/capacity_weights_pre_and_covid_by_year,20260723T004508Z-92d6e1cf,8,,,,pre,Pre-COVID (2016-2019),results/covid_era_spatial_resolution/pre/model_results.csv
sk,data/country_weather_by_era/pre/weather_era5_sk_capacity_0p25deg.csv,34873,27898,6975,2019-03-16 08:00:00+00:00,2019-12-31 22:00:00+00:00,classification,LogReg,auc,,,,0.7964580419939011,0.25,capacity,annual,"2016,2017,2018,2019",data/capacity_weights_pre_and_covid_by_year,20260723T004508Z-92d6e1cf,8,,,,pre,Pre-COVID (2016-2019),results/covid_era_spatial_resolution/pre/model_results.csv
at,data/country_weather_by_era/pre/weather_era5_at_capacity_0p5deg.csv,35063,28050,7013,2019-03-14 18:00:00+00:00,2019-12-31 22:00:00+00:00,classification,LogReg,auc,0.8295845304435574,0.9053961551069204,0.075811624663363,9.09417499997653,0.5,capacity,annual,"2016,2017,2018,2019",data/capacity_weights_pre_and_covid_by_year,20260723T004508Z-92d6e1cf,8,,,,pre,Pre-COVID (2016-2019),results/covid_era_spatial_resolution/pre/model_results.csv
be,data/country_weather_by_era/pre/weather_era5_be_capacity_0p5deg.csv,35063,28050,7013,2019-03-14 18:00:00+00:00,2019-12-31 22:00:00+00:00,classification,LogReg,auc,,,,0.8915484580211341,0.5,capacity,annual,"2016,2017,2018,2019",data/capacity_weights_pre_and_covid_by_year,20260723T004508Z-92d6e1cf,8,,,,pre,Pre-COVID (2016-2019),results/covid_era_spatial_resolution/pre/model_results.csv
bg,data/country_weather_by_era/pre/weather_era5_bg_capacity_0p5deg.csv,35062,28049,7013,2019-03-14 17:00:00+00:00,2019-12-31 21:00:00+00:00,classification,LogReg,auc,,,,0.8075964999734424,0.5,capacity,annual,"2016,2017,2018,2019",data/capacity_weights_pre_and_covid_by_year,20260723T004508Z-92d6e1cf,8,,,,pre,Pre-COVID (2016-2019),results/covid_era_spatial_resolution/pre/model_results.csv
cz,data/country_weather_by_era/pre/weather_era5_cz_capacity_0p5deg.csv,35041,28032,7009,2019-03-14 18:00:00+00:00,2019-12-31 22:00:00+00:00,classification,LogReg,auc,,,,0.7852570840041153,0.5,capacity,annual,"2016,2017,2018,2019",data/capacity_weights_pre_and_covid_by_year,20260723T004508Z-92d6e1cf,8,,,,pre,Pre-COVID (2016-2019),results/covid_era_spatial_resolution/pre/model_results.csv
de,data/country_weather_by_era/pre/weather_era5_de_capacity_0p5deg.csv,35063,28050,7013,2019-03-14 18:00:00+00:00,2019-12-31 22:00:00+00:00,classification,LogReg,auc,0.6930406278961879,0.9676995373813604,0.2746589094851726,9.24846808303846,0.5,capacity,annual,"2016,2017,2018,2019",data/capacity_weights_pre_and_covid_by_year,20260723T004508Z-92d6e1cf,8,,,,pre,Pre-COVID (2016-2019),results/covid_era_spatial_resolution/pre/model_results.csv
dk,data/country_weather_by_era/pre/weather_era5_dk_capacity_0p5deg.csv,35063,28050,7013,2019-03-14 18:00:00+00:00,2019-12-31 22:00:00+00:00,classification,LogReg,auc,0.6369215539463815,0.9741439366758132,0.3372223827294316,8.855994542012922,0.5,capacity,annual,"2016,2017,2018,2019",data/capacity_weights_pre_and_covid_by_year,20260723T004508Z-92d6e1cf,8,,,,pre,Pre-COVID (2016-2019),results/covid_era_spatial_resolution/pre/model_results.csv
es,data/country_weather_by_era/pre/weather_era5_es_capacity_0p5deg.csv,35054,28043,7011,2019-03-14 15:00:00+00:00,2019-12-31 22:00:00+00:00,classification,LogReg,auc,0.5995924340440664,0.8425528449421662,0.2429604108980998,9.170858875033446,0.5,capacity,annual,"2016,2017,2018,2019",data/capacity_weights_pre_and_covid_by_year,20260723T004508Z-92d6e1cf,8,,,,pre,Pre-COVID (2016-2019),results/covid_era_spatial_resolution/pre/model_results.csv
fr,data/country_weather_by_era/pre/weather_era5_fr_capacity_0p5deg.csv,35003,28002,7001,2019-03-14 21:00:00+00:00,2019-12-31 22:00:00+00:00,classification,LogReg,auc,,,,0.9103773329989052,0.5,capacity,annual,"2016,2017,2018,2019",data/capacity_weights_pre_and_covid_by_year,20260723T004508Z-92d6e1cf,8,,,,pre,Pre-COVID (2016-2019),results/covid_era_spatial_resolution/pre/model_results.csv
gr,data/country_weather_by_era/pre/weather_era5_gr_capacity_0p5deg.csv,35023,28018,7005,2019-03-14 23:00:00+00:00,2019-12-31 21:00:00+00:00,classification,LogReg,auc,0.8156101496081556,0.9419220969569922,0.1263119473488366,7.038888166018296,0.5,capacity,annual,"2016,2017,2018,2019",data/capacity_weights_pre_and_covid_by_year,20260723T004508Z-92d6e1cf,8,,,,pre,Pre-COVID (2016-2019),results/covid_era_spatial_resolution/pre/model_results.csv
hr,data/country_weather_by_era/pre/weather_era5_hr_capacity_0p5deg.csv,8760,7008,1752,2019-10-19 23:00:00+00:00,2019-12-31 22:00:00+00:00,classification,LogReg,auc,0.7512120257715912,0.7789352378629022,0.027723212091311,3.3701979580218904,0.5,capacity,annual,"2016,2017,2018,2019",data/capacity_weights_pre_and_covid_by_year,20260723T004508Z-92d6e1cf,8,,,,pre,Pre-COVID (2016-2019),results/covid_era_spatial_resolution/pre/model_results.csv
ie,data/country_weather_by_era/pre/weather_era5_ie_capacity_0p5deg.csv,34879,27903,6976,2019-03-15 16:00:00+00:00,2019-12-31 23:00:00+00:00,classification,LogReg,auc,0.6131672089249833,0.9838413326943932,0.37067412376941,8.273157666029874,0.5,capacity,annual,"2016,2017,2018,2019",data/capacity_weights_pre_and_covid_by_year,20260723T004508Z-92d6e1cf,8,,,,pre,Pre-COVID (2016-2019),results/covid_era_spatial_resolution/pre/model_results.csv
lt,data/country_weather_by_era/pre/weather_era5_lt_capacity_0p5deg.csv,34352,27481,6871,2019-03-19 09:00:00+00:00,2019-12-31 21:00:00+00:00,classification,LogReg,auc,0.9390765661965772,0.999055212461978,0.0599786462654009,5.85178491595434,0.5,capacity,annual,"2016,2017,2018,2019",data/capacity_weights_pre_and_covid_by_year,20260723T004508Z-92d6e1cf,8,,,,pre,Pre-COVID (2016-2019),results/covid_era_spatial_resolution/pre/model_results.csv
lv,data/country_weather_by_era/pre/weather_era5_lv_capacity_0p5deg.csv,34992,27993,6999,2019-03-14 06:00:00+00:00,2019-12-31 21:00:00+00:00,classification,LogReg,auc,0.7994352387763974,0.8026586249797154,0.0032233862033179,9.592019292002078,0.5,capacity,annual,"2016,2017,2018,2019",data/capacity_weights_pre_and_covid_by_year,20260723T004508Z-92d6e1cf,8,,,,pre,Pre-COVID (2016-2019),results/covid_era_spatial_resolution/pre/model_results.csv
nl,data/country_weather_by_era/pre/weather_era5_nl_capacity_0p5deg.csv,35063,28050,7013,2019-03-14 18:00:00+00:00,2019-12-31 22:00:00+00:00,classification,LogReg,auc,,,,0.630193125049118,0.5,capacity,annual,"2016,2017,2018,2019",data/capacity_weights_pre_and_covid_by_year,20260723T004508Z-92d6e1cf,8,,,,pre,Pre-COVID (2016-2019),results/covid_era_spatial_resolution/pre/model_results.csv
pt,data/country_weather_by_era/pre/weather_era5_pt_capacity_0p5deg.csv,35064,28051,7013,2019-03-14 19:00:00+00:00,2019-12-31 23:00:00+00:00,classification,LogReg,auc,0.6299482927717474,0.8565729632649007,0.2266246704931533,8.959590458951425,0.5,capacity,annual,"2016,2017,2018,2019",data/capacity_weights_pre_and_covid_by_year,20260723T004508Z-92d6e1cf,8,,,,pre,Pre-COVID (2016-2019),results/covid_era_spatial_resolution/pre/model_results.csv
ro,data/country_weather_by_era/pre/weather_era5_ro_capacity_0p5deg.csv,35009,28007,7002,2019-03-15 04:00:00+00:00,2019-12-31 21:00:00+00:00,classification,LogReg,auc,0.8641324351647444,0.8685920897893498,0.0044596546246054,9.803642915969249,0.5,capacity,annual,"2016,2017,2018,2019",data/capacity_weights_pre_and_covid_by_year,20260723T004508Z-92d6e1cf,8,,,,pre,Pre-COVID (2016-2019),results/covid_era_spatial_resolution/pre/model_results.csv
rs,data/country_weather_by_era/pre/weather_era5_rs_capacity_0p5deg.csv,26487,21189,5298,2019-05-25 05:00:00+00:00,2019-12-31 22:00:00+00:00,classification,LogReg,auc,0.9481845688350984,0.9256807866868382,-0.0225037821482603,6.7708151250262745,0.5,capacity,annual,"2016,2017,2018,2019",data/capacity_weights_pre_and_covid_by_year,20260723T004508Z-92d6e1cf,8,,,,pre,Pre-COVID (2016-2019),results/covid_era_spatial_resolution/pre/model_results.csv
si,data/country_weather_by_era/pre/weather_era5_si_capacity_0p5deg.csv,35061,28048,7013,2019-03-14 18:00:00+00:00,2019-12-31 22:00:00+00:00,classification,LogReg,auc,0.478610165804236,0.4761488715884781,-0.0024612942157578,9.655965249985456,0.5,capacity,annual,"2016,2017,2018,2019",data/capacity_weights_pre_and_covid_by_year,20260723T004508Z-92d6e1cf,8,,,,pre,Pre-COVID (2016-2019),results/covid_era_spatial_resolution/pre/model_results.csv
sk,data/country_weather_by_era/pre/weather_era5_sk_capacity_0p5deg.csv,34873,27898,6975,2019-03-16 08:00:00+00:00,2019-12-31 22:00:00+00:00,classification,LogReg,auc,,,,0.8011782909743488,0.5,capacity,annual,"2016,2017,2018,2019",data/capacity_weights_pre_and_covid_by_year,20260723T004508Z-92d6e1cf,8,,,,pre,Pre-COVID (2016-2019),results/covid_era_spatial_resolution/pre/model_results.csv
at,data/country_weather_by_era/pre/weather_era5_at_capacity_1p0deg.csv,35063,28050,7013,2019-03-14 18:00:00+00:00,2019-12-31 22:00:00+00:00,classification,LogReg,auc,0.8295845304435574,0.8978380729841365,0.0682535425405791,9.10419650003314,1.0,capacity,annual,"2016,2017,2018,2019",data/capacity_weights_pre_and_covid_by_year,20260723T004508Z-92d6e1cf,8,,,,pre,Pre-COVID (2016-2019),results/covid_era_spatial_resolution/pre/model_results.csv
be,data/country_weather_by_era/pre/weather_era5_be_capacity_1p0deg.csv,35063,28050,7013,2019-03-14 18:00:00+00:00,2019-12-31 22:00:00+00:00,classification,LogReg,auc,,,,0.8364542499766685,1.0,capacity,annual,"2016,2017,2018,2019",data/capacity_weights_pre_and_covid_by_year,20260723T004508Z-92d6e1cf,8,,,,pre,Pre-COVID (2016-2019),results/covid_era_spatial_resolution/pre/model_results.csv
bg,data/country_weather_by_era/pre/weather_era5_bg_capacity_1p0deg.csv,35062,28049,7013,2019-03-14 17:00:00+00:00,2019-12-31 21:00:00+00:00,classification,LogReg,auc,,,,0.7973909999709576,1.0,capacity,annual,"2016,2017,2018,2019",data/capacity_weights_pre_and_covid_by_year,20260723T004508Z-92d6e1cf,8,,,,pre,Pre-COVID (2016-2019),results/covid_era_spatial_resolution/pre/model_results.csv
cz,data/country_weather_by_era/pre/weather_era5_cz_capacity_1p0deg.csv,35041,28032,7009,2019-03-14 18:00:00+00:00,2019-12-31 22:00:00+00:00,classification,LogReg,auc,,,,0.7658878749934956,1.0,capacity,annual,"2016,2017,2018,2019",data/capacity_weights_pre_and_covid_by_year,20260723T004508Z-92d6e1cf,8,,,,pre,Pre-COVID (2016-2019),results/covid_era_spatial_resolution/pre/model_results.csv
de,data/country_weather_by_era/pre/weather_era5_de_capacity_1p0deg.csv,35063,28050,7013,2019-03-14 18:00:00+00:00,2019-12-31 22:00:00+00:00,classification,LogReg,auc,0.6930406278961879,0.9672972488690512,0.2742566209728632,9.3289085830329,1.0,capacity,annual,"2016,2017,2018,2019",data/capacity_weights_pre_and_covid_by_year,20260723T004508Z-92d6e1cf,8,,,,pre,Pre-COVID (2016-2019),results/covid_era_spatial_resolution/pre/model_results.csv
dk,data/country_weather_by_era/pre/weather_era5_dk_capacity_1p0deg.csv,35063,28050,7013,2019-03-14 18:00:00+00:00,2019-12-31 22:00:00+00:00,classification,LogReg,auc,0.6369215539463815,0.9750458626689328,0.3381243087225514,8.913334374956321,1.0,capacity,annual,"2016,2017,2018,2019",data/capacity_weights_pre_and_covid_by_year,20260723T004508Z-92d6e1cf,8,,,,pre,Pre-COVID (2016-2019),results/covid_era_spatial_resolution/pre/model_results.csv
es,data/country_weather_by_era/pre/weather_era5_es_capacity_1p0deg.csv,35054,28043,7011,2019-03-14 15:00:00+00:00,2019-12-31 22:00:00+00:00,classification,LogReg,auc,0.5995924340440664,0.8414191700226411,0.2418267359785747,9.026575749972835,1.0,capacity,annual,"2016,2017,2018,2019",data/capacity_weights_pre_and_covid_by_year,20260723T004508Z-92d6e1cf,8,,,,pre,Pre-COVID (2016-2019),results/covid_era_spatial_resolution/pre/model_results.csv
fr,data/country_weather_by_era/pre/weather_era5_fr_capacity_1p0deg.csv,35003,28002,7001,2019-03-14 21:00:00+00:00,2019-12-31 22:00:00+00:00,classification,LogReg,auc,,,,0.911288708972279,1.0,capacity,annual,"2016,2017,2018,2019",data/capacity_weights_pre_and_covid_by_year,20260723T004508Z-92d6e1cf,8,,,,pre,Pre-COVID (2016-2019),results/covid_era_spatial_resolution/pre/model_results.csv
gr,data/country_weather_by_era/pre/weather_era5_gr_capacity_1p0deg.csv,35023,28018,7005,2019-03-14 23:00:00+00:00,2019-12-31 21:00:00+00:00,classification,LogReg,auc,0.8156101496081556,0.938567488417937,0.1229573388097814,6.995338167005684,1.0,capacity,annual,"2016,2017,2018,2019",data/capacity_weights_pre_and_covid_by_year,20260723T004508Z-92d6e1cf,8,,,,pre,Pre-COVID (2016-2019),results/covid_era_spatial_resolution/pre/model_results.csv
hr,data/country_weather_by_era/pre/weather_era5_hr_capacity_1p0deg.csv,8760,7008,1752,2019-10-19 23:00:00+00:00,2019-12-31 22:00:00+00:00,classification,LogReg,auc,0.7512120257715912,0.7905557568265771,0.0393437310549859,3.303520457993727,1.0,capacity,annual,"2016,2017,2018,2019",data/capacity_weights_pre_and_covid_by_year,20260723T004508Z-92d6e1cf,8,,,,pre,Pre-COVID (2016-2019),results/covid_era_spatial_resolution/pre/model_results.csv
ie,data/country_weather_by_era/pre/weather_era5_ie_capacity_1p0deg.csv,34879,27903,6976,2019-03-15 16:00:00+00:00,2019-12-31 23:00:00+00:00,classification,LogReg,auc,0.6131672089249833,0.9835967910077598,0.3704295820827764,8.102404374978505,1.0,capacity,annual,"2016,2017,2018,2019",data/capacity_weights_pre_and_covid_by_year,20260723T004508Z-92d6e1cf,8,,,,pre,Pre-COVID (2016-2019),results/covid_era_spatial_resolution/pre/model_results.csv
lt,data/country_weather_by_era/pre/weather_era5_lt_capacity_1p0deg.csv,34352,27481,6871,2019-03-19 09:00:00+00:00,2019-12-31 21:00:00+00:00,classification,LogReg,auc,0.9390765661965772,0.999193474052908,0.0601169078563309,5.926332041970454,1.0,capacity,annual,"2016,2017,2018,2019",data/capacity_weights_pre_and_covid_by_year,20260723T004508Z-92d6e1cf,8,,,,pre,Pre-COVID (2016-2019),results/covid_era_spatial_resolution/pre/model_results.csv
lv,data/country_weather_by_era/pre/weather_era5_lv_capacity_1p0deg.csv,34992,27993,6999,2019-03-14 06:00:00+00:00,2019-12-31 21:00:00+00:00,classification,LogReg,auc,0.7994352387763974,0.8016188552917064,0.0021836165153089,9.525074375036638,1.0,capacity,annual,"2016,2017,2018,2019",data/capacity_weights_pre_and_covid_by_year,20260723T004508Z-92d6e1cf,8,,,,pre,Pre-COVID (2016-2019),results/covid_era_spatial_resolution/pre/model_results.csv
nl,data/country_weather_by_era/pre/weather_era5_nl_capacity_1p0deg.csv,35063,28050,7013,2019-03-14 18:00:00+00:00,2019-12-31 22:00:00+00:00,classification,LogReg,auc,,,,0.6838644170202315,1.0,capacity,annual,"2016,2017,2018,2019",data/capacity_weights_pre_and_covid_by_year,20260723T004508Z-92d6e1cf,8,,,,pre,Pre-COVID (2016-2019),results/covid_era_spatial_resolution/pre/model_results.csv
pt,data/country_weather_by_era/pre/weather_era5_pt_capacity_1p0deg.csv,35064,28051,7013,2019-03-14 19:00:00+00:00,2019-12-31 23:00:00+00:00,classification,LogReg,auc,0.6299482927717474,0.8554071883875649,0.2254588956158175,9.152557833993342,1.0,capacity,annual,"2016,2017,2018,2019",data/capacity_weights_pre_and_covid_by_year,20260723T004508Z-92d6e1cf,8,,,,pre,Pre-COVID (2016-2019),results/covid_era_spatial_resolution/pre/model_results.csv
ro,data/country_weather_by_era/pre/weather_era5_ro_capacity_1p0deg.csv,35009,28007,7002,2019-03-15 04:00:00+00:00,2019-12-31 21:00:00+00:00,classification,LogReg,auc,0.8641324351647444,0.8746200664342156,0.0104876312694712,9.40381783299381,1.0,capacity,annual,"2016,2017,2018,2019",data/capacity_weights_pre_and_covid_by_year,20260723T004508Z-92d6e1cf,8,,,,pre,Pre-COVID (2016-2019),results/covid_era_spatial_resolution/pre/model_results.csv
rs,data/country_weather_by_era/pre/weather_era5_rs_capacity_1p0deg.csv,26487,21189,5298,2019-05-25 05:00:00+00:00,2019-12-31 22:00:00+00:00,classification,LogReg,auc,0.9481845688350984,0.925907715582451,-0.0222768532526475,6.7265847499947995,1.0,capacity,annual,"2016,2017,2018,2019",data/capacity_weights_pre_and_covid_by_year,20260723T004508Z-92d6e1cf,8,,,,pre,Pre-COVID (2016-2019),results/covid_era_spatial_resolution/pre/model_results.csv
si,data/country_weather_by_era/pre/weather_era5_si_capacity_1p0deg.csv,35061,28048,7013,2019-03-14 18:00:00+00:00,2019-12-31 22:00:00+00:00,classification,LogReg,auc,0.478610165804236,0.4759363717827192,-0.0026737940215167,9.55660412501311,1.0,capacity,annual,"2016,2017,2018,2019",data/capacity_weights_pre_and_covid_by_year,20260723T004508Z-92d6e1cf,8,,,,pre,Pre-COVID (2016-2019),results/covid_era_spatial_resolution/pre/model_results.csv
sk,data/country_weather_by_era/pre/weather_era5_sk_capacity_1p0deg.csv,34873,27898,6975,2019-03-16 08:00:00+00:00,2019-12-31 22:00:00+00:00,classification,LogReg,auc,,,,0.8087527089519426,1.0,capacity,annual,"2016,2017,2018,2019",data/capacity_weights_pre_and_covid_by_year,20260723T004508Z-92d6e1cf,8,,,,pre,Pre-COVID (2016-2019),results/covid_era_spatial_resolution/pre/model_results.csv
at,data/country_weather_by_era/pre/weather_era5_at_capacity_2p0deg.csv,35063,28050,7013,2019-03-14 18:00:00+00:00,2019-12-31 22:00:00+00:00,classification,LogReg,auc,0.8295845304435574,0.8929754244007729,0.0633908939572155,8.655108665989246,2.0,capacity,annual,"2016,2017,2018,2019",data/capacity_weights_pre_and_covid_by_year,20260723T004508Z-92d6e1cf,8,,,,pre,Pre-COVID (2016-2019),results/covid_era_spatial_resolution/pre/model_results.csv
be,data/country_weather_by_era/pre/weather_era5_be_capacity_2p0deg.csv,35063,28050,7013,2019-03-14 18:00:00+00:00,2019-12-31 22:00:00+00:00,classification,LogReg,auc,,,,0.7954711249913089,2.0,capacity,annual,"2016,2017,2018,2019",data/capacity_weights_pre_and_covid_by_year,20260723T004508Z-92d6e1cf,8,,,,pre,Pre-COVID (2016-2019),results/covid_era_spatial_resolution/pre/model_results.csv
bg,data/country_weather_by_era/pre/weather_era5_bg_capacity_2p0deg.csv,35062,28049,7013,2019-03-14 17:00:00+00:00,2019-12-31 21:00:00+00:00,classification,LogReg,auc,,,,0.7885241659823805,2.0,capacity,annual,"2016,2017,2018,2019",data/capacity_weights_pre_and_covid_by_year,20260723T004508Z-92d6e1cf,8,,,,pre,Pre-COVID (2016-2019),results/covid_era_spatial_resolution/pre/model_results.csv
cz,data/country_weather_by_era/pre/weather_era5_cz_capacity_2p0deg.csv,35041,28032,7009,2019-03-14 18:00:00+00:00,2019-12-31 22:00:00+00:00,classification,LogReg,auc,,,,0.75718658400001,2.0,capacity,annual,"2016,2017,2018,2019",data/capacity_weights_pre_and_covid_by_year,20260723T004508Z-92d6e1cf,8,,,,pre,Pre-COVID (2016-2019),results/covid_era_spatial_resolution/pre/model_results.csv
de,data/country_weather_by_era/pre/weather_era5_de_capacity_2p0deg.csv,35063,28050,7013,2019-03-14 18:00:00+00:00,2019-12-31 22:00:00+00:00,classification,LogReg,auc,0.6930406278961879,0.9671858283636808,0.2741452004674929,9.33299091696972,2.0,capacity,annual,"2016,2017,2018,2019",data/capacity_weights_pre_and_covid_by_year,20260723T004508Z-92d6e1cf,8,,,,pre,Pre-COVID (2016-2019),results/covid_era_spatial_resolution/pre/model_results.csv
dk,data/country_weather_by_era/pre/weather_era5_dk_capacity_2p0deg.csv,35063,28050,7013,2019-03-14 18:00:00+00:00,2019-12-31 22:00:00+00:00,classification,LogReg,auc,0.6369215539463815,0.9724303184915348,0.3355087645451532,8.945781416026875,2.0,capacity,annual,"2016,2017,2018,2019",data/capacity_weights_pre_and_covid_by_year,20260723T004508Z-92d6e1cf,8,,,,pre,Pre-COVID (2016-2019),results/covid_era_spatial_resolution/pre/model_results.csv
es,data/country_weather_by_era/pre/weather_era5_es_capacity_2p0deg.csv,35054,28043,7011,2019-03-14 15:00:00+00:00,2019-12-31 22:00:00+00:00,classification,LogReg,auc,0.5995924340440664,0.8403031504922993,0.2407107164482329,9.160126459028106,2.0,capacity,annual,"2016,2017,2018,2019",data/capacity_weights_pre_and_covid_by_year,20260723T004508Z-92d6e1cf,8,,,,pre,Pre-COVID (2016-2019),results/covid_era_spatial_resolution/pre/model_results.csv
fr,data/country_weather_by_era/pre/weather_era5_fr_capacity_2p0deg.csv,35003,28002,7001,2019-03-14 21:00:00+00:00,2019-12-31 22:00:00+00:00,classification,LogReg,auc,,,,1.0116230830317363,2.0,capacity,annual,"2016,2017,2018,2019",data/capacity_weights_pre_and_covid_by_year,20260723T004508Z-92d6e1cf,8,,,,pre,Pre-COVID (2016-2019),results/covid_era_spatial_resolution/pre/model_results.csv
gr,data/country_weather_by_era/pre/weather_era5_gr_capacity_2p0deg.csv,35023,28018,7005,2019-03-14 23:00:00+00:00,2019-12-31 21:00:00+00:00,classification,LogReg,auc,0.8156101496081556,0.932662127577382,0.1170519779692262,6.816379584022798,2.0,capacity,annual,"2016,2017,2018,2019",data/capacity_weights_pre_and_covid_by_year,20260723T004508Z-92d6e1cf,8,,,,pre,Pre-COVID (2016-2019),results/covid_era_spatial_resolution/pre/model_results.csv
hr,data/country_weather_by_era/pre/weather_era5_hr_capacity_2p0deg.csv,8760,7008,1752,2019-10-19 23:00:00+00:00,2019-12-31 22:00:00+00:00,classification,LogReg,auc,0.7512120257715912,0.8085208643204737,0.0573088385488824,3.368676999991294,2.0,capacity,annual,"2016,2017,2018,2019",data/capacity_weights_pre_and_covid_by_year,20260723T004508Z-92d6e1cf,8,,,,pre,Pre-COVID (2016-2019),results/covid_era_spatial_resolution/pre/model_results.csv
ie,data/country_weather_by_era/pre/weather_era5_ie_capacity_2p0deg.csv,34879,27903,6976,2019-03-15 16:00:00+00:00,2019-12-31 23:00:00+00:00,classification,LogReg,auc,0.6131672089249833,0.9805862064617014,0.367418997536718,8.221382999967318,2.0,capacity,annual,"2016,2017,2018,2019",data/capacity_weights_pre_and_covid_by_year,20260723T004508Z-92d6e1cf,8,,,,pre,Pre-COVID (2016-2019),results/covid_era_spatial_resolution/pre/model_results.csv
lt,data/country_weather_by_era/pre/weather_era5_lt_capacity_2p0deg.csv,34352,27481,6871,2019-03-19 09:00:00+00:00,2019-12-31 21:00:00+00:00,classification,LogReg,auc,0.9390765661965772,0.9990859372599624,0.0600093710633853,5.449128166015726,2.0,capacity,annual,"2016,2017,2018,2019",data/capacity_weights_pre_and_covid_by_year,20260723T004508Z-92d6e1cf,8,,,,pre,Pre-COVID (2016-2019),results/covid_era_spatial_resolution/pre/model_results.csv
lv,data/country_weather_by_era/pre/weather_era5_lv_capacity_2p0deg.csv,34992,27993,6999,2019-03-14 06:00:00+00:00,2019-12-31 21:00:00+00:00,classification,LogReg,auc,0.7994352387763974,0.8023494988470377,0.0029142600706402,9.606057374970987,2.0,capacity,annual,"2016,2017,2018,2019",data/capacity_weights_pre_and_covid_by_year,20260723T004508Z-92d6e1cf,8,,,,pre,Pre-COVID (2016-2019),results/covid_era_spatial_resolution/pre/model_results.csv
nl,data/country_weather_by_era/pre/weather_era5_nl_capacity_2p0deg.csv,35063,28050,7013,2019-03-14 18:00:00+00:00,2019-12-31 22:00:00+00:00,classification,LogReg,auc,,,,0.6599627499817871,2.0,capacity,annual,"2016,2017,2018,2019",data/capacity_weights_pre_and_covid_by_year,20260723T004508Z-92d6e1cf,8,,,,pre,Pre-COVID (2016-2019),results/covid_era_spatial_resolution/pre/model_results.csv
pt,data/country_weather_by_era/pre/weather_era5_pt_capacity_2p0deg.csv,35064,28051,7013,2019-03-14 19:00:00+00:00,2019-12-31 23:00:00+00:00,classification,LogReg,auc,0.6299482927717474,0.8434356235697229,0.2134873307979755,9.269539917004296,2.0,capacity,annual,"2016,2017,2018,2019",data/capacity_weights_pre_and_covid_by_year,20260723T004508Z-92d6e1cf,8,,,,pre,Pre-COVID (2016-2019),results/covid_era_spatial_resolution/pre/model_results.csv
ro,data/country_weather_by_era/pre/weather_era5_ro_capacity_2p0deg.csv,35009,28007,7002,2019-03-15 04:00:00+00:00,2019-12-31 21:00:00+00:00,classification,LogReg,auc,0.8641324351647444,0.8762773112711219,0.0121448761063774,9.781049042008815,2.0,capacity,annual,"2016,2017,2018,2019",data/capacity_weights_pre_and_covid_by_year,20260723T004508Z-92d6e1cf,8,,,,pre,Pre-COVID (2016-2019),results/covid_era_spatial_resolution/pre/model_results.csv
rs,data/country_weather_by_era/pre/weather_era5_rs_capacity_2p0deg.csv,26487,21189,5298,2019-05-25 05:00:00+00:00,2019-12-31 22:00:00+00:00,classification,LogReg,auc,0.9481845688350984,0.9259077155824508,-0.0222768532526476,6.845072083000559,2.0,capacity,annual,"2016,2017,2018,2019",data/capacity_weights_pre_and_covid_by_year,20260723T004508Z-92d6e1cf,8,,,,pre,Pre-COVID (2016-2019),results/covid_era_spatial_resolution/pre/model_results.csv
si,data/country_weather_by_era/pre/weather_era5_si_capacity_2p0deg.csv,35061,28048,7013,2019-03-14 18:00:00+00:00,2019-12-31 22:00:00+00:00,classification,LogReg,auc,0.478610165804236,0.4758598407740638,-0.0027503250301721,9.537554915994406,2.0,capacity,annual,"2016,2017,2018,2019",data/capacity_weights_pre_and_covid_by_year,20260723T004508Z-92d6e1cf,8,,,,pre,Pre-COVID (2016-2019),results/covid_era_spatial_resolution/pre/model_results.csv
sk,data/country_weather_by_era/pre/weather_era5_sk_capacity_2p0deg.csv,34873,27898,6975,2019-03-16 08:00:00+00:00,2019-12-31 22:00:00+00:00,classification,LogReg,auc,,,,0.8053917080396786,2.0,capacity,annual,"2016,2017,2018,2019",data/capacity_weights_pre_and_covid_by_year,20260723T004508Z-92d6e1cf,8,,,,pre,Pre-COVID (2016-2019),results/covid_era_spatial_resolution/pre/model_results.csv
at,data/country_weather_by_era/pre/weather_era5_at_capacity_0p25deg.csv,35063,28050,7013,2019-03-14 18:00:00+00:00,2019-12-31 22:00:00+00:00,classification,RandForest,auc,0.8414164202328718,0.9056943005574928,0.0642778803246209,8.986727625015192,0.25,capacity,annual,"2016,2017,2018,2019",data/capacity_weights_pre_and_covid_by_year,20260723T004508Z-92d6e1cf,8,,,,pre,Pre-COVID (2016-2019),results/covid_era_spatial_resolution/pre/model_results.csv
be,data/country_weather_by_era/pre/weather_era5_be_capacity_0p25deg.csv,35063,28050,7013,2019-03-14 18:00:00+00:00,2019-12-31 22:00:00+00:00,classification,RandForest,auc,,,,0.8055103329825215,0.25,capacity,annual,"2016,2017,2018,2019",data/capacity_weights_pre_and_covid_by_year,20260723T004508Z-92d6e1cf,8,,,,pre,Pre-COVID (2016-2019),results/covid_era_spatial_resolution/pre/model_results.csv
bg,data/country_weather_by_era/pre/weather_era5_bg_capacity_0p25deg.csv,35062,28049,7013,2019-03-14 17:00:00+00:00,2019-12-31 21:00:00+00:00,classification,RandForest,auc,,,,0.7873029590118676,0.25,capacity,annual,"2016,2017,2018,2019",data/capacity_weights_pre_and_covid_by_year,20260723T004508Z-92d6e1cf,8,,,,pre,Pre-COVID (2016-2019),results/covid_era_spatial_resolution/pre/model_results.csv
cz,data/country_weather_by_era/pre/weather_era5_cz_capacity_0p25deg.csv,35041,28032,7009,2019-03-14 18:00:00+00:00,2019-12-31 22:00:00+00:00,classification,RandForest,auc,,,,0.7831642919918522,0.25,capacity,annual,"2016,2017,2018,2019",data/capacity_weights_pre_and_covid_by_year,20260723T004508Z-92d6e1cf,8,,,,pre,Pre-COVID (2016-2019),results/covid_era_spatial_resolution/pre/model_results.csv
de,data/country_weather_by_era/pre/weather_era5_de_capacity_0p25deg.csv,35063,28050,7013,2019-03-14 18:00:00+00:00,2019-12-31 22:00:00+00:00,classification,RandForest,auc,0.7858043350729309,0.9654746338201472,0.1796702987472161,8.181156040984206,0.25,capacity,annual,"2016,2017,2018,2019",data/capacity_weights_pre_and_covid_by_year,20260723T004508Z-92d6e1cf,8,,,,pre,Pre-COVID (2016-2019),results/covid_era_spatial_resolution/pre/model_results.csv
dk,data/country_weather_by_era/pre/weather_era5_dk_capacity_0p25deg.csv,35063,28050,7013,2019-03-14 18:00:00+00:00,2019-12-31 22:00:00+00:00,classification,RandForest,auc,0.639169158465554,0.9696242532637854,0.3304550947982314,7.910975417005829,0.25,capacity,annual,"2016,2017,2018,2019",data/capacity_weights_pre_and_covid_by_year,20260723T004508Z-92d6e1cf,8,,,,pre,Pre-COVID (2016-2019),results/covid_era_spatial_resolution/pre/model_results.csv
es,data/country_weather_by_era/pre/weather_era5_es_capacity_0p25deg.csv,35054,28043,7011,2019-03-14 15:00:00+00:00,2019-12-31 22:00:00+00:00,classification,RandForest,auc,0.6621849538784041,0.8596942384994412,0.197509284621037,7.631886790972203,0.25,capacity,annual,"2016,2017,2018,2019",data/capacity_weights_pre_and_covid_by_year,20260723T004508Z-92d6e1cf,8,,,,pre,Pre-COVID (2016-2019),results/covid_era_spatial_resolution/pre/model_results.csv
fr,data/country_weather_by_era/pre/weather_era5_fr_capacity_0p25deg.csv,35003,28002,7001,2019-03-14 21:00:00+00:00,2019-12-31 22:00:00+00:00,classification,RandForest,auc,,,,2.1364545420510694,0.25,capacity,annual,"2016,2017,2018,2019",data/capacity_weights_pre_and_covid_by_year,20260723T004508Z-92d6e1cf,8,,,,pre,Pre-COVID (2016-2019),results/covid_era_spatial_resolution/pre/model_results.csv
gr,data/country_weather_by_era/pre/weather_era5_gr_capacity_0p25deg.csv,35023,28018,7005,2019-03-14 23:00:00+00:00,2019-12-31 21:00:00+00:00,classification,RandForest,auc,0.7781186355463523,0.9706130895064096,0.1924944539600573,6.436872707970906,0.25,capacity,annual,"2016,2017,2018,2019",data/capacity_weights_pre_and_covid_by_year,20260723T004508Z-92d6e1cf,8,,,,pre,Pre-COVID (2016-2019),results/covid_era_spatial_resolution/pre/model_results.csv
hr,data/country_weather_by_era/pre/weather_era5_hr_capacity_0p25deg.csv,8760,7008,1752,2019-10-19 23:00:00+00:00,2019-12-31 22:00:00+00:00,classification,RandForest,auc,0.6799132329729267,0.8382066205826826,0.1582933876097558,3.1614995839772746,0.25,capacity,annual,"2016,2017,2018,2019",data/capacity_weights_pre_and_covid_by_year,20260723T004508Z-92d6e1cf,8,,,,pre,Pre-COVID (2016-2019),results/covid_era_spatial_resolution/pre/model_results.csv
ie,data/country_weather_by_era/pre/weather_era5_ie_capacity_0p25deg.csv,34879,27903,6976,2019-03-15 16:00:00+00:00,2019-12-31 23:00:00+00:00,classification,RandForest,auc,0.6342084079463963,0.9771233196297512,0.3429149116833547,8.272875541995745,0.25,capacity,annual,"2016,2017,2018,2019",data/capacity_weights_pre_and_covid_by_year,20260723T004508Z-92d6e1cf,8,,,,pre,Pre-COVID (2016-2019),results/covid_era_spatial_resolution/pre/model_results.csv
lt,data/country_weather_by_era/pre/weather_era5_lt_capacity_0p25deg.csv,34352,27481,6871,2019-03-19 09:00:00+00:00,2019-12-31 21:00:00+00:00,classification,RandForest,auc,0.8089301625341813,0.9969121578025624,0.1879819952683812,5.945328082947526,0.25,capacity,annual,"2016,2017,2018,2019",data/capacity_weights_pre_and_covid_by_year,20260723T004508Z-92d6e1cf,8,,,,pre,Pre-COVID (2016-2019),results/covid_era_spatial_resolution/pre/model_results.csv
lv,data/country_weather_by_era/pre/weather_era5_lv_capacity_0p25deg.csv,34992,27993,6999,2019-03-14 06:00:00+00:00,2019-12-31 21:00:00+00:00,classification,RandForest,auc,0.8537737228763356,0.8167115931315099,-0.0370621297448257,9.519911416980904,0.25,capacity,annual,"2016,2017,2018,2019",data/capacity_weights_pre_and_covid_by_year,20260723T004508Z-92d6e1cf,8,,,,pre,Pre-COVID (2016-2019),results/covid_era_spatial_resolution/pre/model_results.csv
nl,data/country_weather_by_era/pre/weather_era5_nl_capacity_0p25deg.csv,35063,28050,7013,2019-03-14 18:00:00+00:00,2019-12-31 22:00:00+00:00,classification,RandForest,auc,,,,0.6533937090425752,0.25,capacity,annual,"2016,2017,2018,2019",data/capacity_weights_pre_and_covid_by_year,20260723T004508Z-92d6e1cf,8,,,,pre,Pre-COVID (2016-2019),results/covid_era_spatial_resolution/pre/model_results.csv
pt,data/country_weather_by_era/pre/weather_era5_pt_capacity_0p25deg.csv,35064,28051,7013,2019-03-14 19:00:00+00:00,2019-12-31 23:00:00+00:00,classification,RandForest,auc,0.6568969007389506,0.8589304200858822,0.2020335193469316,9.030168249970302,0.25,capacity,annual,"2016,2017,2018,2019",data/capacity_weights_pre_and_covid_by_year,20260723T004508Z-92d6e1cf,8,,,,pre,Pre-COVID (2016-2019),results/covid_era_spatial_resolution/pre/model_results.csv
ro,data/country_weather_by_era/pre/weather_era5_ro_capacity_0p25deg.csv,35009,28007,7002,2019-03-15 04:00:00+00:00,2019-12-31 21:00:00+00:00,classification,RandForest,auc,0.8077304050011348,0.8215846726773814,0.0138542676762466,9.417001666966826,0.25,capacity,annual,"2016,2017,2018,2019",data/capacity_weights_pre_and_covid_by_year,20260723T004508Z-92d6e1cf,8,,,,pre,Pre-COVID (2016-2019),results/covid_era_spatial_resolution/pre/model_results.csv
rs,data/country_weather_by_era/pre/weather_era5_rs_capacity_0p25deg.csv,26487,21189,5298,2019-05-25 05:00:00+00:00,2019-12-31 22:00:00+00:00,classification,RandForest,auc,0.6843419062027231,0.5720026475037822,-0.1123392586989409,6.768724458001088,0.25,capacity,annual,"2016,2017,2018,2019",data/capacity_weights_pre_and_covid_by_year,20260723T004508Z-92d6e1cf,8,,,,pre,Pre-COVID (2016-2019),results/covid_era_spatial_resolution/pre/model_results.csv
si,data/country_weather_by_era/pre/weather_era5_si_capacity_0p25deg.csv,35061,28048,7013,2019-03-14 18:00:00+00:00,2019-12-31 22:00:00+00:00,classification,RandForest,auc,0.6774616826980353,0.6445896720691601,-0.0328720106288752,9.486585167003796,0.25,capacity,annual,"2016,2017,2018,2019",data/capacity_weights_pre_and_covid_by_year,20260723T004508Z-92d6e1cf,8,,,,pre,Pre-COVID (2016-2019),results/covid_era_spatial_resolution/pre/model_results.csv
sk,data/country_weather_by_era/pre/weather_era5_sk_capacity_0p25deg.csv,34873,27898,6975,2019-03-16 08:00:00+00:00,2019-12-31 22:00:00+00:00,classification,RandForest,auc,,,,0.7964580419939011,0.25,capacity,annual,"2016,2017,2018,2019",data/capacity_weights_pre_and_covid_by_year,20260723T004508Z-92d6e1cf,8,,,,pre,Pre-COVID (2016-2019),results/covid_era_spatial_resolution/pre/model_results.csv
at,data/country_weather_by_era/pre/weather_era5_at_capacity_0p5deg.csv,35063,28050,7013,2019-03-14 18:00:00+00:00,2019-12-31 22:00:00+00:00,classification,RandForest,auc,0.8414164202328718,0.9031962916023192,0.0617798713694475,9.09417499997653,0.5,capacity,annual,"2016,2017,2018,2019",data/capacity_weights_pre_and_covid_by_year,20260723T004508Z-92d6e1cf,8,,,,pre,Pre-COVID (2016-2019),results/covid_era_spatial_resolution/pre/model_results.csv
be,data/country_weather_by_era/pre/weather_era5_be_capacity_0p5deg.csv,35063,28050,7013,2019-03-14 18:00:00+00:00,2019-12-31 22:00:00+00:00,classification,RandForest,auc,,,,0.8915484580211341,0.5,capacity,annual,"2016,2017,2018,2019",data/capacity_weights_pre_and_covid_by_year,20260723T004508Z-92d6e1cf,8,,,,pre,Pre-COVID (2016-2019),results/covid_era_spatial_resolution/pre/model_results.csv
bg,data/country_weather_by_era/pre/weather_era5_bg_capacity_0p5deg.csv,35062,28049,7013,2019-03-14 17:00:00+00:00,2019-12-31 21:00:00+00:00,classification,RandForest,auc,,,,0.8075964999734424,0.5,capacity,annual,"2016,2017,2018,2019",data/capacity_weights_pre_and_covid_by_year,20260723T004508Z-92d6e1cf,8,,,,pre,Pre-COVID (2016-2019),results/covid_era_spatial_resolution/pre/model_results.csv
cz,data/country_weather_by_era/pre/weather_era5_cz_capacity_0p5deg.csv,35041,28032,7009,2019-03-14 18:00:00+00:00,2019-12-31 22:00:00+00:00,classification,RandForest,auc,,,,0.7852570840041153,0.5,capacity,annual,"2016,2017,2018,2019",data/capacity_weights_pre_and_covid_by_year,20260723T004508Z-92d6e1cf,8,,,,pre,Pre-COVID (2016-2019),results/covid_era_spatial_resolution/pre/model_results.csv
de,data/country_weather_by_era/pre/weather_era5_de_capacity_0p5deg.csv,35063,28050,7013,2019-03-14 18:00:00+00:00,2019-12-31 22:00:00+00:00,classification,RandForest,auc,0.7858043350729309,0.9658374298559264,0.1800330947829955,9.24846808303846,0.5,capacity,annual,"2016,2017,2018,2019",data/capacity_weights_pre_and_covid_by_year,20260723T004508Z-92d6e1cf,8,,,,pre,Pre-COVID (2016-2019),results/covid_era_spatial_resolution/pre/model_results.csv
dk,data/country_weather_by_era/pre/weather_era5_dk_capacity_0p5deg.csv,35063,28050,7013,2019-03-14 18:00:00+00:00,2019-12-31 22:00:00+00:00,classification,RandForest,auc,0.639169158465554,0.9689120242680308,0.3297428658024769,8.855994542012922,0.5,capacity,annual,"2016,2017,2018,2019",data/capacity_weights_pre_and_covid_by_year,20260723T004508Z-92d6e1cf,8,,,,pre,Pre-COVID (2016-2019),results/covid_era_spatial_resolution/pre/model_results.csv
es,data/country_weather_by_era/pre/weather_era5_es_capacity_0p5deg.csv,35054,28043,7011,2019-03-14 15:00:00+00:00,2019-12-31 22:00:00+00:00,classification,RandForest,auc,0.6621849538784041,0.8570076975010165,0.1948227436226123,9.170858875033446,0.5,capacity,annual,"2016,2017,2018,2019",data/capacity_weights_pre_and_covid_by_year,20260723T004508Z-92d6e1cf,8,,,,pre,Pre-COVID (2016-2019),results/covid_era_spatial_resolution/pre/model_results.csv
fr,data/country_weather_by_era/pre/weather_era5_fr_capacity_0p5deg.csv,35003,28002,7001,2019-03-14 21:00:00+00:00,2019-12-31 22:00:00+00:00,classification,RandForest,auc,,,,0.9103773329989052,0.5,capacity,annual,"2016,2017,2018,2019",data/capacity_weights_pre_and_covid_by_year,20260723T004508Z-92d6e1cf,8,,,,pre,Pre-COVID (2016-2019),results/covid_era_spatial_resolution/pre/model_results.csv
gr,data/country_weather_by_era/pre/weather_era5_gr_capacity_0p5deg.csv,35023,28018,7005,2019-03-14 23:00:00+00:00,2019-12-31 21:00:00+00:00,classification,RandForest,auc,0.7781186355463523,0.972693032015066,0.1945743964687136,7.038888166018296,0.5,capacity,annual,"2016,2017,2018,2019",data/capacity_weights_pre_and_covid_by_year,20260723T004508Z-92d6e1cf,8,,,,pre,Pre-COVID (2016-2019),results/covid_era_spatial_resolution/pre/model_results.csv
hr,data/country_weather_by_era/pre/weather_era5_hr_capacity_0p5deg.csv,8760,7008,1752,2019-10-19 23:00:00+00:00,2019-12-31 22:00:00+00:00,classification,RandForest,auc,0.6799132329729267,0.8445229907134157,0.164609757740489,3.3701979580218904,0.5,capacity,annual,"2016,2017,2018,2019",data/capacity_weights_pre_and_covid_by_year,20260723T004508Z-92d6e1cf,8,,,,pre,Pre-COVID (2016-2019),results/covid_era_spatial_resolution/pre/model_results.csv
ie,data/country_weather_by_era/pre/weather_era5_ie_capacity_0p5deg.csv,34879,27903,6976,2019-03-15 16:00:00+00:00,2019-12-31 23:00:00+00:00,classification,RandForest,auc,0.6342084079463963,0.9747245096555608,0.3405161017091644,8.273157666029874,0.5,capacity,annual,"2016,2017,2018,2019",data/capacity_weights_pre_and_covid_by_year,20260723T004508Z-92d6e1cf,8,,,,pre,Pre-COVID (2016-2019),results/covid_era_spatial_resolution/pre/model_results.csv
lt,data/country_weather_by_era/pre/weather_era5_lt_capacity_0p5deg.csv,34352,27481,6871,2019-03-19 09:00:00+00:00,2019-12-31 21:00:00+00:00,classification,RandForest,auc,0.8089301625341813,0.9975112913632592,0.1885811288290779,5.85178491595434,0.5,capacity,annual,"2016,2017,2018,2019",data/capacity_weights_pre_and_covid_by_year,20260723T004508Z-92d6e1cf,8,,,,pre,Pre-COVID (2016-2019),results/covid_era_spatial_resolution/pre/model_results.csv
lv,data/country_weather_by_era/pre/weather_era5_lv_capacity_0p5deg.csv,34992,27993,6999,2019-03-14 06:00:00+00:00,2019-12-31 21:00:00+00:00,classification,RandForest,auc,0.8537737228763356,0.8136523362763424,-0.0401213865999932,9.592019292002078,0.5,capacity,annual,"2016,2017,2018,2019",data/capacity_weights_pre_and_covid_by_year,20260723T004508Z-92d6e1cf,8,,,,pre,Pre-COVID (2016-2019),results/covid_era_spatial_resolution/pre/model_results.csv
nl,data/country_weather_by_era/pre/weather_era5_nl_capacity_0p5deg.csv,35063,28050,7013,2019-03-14 18:00:00+00:00,2019-12-31 22:00:00+00:00,classification,RandForest,auc,,,,0.630193125049118,0.5,capacity,annual,"2016,2017,2018,2019",data/capacity_weights_pre_and_covid_by_year,20260723T004508Z-92d6e1cf,8,,,,pre,Pre-COVID (2016-2019),results/covid_era_spatial_resolution/pre/model_results.csv
pt,data/country_weather_by_era/pre/weather_era5_pt_capacity_0p5deg.csv,35064,28051,7013,2019-03-14 19:00:00+00:00,2019-12-31 23:00:00+00:00,classification,RandForest,auc,0.6568969007389506,0.8574251376307509,0.2005282368918003,8.959590458951425,0.5,capacity,annual,"2016,2017,2018,2019",data/capacity_weights_pre_and_covid_by_year,20260723T004508Z-92d6e1cf,8,,,,pre,Pre-COVID (2016-2019),results/covid_era_spatial_resolution/pre/model_results.csv
ro,data/country_weather_by_era/pre/weather_era5_ro_capacity_0p5deg.csv,35009,28007,7002,2019-03-15 04:00:00+00:00,2019-12-31 21:00:00+00:00,classification,RandForest,auc,0.8077304050011348,0.8236861705419959,0.015955765540861,9.803642915969249,0.5,capacity,annual,"2016,2017,2018,2019",data/capacity_weights_pre_and_covid_by_year,20260723T004508Z-92d6e1cf,8,,,,pre,Pre-COVID (2016-2019),results/covid_era_spatial_resolution/pre/model_results.csv
rs,data/country_weather_by_era/pre/weather_era5_rs_capacity_0p5deg.csv,26487,21189,5298,2019-05-25 05:00:00+00:00,2019-12-31 22:00:00+00:00,classification,RandForest,auc,0.6843419062027231,0.5712083963691377,-0.1131335098335853,6.7708151250262745,0.5,capacity,annual,"2016,2017,2018,2019",data/capacity_weights_pre_and_covid_by_year,20260723T004508Z-92d6e1cf,8,,,,pre,Pre-COVID (2016-2019),results/covid_era_spatial_resolution/pre/model_results.csv
si,data/country_weather_by_era/pre/weather_era5_si_capacity_0p5deg.csv,35061,28048,7013,2019-03-14 18:00:00+00:00,2019-12-31 22:00:00+00:00,classification,RandForest,auc,0.6774616826980353,0.6445870821873106,-0.0328746005107246,9.655965249985456,0.5,capacity,annual,"2016,2017,2018,2019",data/capacity_weights_pre_and_covid_by_year,20260723T004508Z-92d6e1cf,8,,,,pre,Pre-COVID (2016-2019),results/covid_era_spatial_resolution/pre/model_results.csv
sk,data/country_weather_by_era/pre/weather_era5_sk_capacity_0p5deg.csv,34873,27898,6975,2019-03-16 08:00:00+00:00,2019-12-31 22:00:00+00:00,classification,RandForest,auc,,,,0.8011782909743488,0.5,capacity,annual,"2016,2017,2018,2019",data/capacity_weights_pre_and_covid_by_year,20260723T004508Z-92d6e1cf,8,,,,pre,Pre-COVID (2016-2019),results/covid_era_spatial_resolution/pre/model_results.csv
at,data/country_weather_by_era/pre/weather_era5_at_capacity_1p0deg.csv,35063,28050,7013,2019-03-14 18:00:00+00:00,2019-12-31 22:00:00+00:00,classification,RandForest,auc,0.8414164202328718,0.8963569868874433,0.0549405666545714,9.10419650003314,1.0,capacity,annual,"2016,2017,2018,2019",data/capacity_weights_pre_and_covid_by_year,20260723T004508Z-92d6e1cf,8,,,,pre,Pre-COVID (2016-2019),results/covid_era_spatial_resolution/pre/model_results.csv
be,data/country_weather_by_era/pre/weather_era5_be_capacity_1p0deg.csv,35063,28050,7013,2019-03-14 18:00:00+00:00,2019-12-31 22:00:00+00:00,classification,RandForest,auc,,,,0.8364542499766685,1.0,capacity,annual,"2016,2017,2018,2019",data/capacity_weights_pre_and_covid_by_year,20260723T004508Z-92d6e1cf,8,,,,pre,Pre-COVID (2016-2019),results/covid_era_spatial_resolution/pre/model_results.csv
bg,data/country_weather_by_era/pre/weather_era5_bg_capacity_1p0deg.csv,35062,28049,7013,2019-03-14 17:00:00+00:00,2019-12-31 21:00:00+00:00,classification,RandForest,auc,,,,0.7973909999709576,1.0,capacity,annual,"2016,2017,2018,2019",data/capacity_weights_pre_and_covid_by_year,20260723T004508Z-92d6e1cf,8,,,,pre,Pre-COVID (2016-2019),results/covid_era_spatial_resolution/pre/model_results.csv
cz,data/country_weather_by_era/pre/weather_era5_cz_capacity_1p0deg.csv,35041,28032,7009,2019-03-14 18:00:00+00:00,2019-12-31 22:00:00+00:00,classification,RandForest,auc,,,,0.7658878749934956,1.0,capacity,annual,"2016,2017,2018,2019",data/capacity_weights_pre_and_covid_by_year,20260723T004508Z-92d6e1cf,8,,,,pre,Pre-COVID (2016-2019),results/covid_era_spatial_resolution/pre/model_results.csv
de,data/country_weather_by_era/pre/weather_era5_de_capacity_1p0deg.csv,35063,28050,7013,2019-03-14 18:00:00+00:00,2019-12-31 22:00:00+00:00,classification,RandForest,auc,0.7858043350729309,0.9656563605767426,0.1798520255038117,9.3289085830329,1.0,capacity,annual,"2016,2017,2018,2019",data/capacity_weights_pre_and_covid_by_year,20260723T004508Z-92d6e1cf,8,,,,pre,Pre-COVID (2016-2019),results/covid_era_spatial_resolution/pre/model_results.csv
dk,data/country_weather_by_era/pre/weather_era5_dk_capacity_1p0deg.csv,35063,28050,7013,2019-03-14 18:00:00+00:00,2019-12-31 22:00:00+00:00,classification,RandForest,auc,0.639169158465554,0.9703324856025582,0.3311633271370042,8.913334374956321,1.0,capacity,annual,"2016,2017,2018,2019",data/capacity_weights_pre_and_covid_by_year,20260723T004508Z-92d6e1cf,8,,,,pre,Pre-COVID (2016-2019),results/covid_era_spatial_resolution/pre/model_results.csv
es,data/country_weather_by_era/pre/weather_era5_es_capacity_1p0deg.csv,35054,28043,7011,2019-03-14 15:00:00+00:00,2019-12-31 22:00:00+00:00,classification,RandForest,auc,0.6621849538784041,0.8505980452251497,0.1884130913467455,9.026575749972835,1.0,capacity,annual,"2016,2017,2018,2019",data/capacity_weights_pre_and_covid_by_year,20260723T004508Z-92d6e1cf,8,,,,pre,Pre-COVID (2016-2019),results/covid_era_spatial_resolution/pre/model_results.csv
fr,data/country_weather_by_era/pre/weather_era5_fr_capacity_1p0deg.csv,35003,28002,7001,2019-03-14 21:00:00+00:00,2019-12-31 22:00:00+00:00,classification,RandForest,auc,,,,0.911288708972279,1.0,capacity,annual,"2016,2017,2018,2019",data/capacity_weights_pre_and_covid_by_year,20260723T004508Z-92d6e1cf,8,,,,pre,Pre-COVID (2016-2019),results/covid_era_spatial_resolution/pre/model_results.csv
gr,data/country_weather_by_era/pre/weather_era5_gr_capacity_1p0deg.csv,35023,28018,7005,2019-03-14 23:00:00+00:00,2019-12-31 21:00:00+00:00,classification,RandForest,auc,0.7781186355463523,0.9661102163594686,0.1879915808131163,6.995338167005684,1.0,capacity,annual,"2016,2017,2018,2019",data/capacity_weights_pre_and_covid_by_year,20260723T004508Z-92d6e1cf,8,,,,pre,Pre-COVID (2016-2019),results/covid_era_spatial_resolution/pre/model_results.csv
hr,data/country_weather_by_era/pre/weather_era5_hr_capacity_1p0deg.csv,8760,7008,1752,2019-10-19 23:00:00+00:00,2019-12-31 22:00:00+00:00,classification,RandForest,auc,0.6799132329729267,0.860538297829732,0.1806250648568053,3.303520457993727,1.0,capacity,annual,"2016,2017,2018,2019",data/capacity_weights_pre_and_covid_by_year,20260723T004508Z-92d6e1cf,8,,,,pre,Pre-COVID (2016-2019),results/covid_era_spatial_resolution/pre/model_results.csv
ie,data/country_weather_by_era/pre/weather_era5_ie_capacity_1p0deg.csv,34879,27903,6976,2019-03-15 16:00:00+00:00,2019-12-31 23:00:00+00:00,classification,RandForest,auc,0.6342084079463963,0.9734350172766022,0.3392266093302059,8.102404374978505,1.0,capacity,annual,"2016,2017,2018,2019",data/capacity_weights_pre_and_covid_by_year,20260723T004508Z-92d6e1cf,8,,,,pre,Pre-COVID (2016-2019),results/covid_era_spatial_resolution/pre/model_results.csv
lt,data/country_weather_by_era/pre/weather_era5_lt_capacity_1p0deg.csv,34352,27481,6871,2019-03-19 09:00:00+00:00,2019-12-31 21:00:00+00:00,classification,RandForest,auc,0.8089301625341813,0.9966586782191909,0.1877285156850094,5.926332041970454,1.0,capacity,annual,"2016,2017,2018,2019",data/capacity_weights_pre_and_covid_by_year,20260723T004508Z-92d6e1cf,8,,,,pre,Pre-COVID (2016-2019),results/covid_era_spatial_resolution/pre/model_results.csv
lv,data/country_weather_by_era/pre/weather_era5_lv_capacity_1p0deg.csv,34992,27993,6999,2019-03-14 06:00:00+00:00,2019-12-31 21:00:00+00:00,classification,RandForest,auc,0.8537737228763356,0.8092906126226838,-0.0444831102536518,9.525074375036638,1.0,capacity,annual,"2016,2017,2018,2019",data/capacity_weights_pre_and_covid_by_year,20260723T004508Z-92d6e1cf,8,,,,pre,Pre-COVID (2016-2019),results/covid_era_spatial_resolution/pre/model_results.csv
nl,data/country_weather_by_era/pre/weather_era5_nl_capacity_1p0deg.csv,35063,28050,7013,2019-03-14 18:00:00+00:00,2019-12-31 22:00:00+00:00,classification,RandForest,auc,,,,0.6838644170202315,1.0,capacity,annual,"2016,2017,2018,2019",data/capacity_weights_pre_and_covid_by_year,20260723T004508Z-92d6e1cf,8,,,,pre,Pre-COVID (2016-2019),results/covid_era_spatial_resolution/pre/model_results.csv
pt,data/country_weather_by_era/pre/weather_era5_pt_capacity_1p0deg.csv,35064,28051,7013,2019-03-14 19:00:00+00:00,2019-12-31 23:00:00+00:00,classification,RandForest,auc,0.6568969007389506,0.8523416194563188,0.1954447187173682,9.152557833993342,1.0,capacity,annual,"2016,2017,2018,2019",data/capacity_weights_pre_and_covid_by_year,20260723T004508Z-92d6e1cf,8,,,,pre,Pre-COVID (2016-2019),results/covid_era_spatial_resolution/pre/model_results.csv
ro,data/country_weather_by_era/pre/weather_era5_ro_capacity_1p0deg.csv,35009,28007,7002,2019-03-15 04:00:00+00:00,2019-12-31 21:00:00+00:00,classification,RandForest,auc,0.8077304050011348,0.8273322123419092,0.0196018073407744,9.40381783299381,1.0,capacity,annual,"2016,2017,2018,2019",data/capacity_weights_pre_and_covid_by_year,20260723T004508Z-92d6e1cf,8,,,,pre,Pre-COVID (2016-2019),results/covid_era_spatial_resolution/pre/model_results.csv
rs,data/country_weather_by_era/pre/weather_era5_rs_capacity_1p0deg.csv,26487,21189,5298,2019-05-25 05:00:00+00:00,2019-12-31 22:00:00+00:00,classification,RandForest,auc,0.6843419062027231,0.4759928139183056,-0.2083490922844174,6.7265847499947995,1.0,capacity,annual,"2016,2017,2018,2019",data/capacity_weights_pre_and_covid_by_year,20260723T004508Z-92d6e1cf,8,,,,pre,Pre-COVID (2016-2019),results/covid_era_spatial_resolution/pre/model_results.csv
si,data/country_weather_by_era/pre/weather_era5_si_capacity_1p0deg.csv,35061,28048,7013,2019-03-14 18:00:00+00:00,2019-12-31 22:00:00+00:00,classification,RandForest,auc,0.6774616826980353,0.6459044903371508,-0.0315571923608845,9.55660412501311,1.0,capacity,annual,"2016,2017,2018,2019",data/capacity_weights_pre_and_covid_by_year,20260723T004508Z-92d6e1cf,8,,,,pre,Pre-COVID (2016-2019),results/covid_era_spatial_resolution/pre/model_results.csv
sk,data/country_weather_by_era/pre/weather_era5_sk_capacity_1p0deg.csv,34873,27898,6975,2019-03-16 08:00:00+00:00,2019-12-31 22:00:00+00:00,classification,RandForest,auc,,,,0.8087527089519426,1.0,capacity,annual,"2016,2017,2018,2019",data/capacity_weights_pre_and_covid_by_year,20260723T004508Z-92d6e1cf,8,,,,pre,Pre-COVID (2016-2019),results/covid_era_spatial_resolution/pre/model_results.csv
at,data/country_weather_by_era/pre/weather_era5_at_capacity_2p0deg.csv,35063,28050,7013,2019-03-14 18:00:00+00:00,2019-12-31 22:00:00+00:00,classification,RandForest,auc,0.8414164202328718,0.8897569581392685,0.0483405379063967,8.655108665989246,2.0,capacity,annual,"2016,2017,2018,2019",data/capacity_weights_pre_and_covid_by_year,20260723T004508Z-92d6e1cf,8,,,,pre,Pre-COVID (2016-2019),results/covid_era_spatial_resolution/pre/model_results.csv
be,data/country_weather_by_era/pre/weather_era5_be_capacity_2p0deg.csv,35063,28050,7013,2019-03-14 18:00:00+00:00,2019-12-31 22:00:00+00:00,classification,RandForest,auc,,,,0.7954711249913089,2.0,capacity,annual,"2016,2017,2018,2019",data/capacity_weights_pre_and_covid_by_year,20260723T004508Z-92d6e1cf,8,,,,pre,Pre-COVID (2016-2019),results/covid_era_spatial_resolution/pre/model_results.csv
bg,data/country_weather_by_era/pre/weather_era5_bg_capacity_2p0deg.csv,35062,28049,7013,2019-03-14 17:00:00+00:00,2019-12-31 21:00:00+00:00,classification,RandForest,auc,,,,0.7885241659823805,2.0,capacity,annual,"2016,2017,2018,2019",data/capacity_weights_pre_and_covid_by_year,20260723T004508Z-92d6e1cf,8,,,,pre,Pre-COVID (2016-2019),results/covid_era_spatial_resolution/pre/model_results.csv
cz,data/country_weather_by_era/pre/weather_era5_cz_capacity_2p0deg.csv,35041,28032,7009,2019-03-14 18:00:00+00:00,2019-12-31 22:00:00+00:00,classification,RandForest,auc,,,,0.75718658400001,2.0,capacity,annual,"2016,2017,2018,2019",data/capacity_weights_pre_and_covid_by_year,20260723T004508Z-92d6e1cf,8,,,,pre,Pre-COVID (2016-2019),results/covid_era_spatial_resolution/pre/model_results.csv
de,data/country_weather_by_era/pre/weather_era5_de_capacity_2p0deg.csv,35063,28050,7013,2019-03-14 18:00:00+00:00,2019-12-31 22:00:00+00:00,classification,RandForest,auc,0.7858043350729309,0.9631459364915392,0.1773416014186084,9.33299091696972,2.0,capacity,annual,"2016,2017,2018,2019",data/capacity_weights_pre_and_covid_by_year,20260723T004508Z-92d6e1cf,8,,,,pre,Pre-COVID (2016-2019),results/covid_era_spatial_resolution/pre/model_results.csv
dk,data/country_weather_by_era/pre/weather_era5_dk_capacity_2p0deg.csv,35063,28050,7013,2019-03-14 18:00:00+00:00,2019-12-31 22:00:00+00:00,classification,RandForest,auc,0.639169158465554,0.9662516928108464,0.3270825343452924,8.945781416026875,2.0,capacity,annual,"2016,2017,2018,2019",data/capacity_weights_pre_and_covid_by_year,20260723T004508Z-92d6e1cf,8,,,,pre,Pre-COVID (2016-2019),results/covid_era_spatial_resolution/pre/model_results.csv
es,data/country_weather_by_era/pre/weather_era5_es_capacity_2p0deg.csv,35054,28043,7011,2019-03-14 15:00:00+00:00,2019-12-31 22:00:00+00:00,classification,RandForest,auc,0.6621849538784041,0.8471768162359955,0.1849918623575913,9.160126459028106,2.0,capacity,annual,"2016,2017,2018,2019",data/capacity_weights_pre_and_covid_by_year,20260723T004508Z-92d6e1cf,8,,,,pre,Pre-COVID (2016-2019),results/covid_era_spatial_resolution/pre/model_results.csv
fr,data/country_weather_by_era/pre/weather_era5_fr_capacity_2p0deg.csv,35003,28002,7001,2019-03-14 21:00:00+00:00,2019-12-31 22:00:00+00:00,classification,RandForest,auc,,,,1.0116230830317363,2.0,capacity,annual,"2016,2017,2018,2019",data/capacity_weights_pre_and_covid_by_year,20260723T004508Z-92d6e1cf,8,,,,pre,Pre-COVID (2016-2019),results/covid_era_spatial_resolution/pre/model_results.csv
gr,data/country_weather_by_era/pre/weather_era5_gr_capacity_2p0deg.csv,35023,28018,7005,2019-03-14 23:00:00+00:00,2019-12-31 21:00:00+00:00,classification,RandForest,auc,0.7781186355463523,0.9678173456837464,0.1896987101373941,6.816379584022798,2.0,capacity,annual,"2016,2017,2018,2019",data/capacity_weights_pre_and_covid_by_year,20260723T004508Z-92d6e1cf,8,,,,pre,Pre-COVID (2016-2019),results/covid_era_spatial_resolution/pre/model_results.csv
hr,data/country_weather_by_era/pre/weather_era5_hr_capacity_2p0deg.csv,8760,7008,1752,2019-10-19 23:00:00+00:00,2019-12-31 22:00:00+00:00,classification,RandForest,auc,0.6799132329729267,0.8651779488682602,0.1852647158953334,3.368676999991294,2.0,capacity,annual,"2016,2017,2018,2019",data/capacity_weights_pre_and_covid_by_year,20260723T004508Z-92d6e1cf,8,,,,pre,Pre-COVID (2016-2019),results/covid_era_spatial_resolution/pre/model_results.csv
ie,data/country_weather_by_era/pre/weather_era5_ie_capacity_2p0deg.csv,34879,27903,6976,2019-03-15 16:00:00+00:00,2019-12-31 23:00:00+00:00,classification,RandForest,auc,0.6342084079463963,0.9706175334392628,0.3364091254928665,8.221382999967318,2.0,capacity,annual,"2016,2017,2018,2019",data/capacity_weights_pre_and_covid_by_year,20260723T004508Z-92d6e1cf,8,,,,pre,Pre-COVID (2016-2019),results/covid_era_spatial_resolution/pre/model_results.csv
lt,data/country_weather_by_era/pre/weather_era5_lt_capacity_2p0deg.csv,34352,27481,6871,2019-03-19 09:00:00+00:00,2019-12-31 21:00:00+00:00,classification,RandForest,auc,0.8089301625341813,0.995245337511906,0.1863151749777246,5.449128166015726,2.0,capacity,annual,"2016,2017,2018,2019",data/capacity_weights_pre_and_covid_by_year,20260723T004508Z-92d6e1cf,8,,,,pre,Pre-COVID (2016-2019),results/covid_era_spatial_resolution/pre/model_results.csv
lv,data/country_weather_by_era/pre/weather_era5_lv_capacity_2p0deg.csv,34992,27993,6999,2019-03-14 06:00:00+00:00,2019-12-31 21:00:00+00:00,classification,RandForest,auc,0.8537737228763356,0.8130945369018069,-0.0406791859745286,9.606057374970987,2.0,capacity,annual,"2016,2017,2018,2019",data/capacity_weights_pre_and_covid_by_year,20260723T004508Z-92d6e1cf,8,,,,pre,Pre-COVID (2016-2019),results/covid_era_spatial_resolution/pre/model_results.csv
nl,data/country_weather_by_era/pre/weather_era5_nl_capacity_2p0deg.csv,35063,28050,7013,2019-03-14 18:00:00+00:00,2019-12-31 22:00:00+00:00,classification,RandForest,auc,,,,0.6599627499817871,2.0,capacity,annual,"2016,2017,2018,2019",data/capacity_weights_pre_and_covid_by_year,20260723T004508Z-92d6e1cf,8,,,,pre,Pre-COVID (2016-2019),results/covid_era_spatial_resolution/pre/model_results.csv
pt,data/country_weather_by_era/pre/weather_era5_pt_capacity_2p0deg.csv,35064,28051,7013,2019-03-14 19:00:00+00:00,2019-12-31 23:00:00+00:00,classification,RandForest,auc,0.6568969007389506,0.8346087713998404,0.1777118706608897,9.269539917004296,2.0,capacity,annual,"2016,2017,2018,2019",data/capacity_weights_pre_and_covid_by_year,20260723T004508Z-92d6e1cf,8,,,,pre,Pre-COVID (2016-2019),results/covid_era_spatial_resolution/pre/model_results.csv
ro,data/country_weather_by_era/pre/weather_era5_ro_capacity_2p0deg.csv,35009,28007,7002,2019-03-15 04:00:00+00:00,2019-12-31 21:00:00+00:00,classification,RandForest,auc,0.8077304050011348,0.8201393158513689,0.0124089108502341,9.781049042008815,2.0,capacity,annual,"2016,2017,2018,2019",data/capacity_weights_pre_and_covid_by_year,20260723T004508Z-92d6e1cf,8,,,,pre,Pre-COVID (2016-2019),results/covid_era_spatial_resolution/pre/model_results.csv
rs,data/country_weather_by_era/pre/weather_era5_rs_capacity_2p0deg.csv,26487,21189,5298,2019-05-25 05:00:00+00:00,2019-12-31 22:00:00+00:00,classification,RandForest,auc,0.6843419062027231,0.5756713313161876,-0.1086705748865354,6.845072083000559,2.0,capacity,annual,"2016,2017,2018,2019",data/capacity_weights_pre_and_covid_by_year,20260723T004508Z-92d6e1cf,8,,,,pre,Pre-COVID (2016-2019),results/covid_era_spatial_resolution/pre/model_results.csv
si,data/country_weather_by_era/pre/weather_era5_si_capacity_2p0deg.csv,35061,28048,7013,2019-03-14 18:00:00+00:00,2019-12-31 22:00:00+00:00,classification,RandForest,auc,0.6774616826980353,0.647085800195795,-0.0303758825022403,9.537554915994406,2.0,capacity,annual,"2016,2017,2018,2019",data/capacity_weights_pre_and_covid_by_year,20260723T004508Z-92d6e1cf,8,,,,pre,Pre-COVID (2016-2019),results/covid_era_spatial_resolution/pre/model_results.csv
sk,data/country_weather_by_era/pre/weather_era5_sk_capacity_2p0deg.csv,34873,27898,6975,2019-03-16 08:00:00+00:00,2019-12-31 22:00:00+00:00,classification,RandForest,auc,,,,0.8053917080396786,2.0,capacity,annual,"2016,2017,2018,2019",data/capacity_weights_pre_and_covid_by_year,20260723T004508Z-92d6e1cf,8,,,,pre,Pre-COVID (2016-2019),results/covid_era_spatial_resolution/pre/model_results.csv
at,data/country_weather_by_era/pre/weather_era5_at_capacity_0p25deg.csv,35063,28050,7013,2019-03-14 18:00:00+00:00,2019-12-31 22:00:00+00:00,regression,GradientBoosting,r2,0.4961037552761327,0.6770620489703609,0.1809582936942282,8.986727625015192,0.25,capacity,annual,"2016,2017,2018,2019",data/capacity_weights_pre_and_covid_by_year,20260723T004508Z-92d6e1cf,8,13.890435006547255,10.768574697659147,3.1218603088881096,pre,Pre-COVID (2016-2019),results/covid_era_spatial_resolution/pre/model_results.csv
be,data/country_weather_by_era/pre/weather_era5_be_capacity_0p25deg.csv,35063,28050,7013,2019-03-14 18:00:00+00:00,2019-12-31 22:00:00+00:00,regression,GradientBoosting,r2,0.0818294581833128,0.7322149868070572,0.6503855286237443,0.8055103329825215,0.25,capacity,annual,"2016,2017,2018,2019",data/capacity_weights_pre_and_covid_by_year,20260723T004508Z-92d6e1cf,8,7.036103977392883,3.83431481414889,3.2017891632439928,pre,Pre-COVID (2016-2019),results/covid_era_spatial_resolution/pre/model_results.csv
bg,data/country_weather_by_era/pre/weather_era5_bg_capacity_0p25deg.csv,35062,28049,7013,2019-03-14 17:00:00+00:00,2019-12-31 21:00:00+00:00,regression,GradientBoosting,r2,0.4424698074408367,0.5576602924424165,0.1151904850015798,0.7873029590118676,0.25,capacity,annual,"2016,2017,2018,2019",data/capacity_weights_pre_and_covid_by_year,20260723T004508Z-92d6e1cf,8,4.974532314217534,4.264492133501062,0.7100401807164713,pre,Pre-COVID (2016-2019),results/covid_era_spatial_resolution/pre/model_results.csv
cz,data/country_weather_by_era/pre/weather_era5_cz_capacity_0p25deg.csv,35041,28032,7009,2019-03-14 18:00:00+00:00,2019-12-31 22:00:00+00:00,regression,GradientBoosting,r2,0.6559870682110591,0.8356830616192816,0.1796959934082225,0.7831642919918522,0.25,capacity,annual,"2016,2017,2018,2019",data/capacity_weights_pre_and_covid_by_year,20260723T004508Z-92d6e1cf,8,2.1063144384003674,1.5686179187106624,0.537696519689705,pre,Pre-COVID (2016-2019),results/covid_era_spatial_resolution/pre/model_results.csv
de,data/country_weather_by_era/pre/weather_era5_de_capacity_0p25deg.csv,35063,28050,7013,2019-03-14 18:00:00+00:00,2019-12-31 22:00:00+00:00,regression,GradientBoosting,r2,0.2405425301618055,0.8465173854192334,0.6059748552574279,8.181156040984206,0.25,capacity,annual,"2016,2017,2018,2019",data/capacity_weights_pre_and_covid_by_year,20260723T004508Z-92d6e1cf,8,11.728238543511983,5.012866019104343,6.715372524407642,pre,Pre-COVID (2016-2019),results/covid_era_spatial_resolution/pre/model_results.csv
dk,data/country_weather_by_era/pre/weather_era5_dk_capacity_0p25deg.csv,35063,28050,7013,2019-03-14 18:00:00+00:00,2019-12-31 22:00:00+00:00,regression,GradientBoosting,r2,0.0436025566717506,0.8542207155439998,0.8106181588722492,7.910975417005829,0.25,capacity,annual,"2016,2017,2018,2019",data/capacity_weights_pre_and_covid_by_year,20260723T004508Z-92d6e1cf,8,25.48769626163998,9.383318315404177,16.104377946235804,pre,Pre-COVID (2016-2019),results/covid_era_spatial_resolution/pre/model_results.csv
es,data/country_weather_by_era/pre/weather_era5_es_capacity_0p25deg.csv,35054,28043,7011,2019-03-14 15:00:00+00:00,2019-12-31 22:00:00+00:00,regression,GradientBoosting,r2,-0.0869720831797029,0.6110788279089772,0.6980509110886801,7.631886790972203,0.25,capacity,annual,"2016,2017,2018,2019",data/capacity_weights_pre_and_covid_by_year,20260723T004508Z-92d6e1cf,8,10.300944188660576,6.2095231391522345,4.09142104950834,pre,Pre-COVID (2016-2019),results/covid_era_spatial_resolution/pre/model_results.csv
fr,data/country_weather_by_era/pre/weather_era5_fr_capacity_0p25deg.csv,35003,28002,7001,2019-03-14 21:00:00+00:00,2019-12-31 22:00:00+00:00,regression,GradientBoosting,r2,-0.3576132169728709,0.3424541702740259,0.7000673872468969,2.1364545420510694,0.25,capacity,annual,"2016,2017,2018,2019",data/capacity_weights_pre_and_covid_by_year,20260723T004508Z-92d6e1cf,8,5.11851053516646,3.7723926589968855,1.346117876169575,pre,Pre-COVID (2016-2019),results/covid_era_spatial_resolution/pre/model_results.csv
gr,data/country_weather_by_era/pre/weather_era5_gr_capacity_0p25deg.csv,35023,28018,7005,2019-03-14 23:00:00+00:00,2019-12-31 21:00:00+00:00,regression,GradientBoosting,r2,0.3832649892319646,0.7796286442548446,0.3963636550228799,6.436872707970906,0.25,capacity,annual,"2016,2017,2018,2019",data/capacity_weights_pre_and_covid_by_year,20260723T004508Z-92d6e1cf,8,6.897883376998204,3.961197369198119,2.936686007800085,pre,Pre-COVID (2016-2019),results/covid_era_spatial_resolution/pre/model_results.csv
hr,data/country_weather_by_era/pre/weather_era5_hr_capacity_0p25deg.csv,8760,7008,1752,2019-10-19 23:00:00+00:00,2019-12-31 22:00:00+00:00,regression,GradientBoosting,r2,-1.6192286612221976,-1.1122212219578902,0.5070074392643074,3.1614995839772746,0.25,capacity,annual,"2016,2017,2018,2019",data/capacity_weights_pre_and_covid_by_year,20260723T004508Z-92d6e1cf,8,32.22091106788874,29.27562312090249,2.9452879469862516,pre,Pre-COVID (2016-2019),results/covid_era_spatial_resolution/pre/model_results.csv
ie,data/country_weather_by_era/pre/weather_era5_ie_capacity_0p25deg.csv,34879,27903,6976,2019-03-15 16:00:00+00:00,2019-12-31 23:00:00+00:00,regression,GradientBoosting,r2,0.0099800380931569,0.8678155257235705,0.8578354876304135,8.272875541995745,0.25,capacity,annual,"2016,2017,2018,2019",data/capacity_weights_pre_and_covid_by_year,20260723T004508Z-92d6e1cf,8,18.617262859141192,6.319461451733222,12.29780140740797,pre,Pre-COVID (2016-2019),results/covid_era_spatial_resolution/pre/model_results.csv
lt,data/country_weather_by_era/pre/weather_era5_lt_capacity_0p25deg.csv,34352,27481,6871,2019-03-19 09:00:00+00:00,2019-12-31 21:00:00+00:00,regression,GradientBoosting,r2,0.1020377408815622,0.8647871327525463,0.762749391870984,5.945328082947526,0.25,capacity,annual,"2016,2017,2018,2019",data/capacity_weights_pre_and_covid_by_year,20260723T004508Z-92d6e1cf,8,6.839638314678356,2.5976553239349207,4.241982990743436,pre,Pre-COVID (2016-2019),results/covid_era_spatial_resolution/pre/model_results.csv
lv,data/country_weather_by_era/pre/weather_era5_lv_capacity_0p25deg.csv,34992,27993,6999,2019-03-14 06:00:00+00:00,2019-12-31 21:00:00+00:00,regression,GradientBoosting,r2,0.16411355877043,-0.0338978168086558,-0.1980113755790858,9.519911416980904,0.25,capacity,annual,"2016,2017,2018,2019",data/capacity_weights_pre_and_covid_by_year,20260723T004508Z-92d6e1cf,8,20.99451792190991,22.518433815447167,-1.5239158935372572,pre,Pre-COVID (2016-2019),results/covid_era_spatial_resolution/pre/model_results.csv
nl,data/country_weather_by_era/pre/weather_era5_nl_capacity_0p25deg.csv,35063,28050,7013,2019-03-14 18:00:00+00:00,2019-12-31 22:00:00+00:00,regression,GradientBoosting,r2,-0.1945913864609201,0.4917355864231443,0.6863269728840644,0.6533937090425752,0.25,capacity,annual,"2016,2017,2018,2019",data/capacity_weights_pre_and_covid_by_year,20260723T004508Z-92d6e1cf,8,3.561537360405521,2.446087346713577,1.115450013691944,pre,Pre-COVID (2016-2019),results/covid_era_spatial_resolution/pre/model_results.csv
pt,data/country_weather_by_era/pre/weather_era5_pt_capacity_0p25deg.csv,35064,28051,7013,2019-03-14 19:00:00+00:00,2019-12-31 23:00:00+00:00,regression,GradientBoosting,r2,-0.0804644649177241,0.4359259485102027,0.5163904134279269,9.030168249970302,0.25,capacity,annual,"2016,2017,2018,2019",data/capacity_weights_pre_and_covid_by_year,20260723T004508Z-92d6e1cf,8,17.86528061484563,12.342593939738052,5.522686675107579,pre,Pre-COVID (2016-2019),results/covid_era_spatial_resolution/pre/model_results.csv
ro,data/country_weather_by_era/pre/weather_era5_ro_capacity_0p25deg.csv,35009,28007,7002,2019-03-15 04:00:00+00:00,2019-12-31 21:00:00+00:00,regression,GradientBoosting,r2,0.3692445363366243,0.5450837021284147,0.1758391657917903,9.417001666966826,0.25,capacity,annual,"2016,2017,2018,2019",data/capacity_weights_pre_and_covid_by_year,20260723T004508Z-92d6e1cf,8,9.81303263330194,7.981165423394128,1.831867209907812,pre,Pre-COVID (2016-2019),results/covid_era_spatial_resolution/pre/model_results.csv
rs,data/country_weather_by_era/pre/weather_era5_rs_capacity_0p25deg.csv,26487,21189,5298,2019-05-25 05:00:00+00:00,2019-12-31 22:00:00+00:00,regression,GradientBoosting,r2,0.4597746709361293,0.3949767993818891,-0.0647978715542402,6.768724458001088,0.25,capacity,annual,"2016,2017,2018,2019",data/capacity_weights_pre_and_covid_by_year,20260723T004508Z-92d6e1cf,8,4.8317197346199565,5.141463565025004,-0.309743830405047,pre,Pre-COVID (2016-2019),results/covid_era_spatial_resolution/pre/model_results.csv
si,data/country_weather_by_era/pre/weather_era5_si_capacity_0p25deg.csv,35061,28048,7013,2019-03-14 18:00:00+00:00,2019-12-31 22:00:00+00:00,regression,GradientBoosting,r2,0.2256348149460545,0.1789742149645086,-0.0466605999815459,9.486585167003796,0.25,capacity,annual,"2016,2017,2018,2019",data/capacity_weights_pre_and_covid_by_year,20260723T004508Z-92d6e1cf,8,10.793224349449606,11.014713058104418,-0.221488708654812,pre,Pre-COVID (2016-2019),results/covid_era_spatial_resolution/pre/model_results.csv
sk,data/country_weather_by_era/pre/weather_era5_sk_capacity_0p25deg.csv,34873,27898,6975,2019-03-16 08:00:00+00:00,2019-12-31 22:00:00+00:00,regression,GradientBoosting,r2,0.0975528074582174,0.077658886358466,-0.0198939210997514,0.7964580419939011,0.25,capacity,annual,"2016,2017,2018,2019",data/capacity_weights_pre_and_covid_by_year,20260723T004508Z-92d6e1cf,8,4.887767955863194,4.963579239603412,-0.0758112837402178,pre,Pre-COVID (2016-2019),results/covid_era_spatial_resolution/pre/model_results.csv
at,data/country_weather_by_era/pre/weather_era5_at_capacity_0p5deg.csv,35063,28050,7013,2019-03-14 18:00:00+00:00,2019-12-31 22:00:00+00:00,regression,GradientBoosting,r2,0.4961037552761327,0.6764210124313015,0.1803172571551687,9.09417499997653,0.5,capacity,annual,"2016,2017,2018,2019",data/capacity_weights_pre_and_covid_by_year,20260723T004508Z-92d6e1cf,8,13.890435006547255,10.783454420774222,3.1069805857730355,pre,Pre-COVID (2016-2019),results/covid_era_spatial_resolution/pre/model_results.csv
be,data/country_weather_by_era/pre/weather_era5_be_capacity_0p5deg.csv,35063,28050,7013,2019-03-14 18:00:00+00:00,2019-12-31 22:00:00+00:00,regression,GradientBoosting,r2,0.0818294581833128,0.7310400423251164,0.6492105841418035,0.8915484580211341,0.5,capacity,annual,"2016,2017,2018,2019",data/capacity_weights_pre_and_covid_by_year,20260723T004508Z-92d6e1cf,8,7.036103977392883,3.842177473119983,3.1939265042728997,pre,Pre-COVID (2016-2019),results/covid_era_spatial_resolution/pre/model_results.csv
bg,data/country_weather_by_era/pre/weather_era5_bg_capacity_0p5deg.csv,35062,28049,7013,2019-03-14 17:00:00+00:00,2019-12-31 21:00:00+00:00,regression,GradientBoosting,r2,0.4424698074408367,0.5596359322107103,0.1171661247698735,0.8075964999734424,0.5,capacity,annual,"2016,2017,2018,2019",data/capacity_weights_pre_and_covid_by_year,20260723T004508Z-92d6e1cf,8,4.974532314217534,4.2523232228047565,0.7222090914127772,pre,Pre-COVID (2016-2019),results/covid_era_spatial_resolution/pre/model_results.csv
cz,data/country_weather_by_era/pre/weather_era5_cz_capacity_0p5deg.csv,35041,28032,7009,2019-03-14 18:00:00+00:00,2019-12-31 22:00:00+00:00,regression,GradientBoosting,r2,0.6559870682110591,0.8351612920774328,0.1791742238663737,0.7852570840041153,0.5,capacity,annual,"2016,2017,2018,2019",data/capacity_weights_pre_and_covid_by_year,20260723T004508Z-92d6e1cf,8,2.1063144384003674,1.5725095410804395,0.5338048973199279,pre,Pre-COVID (2016-2019),results/covid_era_spatial_resolution/pre/model_results.csv
de,data/country_weather_by_era/pre/weather_era5_de_capacity_0p5deg.csv,35063,28050,7013,2019-03-14 18:00:00+00:00,2019-12-31 22:00:00+00:00,regression,GradientBoosting,r2,0.2405425301618055,0.8437752959235076,0.6032327657617021,9.24846808303846,0.5,capacity,annual,"2016,2017,2018,2019",data/capacity_weights_pre_and_covid_by_year,20260723T004508Z-92d6e1cf,8,11.728238543511983,5.077400706250227,6.650837837261758,pre,Pre-COVID (2016-2019),results/covid_era_spatial_resolution/pre/model_results.csv
dk,data/country_weather_by_era/pre/weather_era5_dk_capacity_0p5deg.csv,35063,28050,7013,2019-03-14 18:00:00+00:00,2019-12-31 22:00:00+00:00,regression,GradientBoosting,r2,0.0436025566717506,0.8549326639104018,0.8113301072386512,8.855994542012922,0.5,capacity,annual,"2016,2017,2018,2019",data/capacity_weights_pre_and_covid_by_year,20260723T004508Z-92d6e1cf,8,25.48769626163998,9.36053792200238,16.127158339637596,pre,Pre-COVID (2016-2019),results/covid_era_spatial_resolution/pre/model_results.csv
es,data/country_weather_by_era/pre/weather_era5_es_capacity_0p5deg.csv,35054,28043,7011,2019-03-14 15:00:00+00:00,2019-12-31 22:00:00+00:00,regression,GradientBoosting,r2,-0.0869720831797029,0.6103614185482689,0.6973335017279718,9.170858875033446,0.5,capacity,annual,"2016,2017,2018,2019",data/capacity_weights_pre_and_covid_by_year,20260723T004508Z-92d6e1cf,8,10.300944188660576,6.2125275470859345,4.08841664157464,pre,Pre-COVID (2016-2019),results/covid_era_spatial_resolution/pre/model_results.csv
fr,data/country_weather_by_era/pre/weather_era5_fr_capacity_0p5deg.csv,35003,28002,7001,2019-03-14 21:00:00+00:00,2019-12-31 22:00:00+00:00,regression,GradientBoosting,r2,-0.3576132169728709,0.3475558198952524,0.7051690368681234,0.9103773329989052,0.5,capacity,annual,"2016,2017,2018,2019",data/capacity_weights_pre_and_covid_by_year,20260723T004508Z-92d6e1cf,8,5.11851053516646,3.745810269570855,1.372700265595605,pre,Pre-COVID (2016-2019),results/covid_era_spatial_resolution/pre/model_results.csv
gr,data/country_weather_by_era/pre/weather_era5_gr_capacity_0p5deg.csv,35023,28018,7005,2019-03-14 23:00:00+00:00,2019-12-31 21:00:00+00:00,regression,GradientBoosting,r2,0.3832649892319646,0.7749192796389612,0.3916542904069966,7.038888166018296,0.5,capacity,annual,"2016,2017,2018,2019",data/capacity_weights_pre_and_covid_by_year,20260723T004508Z-92d6e1cf,8,6.897883376998204,4.020382776844759,2.8775006001534456,pre,Pre-COVID (2016-2019),results/covid_era_spatial_resolution/pre/model_results.csv
hr,data/country_weather_by_era/pre/weather_era5_hr_capacity_0p5deg.csv,8760,7008,1752,2019-10-19 23:00:00+00:00,2019-12-31 22:00:00+00:00,regression,GradientBoosting,r2,-1.6192286612221976,-1.152216226972925,0.4670124342492725,3.3701979580218904,0.5,capacity,annual,"2016,2017,2018,2019",data/capacity_weights_pre_and_covid_by_year,20260723T004508Z-92d6e1cf,8,32.22091106788874,29.59853964159105,2.622371426297694,pre,Pre-COVID (2016-2019),results/covid_era_spatial_resolution/pre/model_results.csv
ie,data/country_weather_by_era/pre/weather_era5_ie_capacity_0p5deg.csv,34879,27903,6976,2019-03-15 16:00:00+00:00,2019-12-31 23:00:00+00:00,regression,GradientBoosting,r2,0.0099800380931569,0.8600308224525586,0.8500507843594016,8.273157666029874,0.5,capacity,annual,"2016,2017,2018,2019",data/capacity_weights_pre_and_covid_by_year,20260723T004508Z-92d6e1cf,8,18.617262859141192,6.479937938158674,12.137324920982518,pre,Pre-COVID (2016-2019),results/covid_era_spatial_resolution/pre/model_results.csv
lt,data/country_weather_by_era/pre/weather_era5_lt_capacity_0p5deg.csv,34352,27481,6871,2019-03-19 09:00:00+00:00,2019-12-31 21:00:00+00:00,regression,GradientBoosting,r2,0.1020377408815622,0.8622741272931229,0.7602363864115607,5.85178491595434,0.5,capacity,annual,"2016,2017,2018,2019",data/capacity_weights_pre_and_covid_by_year,20260723T004508Z-92d6e1cf,8,6.839638314678356,2.629752106730194,4.209886207948163,pre,Pre-COVID (2016-2019),results/covid_era_spatial_resolution/pre/model_results.csv
lv,data/country_weather_by_era/pre/weather_era5_lv_capacity_0p5deg.csv,34992,27993,6999,2019-03-14 06:00:00+00:00,2019-12-31 21:00:00+00:00,regression,GradientBoosting,r2,0.16411355877043,-0.0749855902314959,-0.2390991490019259,9.592019292002078,0.5,capacity,annual,"2016,2017,2018,2019",data/capacity_weights_pre_and_covid_by_year,20260723T004508Z-92d6e1cf,8,20.99451792190991,22.775297793396724,-1.7807798714868142,pre,Pre-COVID (2016-2019),results/covid_era_spatial_resolution/pre/model_results.csv
nl,data/country_weather_by_era/pre/weather_era5_nl_capacity_0p5deg.csv,35063,28050,7013,2019-03-14 18:00:00+00:00,2019-12-31 22:00:00+00:00,regression,GradientBoosting,r2,-0.1945913864609201,0.4832821699203283,0.6778735563812485,0.630193125049118,0.5,capacity,annual,"2016,2017,2018,2019",data/capacity_weights_pre_and_covid_by_year,20260723T004508Z-92d6e1cf,8,3.561537360405521,2.4595780402288954,1.1019593201766256,pre,Pre-COVID (2016-2019),results/covid_era_spatial_resolution/pre/model_results.csv
pt,data/country_weather_by_era/pre/weather_era5_pt_capacity_0p5deg.csv,35064,28051,7013,2019-03-14 19:00:00+00:00,2019-12-31 23:00:00+00:00,regression,GradientBoosting,r2,-0.0804644649177241,0.4339455471906339,0.5144100121083581,8.959590458951425,0.5,capacity,annual,"2016,2017,2018,2019",data/capacity_weights_pre_and_covid_by_year,20260723T004508Z-92d6e1cf,8,17.86528061484563,12.380052032540869,5.485228582304764,pre,Pre-COVID (2016-2019),results/covid_era_spatial_resolution/pre/model_results.csv
ro,data/country_weather_by_era/pre/weather_era5_ro_capacity_0p5deg.csv,35009,28007,7002,2019-03-15 04:00:00+00:00,2019-12-31 21:00:00+00:00,regression,GradientBoosting,r2,0.3692445363366243,0.5578985164148199,0.1886539800781955,9.803642915969249,0.5,capacity,annual,"2016,2017,2018,2019",data/capacity_weights_pre_and_covid_by_year,20260723T004508Z-92d6e1cf,8,9.81303263330194,7.838050780249506,1.9749818530524343,pre,Pre-COVID (2016-2019),results/covid_era_spatial_resolution/pre/model_results.csv
rs,data/country_weather_by_era/pre/weather_era5_rs_capacity_0p5deg.csv,26487,21189,5298,2019-05-25 05:00:00+00:00,2019-12-31 22:00:00+00:00,regression,GradientBoosting,r2,0.4597746709361293,0.3918884881349481,-0.0678861828011812,6.7708151250262745,0.5,capacity,annual,"2016,2017,2018,2019",data/capacity_weights_pre_and_covid_by_year,20260723T004508Z-92d6e1cf,8,4.8317197346199565,5.173705816400535,-0.3419860817805782,pre,Pre-COVID (2016-2019),results/covid_era_spatial_resolution/pre/model_results.csv
si,data/country_weather_by_era/pre/weather_era5_si_capacity_0p5deg.csv,35061,28048,7013,2019-03-14 18:00:00+00:00,2019-12-31 22:00:00+00:00,regression,GradientBoosting,r2,0.2256348149460545,0.1726918468555729,-0.0529429680904816,9.655965249985456,0.5,capacity,annual,"2016,2017,2018,2019",data/capacity_weights_pre_and_covid_by_year,20260723T004508Z-92d6e1cf,8,10.793224349449606,11.04166444615066,-0.2484400967010547,pre,Pre-COVID (2016-2019),results/covid_era_spatial_resolution/pre/model_results.csv
sk,data/country_weather_by_era/pre/weather_era5_sk_capacity_0p5deg.csv,34873,27898,6975,2019-03-16 08:00:00+00:00,2019-12-31 22:00:00+00:00,regression,GradientBoosting,r2,0.0975528074582174,0.0814046948287586,-0.0161481126294588,0.8011782909743488,0.5,capacity,annual,"2016,2017,2018,2019",data/capacity_weights_pre_and_covid_by_year,20260723T004508Z-92d6e1cf,8,4.887767955863194,4.965423316263344,-0.0776553604001497,pre,Pre-COVID (2016-2019),results/covid_era_spatial_resolution/pre/model_results.csv
at,data/country_weather_by_era/pre/weather_era5_at_capacity_1p0deg.csv,35063,28050,7013,2019-03-14 18:00:00+00:00,2019-12-31 22:00:00+00:00,regression,GradientBoosting,r2,0.4961037552761327,0.6608970658380755,0.1647933105619428,9.10419650003314,1.0,capacity,annual,"2016,2017,2018,2019",data/capacity_weights_pre_and_covid_by_year,20260723T004508Z-92d6e1cf,8,13.890435006547255,11.11879266324207,2.771642343305187,pre,Pre-COVID (2016-2019),results/covid_era_spatial_resolution/pre/model_results.csv
be,data/country_weather_by_era/pre/weather_era5_be_capacity_1p0deg.csv,35063,28050,7013,2019-03-14 18:00:00+00:00,2019-12-31 22:00:00+00:00,regression,GradientBoosting,r2,0.0818294581833128,0.7358594426705101,0.6540299844871972,0.8364542499766685,1.0,capacity,annual,"2016,2017,2018,2019",data/capacity_weights_pre_and_covid_by_year,20260723T004508Z-92d6e1cf,8,7.036103977392883,3.81659755926833,3.2195064181245527,pre,Pre-COVID (2016-2019),results/covid_era_spatial_resolution/pre/model_results.csv
bg,data/country_weather_by_era/pre/weather_era5_bg_capacity_1p0deg.csv,35062,28049,7013,2019-03-14 17:00:00+00:00,2019-12-31 21:00:00+00:00,regression,GradientBoosting,r2,0.4424698074408367,0.5544958166564177,0.1120260092155809,0.7973909999709576,1.0,capacity,annual,"2016,2017,2018,2019",data/capacity_weights_pre_and_covid_by_year,20260723T004508Z-92d6e1cf,8,4.974532314217534,4.251709233174494,0.7228230810430398,pre,Pre-COVID (2016-2019),results/covid_era_spatial_resolution/pre/model_results.csv
cz,data/country_weather_by_era/pre/weather_era5_cz_capacity_1p0deg.csv,35041,28032,7009,2019-03-14 18:00:00+00:00,2019-12-31 22:00:00+00:00,regression,GradientBoosting,r2,0.6559870682110591,0.8353220184683672,0.179334950257308,0.7658878749934956,1.0,capacity,annual,"2016,2017,2018,2019",data/capacity_weights_pre_and_covid_by_year,20260723T004508Z-92d6e1cf,8,2.1063144384003674,1.5731691399957537,0.5331452984046137,pre,Pre-COVID (2016-2019),results/covid_era_spatial_resolution/pre/model_results.csv
de,data/country_weather_by_era/pre/weather_era5_de_capacity_1p0deg.csv,35063,28050,7013,2019-03-14 18:00:00+00:00,2019-12-31 22:00:00+00:00,regression,GradientBoosting,r2,0.2405425301618055,0.844366384921781,0.6038238547599755,9.3289085830329,1.0,capacity,annual,"2016,2017,2018,2019",data/capacity_weights_pre_and_covid_by_year,20260723T004508Z-92d6e1cf,8,11.728238543511983,5.064047737961165,6.66419080555082,pre,Pre-COVID (2016-2019),results/covid_era_spatial_resolution/pre/model_results.csv
dk,data/country_weather_by_era/pre/weather_era5_dk_capacity_1p0deg.csv,35063,28050,7013,2019-03-14 18:00:00+00:00,2019-12-31 22:00:00+00:00,regression,GradientBoosting,r2,0.0436025566717506,0.8543600620965184,0.8107575054247678,8.913334374956321,1.0,capacity,annual,"2016,2017,2018,2019",data/capacity_weights_pre_and_covid_by_year,20260723T004508Z-92d6e1cf,8,25.48769626163998,9.366946209510832,16.120750052129146,pre,Pre-COVID (2016-2019),results/covid_era_spatial_resolution/pre/model_results.csv
es,data/country_weather_by_era/pre/weather_era5_es_capacity_1p0deg.csv,35054,28043,7011,2019-03-14 15:00:00+00:00,2019-12-31 22:00:00+00:00,regression,GradientBoosting,r2,-0.0869720831797029,0.6005786199348757,0.6875507031145787,9.026575749972835,1.0,capacity,annual,"2016,2017,2018,2019",data/capacity_weights_pre_and_covid_by_year,20260723T004508Z-92d6e1cf,8,10.300944188660576,6.308589662334581,3.992354526325993,pre,Pre-COVID (2016-2019),results/covid_era_spatial_resolution/pre/model_results.csv
fr,data/country_weather_by_era/pre/weather_era5_fr_capacity_1p0deg.csv,35003,28002,7001,2019-03-14 21:00:00+00:00,2019-12-31 22:00:00+00:00,regression,GradientBoosting,r2,-0.3576132169728709,0.3475246902849811,0.7051379072578521,0.911288708972279,1.0,capacity,annual,"2016,2017,2018,2019",data/capacity_weights_pre_and_covid_by_year,20260723T004508Z-92d6e1cf,8,5.11851053516646,3.764353383338321,1.3541571518281392,pre,Pre-COVID (2016-2019),results/covid_era_spatial_resolution/pre/model_results.csv
gr,data/country_weather_by_era/pre/weather_era5_gr_capacity_1p0deg.csv,35023,28018,7005,2019-03-14 23:00:00+00:00,2019-12-31 21:00:00+00:00,regression,GradientBoosting,r2,0.3832649892319646,0.7782144480444321,0.3949494588124674,6.995338167005684,1.0,capacity,annual,"2016,2017,2018,2019",data/capacity_weights_pre_and_covid_by_year,20260723T004508Z-92d6e1cf,8,6.897883376998204,3.982968288015395,2.914915088982809,pre,Pre-COVID (2016-2019),results/covid_era_spatial_resolution/pre/model_results.csv
hr,data/country_weather_by_era/pre/weather_era5_hr_capacity_1p0deg.csv,8760,7008,1752,2019-10-19 23:00:00+00:00,2019-12-31 22:00:00+00:00,regression,GradientBoosting,r2,-1.6192286612221976,-1.099714896274552,0.5195137649476456,3.303520457993727,1.0,capacity,annual,"2016,2017,2018,2019",data/capacity_weights_pre_and_covid_by_year,20260723T004508Z-92d6e1cf,8,32.22091106788874,29.161133050206633,3.0597780176821097,pre,Pre-COVID (2016-2019),results/covid_era_spatial_resolution/pre/model_results.csv
ie,data/country_weather_by_era/pre/weather_era5_ie_capacity_1p0deg.csv,34879,27903,6976,2019-03-15 16:00:00+00:00,2019-12-31 23:00:00+00:00,regression,GradientBoosting,r2,0.0099800380931569,0.8577354218461605,0.8477553837530035,8.102404374978505,1.0,capacity,annual,"2016,2017,2018,2019",data/capacity_weights_pre_and_covid_by_year,20260723T004508Z-92d6e1cf,8,18.617262859141192,6.526804002148628,12.090458856992564,pre,Pre-COVID (2016-2019),results/covid_era_spatial_resolution/pre/model_results.csv
lt,data/country_weather_by_era/pre/weather_era5_lt_capacity_1p0deg.csv,34352,27481,6871,2019-03-19 09:00:00+00:00,2019-12-31 21:00:00+00:00,regression,GradientBoosting,r2,0.1020377408815622,0.8631365133983455,0.7610987725167833,5.926332041970454,1.0,capacity,annual,"2016,2017,2018,2019",data/capacity_weights_pre_and_covid_by_year,20260723T004508Z-92d6e1cf,8,6.839638314678356,2.6123304888654104,4.227307825812946,pre,Pre-COVID (2016-2019),results/covid_era_spatial_resolution/pre/model_results.csv
lv,data/country_weather_by_era/pre/weather_era5_lv_capacity_1p0deg.csv,34992,27993,6999,2019-03-14 06:00:00+00:00,2019-12-31 21:00:00+00:00,regression,GradientBoosting,r2,0.16411355877043,-0.1226458290627214,-0.2867593878331514,9.525074375036638,1.0,capacity,annual,"2016,2017,2018,2019",data/capacity_weights_pre_and_covid_by_year,20260723T004508Z-92d6e1cf,8,20.99451792190991,23.094945240920925,-2.1004273190110148,pre,Pre-COVID (2016-2019),results/covid_era_spatial_resolution/pre/model_results.csv
nl,data/country_weather_by_era/pre/weather_era5_nl_capacity_1p0deg.csv,35063,28050,7013,2019-03-14 18:00:00+00:00,2019-12-31 22:00:00+00:00,regression,GradientBoosting,r2,-0.1945913864609201,0.4897317314228601,0.6843231178837802,0.6838644170202315,1.0,capacity,annual,"2016,2017,2018,2019",data/capacity_weights_pre_and_covid_by_year,20260723T004508Z-92d6e1cf,8,3.561537360405521,2.4549965936401437,1.1065407667653773,pre,Pre-COVID (2016-2019),results/covid_era_spatial_resolution/pre/model_results.csv
pt,data/country_weather_by_era/pre/weather_era5_pt_capacity_1p0deg.csv,35064,28051,7013,2019-03-14 19:00:00+00:00,2019-12-31 23:00:00+00:00,regression,GradientBoosting,r2,-0.0804644649177241,0.4272657826842811,0.5077302476020054,9.152557833993342,1.0,capacity,annual,"2016,2017,2018,2019",data/capacity_weights_pre_and_covid_by_year,20260723T004508Z-92d6e1cf,8,17.86528061484563,12.562660045386504,5.302620569459128,pre,Pre-COVID (2016-2019),results/covid_era_spatial_resolution/pre/model_results.csv
ro,data/country_weather_by_era/pre/weather_era5_ro_capacity_1p0deg.csv,35009,28007,7002,2019-03-15 04:00:00+00:00,2019-12-31 21:00:00+00:00,regression,GradientBoosting,r2,0.3692445363366243,0.5708443762949083,0.2015998399582839,9.40381783299381,1.0,capacity,annual,"2016,2017,2018,2019",data/capacity_weights_pre_and_covid_by_year,20260723T004508Z-92d6e1cf,8,9.81303263330194,7.694809302274232,2.118223331027708,pre,Pre-COVID (2016-2019),results/covid_era_spatial_resolution/pre/model_results.csv
rs,data/country_weather_by_era/pre/weather_era5_rs_capacity_1p0deg.csv,26487,21189,5298,2019-05-25 05:00:00+00:00,2019-12-31 22:00:00+00:00,regression,GradientBoosting,r2,0.4597746709361293,0.3913820904385321,-0.0683925804975972,6.7265847499947995,1.0,capacity,annual,"2016,2017,2018,2019",data/capacity_weights_pre_and_covid_by_year,20260723T004508Z-92d6e1cf,8,4.8317197346199565,5.173414565606396,-0.3416948309864391,pre,Pre-COVID (2016-2019),results/covid_era_spatial_resolution/pre/model_results.csv
si,data/country_weather_by_era/pre/weather_era5_si_capacity_1p0deg.csv,35061,28048,7013,2019-03-14 18:00:00+00:00,2019-12-31 22:00:00+00:00,regression,GradientBoosting,r2,0.2256348149460545,0.1802898635942553,-0.0453449513517991,9.55660412501311,1.0,capacity,annual,"2016,2017,2018,2019",data/capacity_weights_pre_and_covid_by_year,20260723T004508Z-92d6e1cf,8,10.793224349449606,11.008809970759318,-0.215585621309712,pre,Pre-COVID (2016-2019),results/covid_era_spatial_resolution/pre/model_results.csv
sk,data/country_weather_by_era/pre/weather_era5_sk_capacity_1p0deg.csv,34873,27898,6975,2019-03-16 08:00:00+00:00,2019-12-31 22:00:00+00:00,regression,GradientBoosting,r2,0.0975528074582174,0.0986553476232402,0.0011025401650227,0.8087527089519426,1.0,capacity,annual,"2016,2017,2018,2019",data/capacity_weights_pre_and_covid_by_year,20260723T004508Z-92d6e1cf,8,4.887767955863194,4.921593647431543,-0.0338256915683485,pre,Pre-COVID (2016-2019),results/covid_era_spatial_resolution/pre/model_results.csv
at,data/country_weather_by_era/pre/weather_era5_at_capacity_2p0deg.csv,35063,28050,7013,2019-03-14 18:00:00+00:00,2019-12-31 22:00:00+00:00,regression,GradientBoosting,r2,0.4961037552761327,0.641039910490194,0.1449361552140613,8.655108665989246,2.0,capacity,annual,"2016,2017,2018,2019",data/capacity_weights_pre_and_covid_by_year,20260723T004508Z-92d6e1cf,8,13.890435006547255,11.362635872692094,2.5277991338551633,pre,Pre-COVID (2016-2019),results/covid_era_spatial_resolution/pre/model_results.csv
be,data/country_weather_by_era/pre/weather_era5_be_capacity_2p0deg.csv,35063,28050,7013,2019-03-14 18:00:00+00:00,2019-12-31 22:00:00+00:00,regression,GradientBoosting,r2,0.0818294581833128,0.7246618574120864,0.6428323992287736,0.7954711249913089,2.0,capacity,annual,"2016,2017,2018,2019",data/capacity_weights_pre_and_covid_by_year,20260723T004508Z-92d6e1cf,8,7.036103977392883,3.887206837515845,3.148897139877038,pre,Pre-COVID (2016-2019),results/covid_era_spatial_resolution/pre/model_results.csv
bg,data/country_weather_by_era/pre/weather_era5_bg_capacity_2p0deg.csv,35062,28049,7013,2019-03-14 17:00:00+00:00,2019-12-31 21:00:00+00:00,regression,GradientBoosting,r2,0.4424698074408367,0.557230820690592,0.1147610132497553,0.7885241659823805,2.0,capacity,annual,"2016,2017,2018,2019",data/capacity_weights_pre_and_covid_by_year,20260723T004508Z-92d6e1cf,8,4.974532314217534,4.264665108442416,0.7098672057751179,pre,Pre-COVID (2016-2019),results/covid_era_spatial_resolution/pre/model_results.csv
cz,data/country_weather_by_era/pre/weather_era5_cz_capacity_2p0deg.csv,35041,28032,7009,2019-03-14 18:00:00+00:00,2019-12-31 22:00:00+00:00,regression,GradientBoosting,r2,0.6559870682110591,0.8343752339817664,0.1783881657707072,0.75718658400001,2.0,capacity,annual,"2016,2017,2018,2019",data/capacity_weights_pre_and_covid_by_year,20260723T004508Z-92d6e1cf,8,2.1063144384003674,1.5794850469548176,0.5268293914455497,pre,Pre-COVID (2016-2019),results/covid_era_spatial_resolution/pre/model_results.csv
de,data/country_weather_by_era/pre/weather_era5_de_capacity_2p0deg.csv,35063,28050,7013,2019-03-14 18:00:00+00:00,2019-12-31 22:00:00+00:00,regression,GradientBoosting,r2,0.2405425301618055,0.8352694634845479,0.5947269333227424,9.33299091696972,2.0,capacity,annual,"2016,2017,2018,2019",data/capacity_weights_pre_and_covid_by_year,20260723T004508Z-92d6e1cf,8,11.728238543511983,5.2207451706042916,6.507493372907693,pre,Pre-COVID (2016-2019),results/covid_era_spatial_resolution/pre/model_results.csv
dk,data/country_weather_by_era/pre/weather_era5_dk_capacity_2p0deg.csv,35063,28050,7013,2019-03-14 18:00:00+00:00,2019-12-31 22:00:00+00:00,regression,GradientBoosting,r2,0.0436025566717506,0.8402593058301134,0.7966567491583628,8.945781416026875,2.0,capacity,annual,"2016,2017,2018,2019",data/capacity_weights_pre_and_covid_by_year,20260723T004508Z-92d6e1cf,8,25.48769626163998,9.740944316187388,15.74675194545259,pre,Pre-COVID (2016-2019),results/covid_era_spatial_resolution/pre/model_results.csv
es,data/country_weather_by_era/pre/weather_era5_es_capacity_2p0deg.csv,35054,28043,7011,2019-03-14 15:00:00+00:00,2019-12-31 22:00:00+00:00,regression,GradientBoosting,r2,-0.0869720831797029,0.5832872423558926,0.6702593255355955,9.160126459028106,2.0,capacity,annual,"2016,2017,2018,2019",data/capacity_weights_pre_and_covid_by_year,20260723T004508Z-92d6e1cf,8,10.300944188660576,6.4481410692369,3.8528031194236743,pre,Pre-COVID (2016-2019),results/covid_era_spatial_resolution/pre/model_results.csv
fr,data/country_weather_by_era/pre/weather_era5_fr_capacity_2p0deg.csv,35003,28002,7001,2019-03-14 21:00:00+00:00,2019-12-31 22:00:00+00:00,regression,GradientBoosting,r2,-0.3576132169728709,0.3532425877364918,0.7108558047093628,1.0116230830317363,2.0,capacity,annual,"2016,2017,2018,2019",data/capacity_weights_pre_and_covid_by_year,20260723T004508Z-92d6e1cf,8,5.11851053516646,3.7515832574227312,1.366927277743729,pre,Pre-COVID (2016-2019),results/covid_era_spatial_resolution/pre/model_results.csv
gr,data/country_weather_by_era/pre/weather_era5_gr_capacity_2p0deg.csv,35023,28018,7005,2019-03-14 23:00:00+00:00,2019-12-31 21:00:00+00:00,regression,GradientBoosting,r2,0.3832649892319646,0.7524776722910167,0.3692126830590521,6.816379584022798,2.0,capacity,annual,"2016,2017,2018,2019",data/capacity_weights_pre_and_covid_by_year,20260723T004508Z-92d6e1cf,8,6.897883376998204,4.218748959116993,2.679134417881212,pre,Pre-COVID (2016-2019),results/covid_era_spatial_resolution/pre/model_results.csv
hr,data/country_weather_by_era/pre/weather_era5_hr_capacity_2p0deg.csv,8760,7008,1752,2019-10-19 23:00:00+00:00,2019-12-31 22:00:00+00:00,regression,GradientBoosting,r2,-1.6192286612221976,-1.0057108512335269,0.6135178099886707,3.368676999991294,2.0,capacity,annual,"2016,2017,2018,2019",data/capacity_weights_pre_and_covid_by_year,20260723T004508Z-92d6e1cf,8,32.22091106788874,28.3007916699393,3.920119397949442,pre,Pre-COVID (2016-2019),results/covid_era_spatial_resolution/pre/model_results.csv
ie,data/country_weather_by_era/pre/weather_era5_ie_capacity_2p0deg.csv,34879,27903,6976,2019-03-15 16:00:00+00:00,2019-12-31 23:00:00+00:00,regression,GradientBoosting,r2,0.0099800380931569,0.8495244406081159,0.839544402514959,8.221382999967318,2.0,capacity,annual,"2016,2017,2018,2019",data/capacity_weights_pre_and_covid_by_year,20260723T004508Z-92d6e1cf,8,18.617262859141192,6.7608815149952575,11.856381344145934,pre,Pre-COVID (2016-2019),results/covid_era_spatial_resolution/pre/model_results.csv
lt,data/country_weather_by_era/pre/weather_era5_lt_capacity_2p0deg.csv,34352,27481,6871,2019-03-19 09:00:00+00:00,2019-12-31 21:00:00+00:00,regression,GradientBoosting,r2,0.1020377408815622,0.8519972901469939,0.7499595492654316,5.449128166015726,2.0,capacity,annual,"2016,2017,2018,2019",data/capacity_weights_pre_and_covid_by_year,20260723T004508Z-92d6e1cf,8,6.839638314678356,2.7114584054426043,4.128179909235752,pre,Pre-COVID (2016-2019),results/covid_era_spatial_resolution/pre/model_results.csv
lv,data/country_weather_by_era/pre/weather_era5_lv_capacity_2p0deg.csv,34992,27993,6999,2019-03-14 06:00:00+00:00,2019-12-31 21:00:00+00:00,regression,GradientBoosting,r2,0.16411355877043,-0.0853319687272622,-0.2494455274976922,9.606057374970987,2.0,capacity,annual,"2016,2017,2018,2019",data/capacity_weights_pre_and_covid_by_year,20260723T004508Z-92d6e1cf,8,20.99451792190991,22.869903714053343,-1.8753857921434332,pre,Pre-COVID (2016-2019),results/covid_era_spatial_resolution/pre/model_results.csv
nl,data/country_weather_by_era/pre/weather_era5_nl_capacity_2p0deg.csv,35063,28050,7013,2019-03-14 18:00:00+00:00,2019-12-31 22:00:00+00:00,regression,GradientBoosting,r2,-0.1945913864609201,0.4591100553130866,0.6537014417740067,0.6599627499817871,2.0,capacity,annual,"2016,2017,2018,2019",data/capacity_weights_pre_and_covid_by_year,20260723T004508Z-92d6e1cf,8,3.561537360405521,2.517310807925668,1.044226552479853,pre,Pre-COVID (2016-2019),results/covid_era_spatial_resolution/pre/model_results.csv
pt,data/country_weather_by_era/pre/weather_era5_pt_capacity_2p0deg.csv,35064,28051,7013,2019-03-14 19:00:00+00:00,2019-12-31 23:00:00+00:00,regression,GradientBoosting,r2,-0.0804644649177241,0.3961350411113092,0.4765995060290334,9.269539917004296,2.0,capacity,annual,"2016,2017,2018,2019",data/capacity_weights_pre_and_covid_by_year,20260723T004508Z-92d6e1cf,8,17.86528061484563,13.065053543353994,4.800227071491637,pre,Pre-COVID (2016-2019),results/covid_era_spatial_resolution/pre/model_results.csv
ro,data/country_weather_by_era/pre/weather_era5_ro_capacity_2p0deg.csv,35009,28007,7002,2019-03-15 04:00:00+00:00,2019-12-31 21:00:00+00:00,regression,GradientBoosting,r2,0.3692445363366243,0.5355234601486318,0.1662789238120074,9.781049042008815,2.0,capacity,annual,"2016,2017,2018,2019",data/capacity_weights_pre_and_covid_by_year,20260723T004508Z-92d6e1cf,8,9.81303263330194,8.016705527997093,1.7963271053048473,pre,Pre-COVID (2016-2019),results/covid_era_spatial_resolution/pre/model_results.csv
rs,data/country_weather_by_era/pre/weather_era5_rs_capacity_2p0deg.csv,26487,21189,5298,2019-05-25 05:00:00+00:00,2019-12-31 22:00:00+00:00,regression,GradientBoosting,r2,0.4597746709361293,0.4030332352557422,-0.0567414356803871,6.845072083000559,2.0,capacity,annual,"2016,2017,2018,2019",data/capacity_weights_pre_and_covid_by_year,20260723T004508Z-92d6e1cf,8,4.8317197346199565,5.109427460692706,-0.2777077260727498,pre,Pre-COVID (2016-2019),results/covid_era_spatial_resolution/pre/model_results.csv
si,data/country_weather_by_era/pre/weather_era5_si_capacity_2p0deg.csv,35061,28048,7013,2019-03-14 18:00:00+00:00,2019-12-31 22:00:00+00:00,regression,GradientBoosting,r2,0.2256348149460545,0.1773730140167047,-0.0482618009293498,9.537554915994406,2.0,capacity,annual,"2016,2017,2018,2019",data/capacity_weights_pre_and_covid_by_year,20260723T004508Z-92d6e1cf,8,10.793224349449606,11.029863583912292,-0.2366392344626877,pre,Pre-COVID (2016-2019),results/covid_era_spatial_resolution/pre/model_results.csv
sk,data/country_weather_by_era/pre/weather_era5_sk_capacity_2p0deg.csv,34873,27898,6975,2019-03-16 08:00:00+00:00,2019-12-31 22:00:00+00:00,regression,GradientBoosting,r2,0.0975528074582174,0.0749440475986932,-0.0226087598595242,0.8053917080396786,2.0,capacity,annual,"2016,2017,2018,2019",data/capacity_weights_pre_and_covid_by_year,20260723T004508Z-92d6e1cf,8,4.887767955863194,5.00627727068909,-0.1185093148258955,pre,Pre-COVID (2016-2019),results/covid_era_spatial_resolution/pre/model_results.csv
at,data/country_weather_by_era/pre/weather_era5_at_capacity_0p25deg.csv,35063,28050,7013,2019-03-14 18:00:00+00:00,2019-12-31 22:00:00+00:00,regression,LightGBM,r2,0.497143965942786,0.6738941256348276,0.1767501596920416,8.986727625015192,0.25,capacity,annual,"2016,2017,2018,2019",data/capacity_weights_pre_and_covid_by_year,20260723T004508Z-92d6e1cf,8,13.87947901933043,10.825277021954332,3.054201997376099,pre,Pre-COVID (2016-2019),results/covid_era_spatial_resolution/pre/model_results.csv
be,data/country_weather_by_era/pre/weather_era5_be_capacity_0p25deg.csv,35063,28050,7013,2019-03-14 18:00:00+00:00,2019-12-31 22:00:00+00:00,regression,LightGBM,r2,0.0817545259112659,0.7371461526059533,0.6553916266946873,0.8055103329825215,0.25,capacity,annual,"2016,2017,2018,2019",data/capacity_weights_pre_and_covid_by_year,20260723T004508Z-92d6e1cf,8,7.03113906003516,3.804563242107716,3.2265758179274444,pre,Pre-COVID (2016-2019),results/covid_era_spatial_resolution/pre/model_results.csv
bg,data/country_weather_by_era/pre/weather_era5_bg_capacity_0p25deg.csv,35062,28049,7013,2019-03-14 17:00:00+00:00,2019-12-31 21:00:00+00:00,regression,LightGBM,r2,0.4429260359842488,0.5542374661842607,0.1113114302000118,0.7873029590118676,0.25,capacity,annual,"2016,2017,2018,2019",data/capacity_weights_pre_and_covid_by_year,20260723T004508Z-92d6e1cf,8,4.971137222874793,4.246881458262913,0.7242557646118799,pre,Pre-COVID (2016-2019),results/covid_era_spatial_resolution/pre/model_results.csv
cz,data/country_weather_by_era/pre/weather_era5_cz_capacity_0p25deg.csv,35041,28032,7009,2019-03-14 18:00:00+00:00,2019-12-31 22:00:00+00:00,regression,LightGBM,r2,0.6549204447046366,0.8365795176261042,0.1816590729214675,0.7831642919918522,0.25,capacity,annual,"2016,2017,2018,2019",data/capacity_weights_pre_and_covid_by_year,20260723T004508Z-92d6e1cf,8,2.1095662869423175,1.5654066653915844,0.5441596215507332,pre,Pre-COVID (2016-2019),results/covid_era_spatial_resolution/pre/model_results.csv
de,data/country_weather_by_era/pre/weather_era5_de_capacity_0p25deg.csv,35063,28050,7013,2019-03-14 18:00:00+00:00,2019-12-31 22:00:00+00:00,regression,LightGBM,r2,0.2437988614140794,0.8451535477500185,0.601354686335939,8.181156040984206,0.25,capacity,annual,"2016,2017,2018,2019",data/capacity_weights_pre_and_covid_by_year,20260723T004508Z-92d6e1cf,8,11.695963307247968,5.046679047203357,6.64928426004461,pre,Pre-COVID (2016-2019),results/covid_era_spatial_resolution/pre/model_results.csv
dk,data/country_weather_by_era/pre/weather_era5_dk_capacity_0p25deg.csv,35063,28050,7013,2019-03-14 18:00:00+00:00,2019-12-31 22:00:00+00:00,regression,LightGBM,r2,0.0390657265717682,0.8519670898247086,0.8129013632529404,7.910975417005829,0.25,capacity,annual,"2016,2017,2018,2019",data/capacity_weights_pre_and_covid_by_year,20260723T004508Z-92d6e1cf,8,25.532534006225067,9.418100415348134,16.114433590876935,pre,Pre-COVID (2016-2019),results/covid_era_spatial_resolution/pre/model_results.csv
es,data/country_weather_by_era/pre/weather_era5_es_capacity_0p25deg.csv,35054,28043,7011,2019-03-14 15:00:00+00:00,2019-12-31 22:00:00+00:00,regression,LightGBM,r2,-0.0895464056154353,0.6038248486425594,0.6933712542579947,7.631886790972203,0.25,capacity,annual,"2016,2017,2018,2019",data/capacity_weights_pre_and_covid_by_year,20260723T004508Z-92d6e1cf,8,10.323653026972869,6.280607309240832,4.043045717732035,pre,Pre-COVID (2016-2019),results/covid_era_spatial_resolution/pre/model_results.csv
fr,data/country_weather_by_era/pre/weather_era5_fr_capacity_0p25deg.csv,35003,28002,7001,2019-03-14 21:00:00+00:00,2019-12-31 22:00:00+00:00,regression,LightGBM,r2,-0.3661378876432437,0.348329759051763,0.7144676466950067,2.1364545420510694,0.25,capacity,annual,"2016,2017,2018,2019",data/capacity_weights_pre_and_covid_by_year,20260723T004508Z-92d6e1cf,8,5.136435428379696,3.7548461526762247,1.3815892757034711,pre,Pre-COVID (2016-2019),results/covid_era_spatial_resolution/pre/model_results.csv
gr,data/country_weather_by_era/pre/weather_era5_gr_capacity_0p25deg.csv,35023,28018,7005,2019-03-14 23:00:00+00:00,2019-12-31 21:00:00+00:00,regression,LightGBM,r2,0.3810923628641166,0.7776697790909687,0.396577416226852,6.436872707970906,0.25,capacity,annual,"2016,2017,2018,2019",data/capacity_weights_pre_and_covid_by_year,20260723T004508Z-92d6e1cf,8,6.915804002959841,3.9707919071982634,2.9450120957615775,pre,Pre-COVID (2016-2019),results/covid_era_spatial_resolution/pre/model_results.csv
hr,data/country_weather_by_era/pre/weather_era5_hr_capacity_0p25deg.csv,8760,7008,1752,2019-10-19 23:00:00+00:00,2019-12-31 22:00:00+00:00,regression,LightGBM,r2,-1.5746282905381208,-1.1095280340118618,0.4651002565262589,3.1614995839772746,0.25,capacity,annual,"2016,2017,2018,2019",data/capacity_weights_pre_and_covid_by_year,20260723T004508Z-92d6e1cf,8,31.95952012351829,29.325307784033026,2.634212339485263,pre,Pre-COVID (2016-2019),results/covid_era_spatial_resolution/pre/model_results.csv
ie,data/country_weather_by_era/pre/weather_era5_ie_capacity_0p25deg.csv,34879,27903,6976,2019-03-15 16:00:00+00:00,2019-12-31 23:00:00+00:00,regression,LightGBM,r2,0.0090073436277043,0.8663632634849416,0.8573559198572372,8.272875541995745,0.25,capacity,annual,"2016,2017,2018,2019",data/capacity_weights_pre_and_covid_by_year,20260723T004508Z-92d6e1cf,8,18.61247904793727,6.3600156056903225,12.252463442246952,pre,Pre-COVID (2016-2019),results/covid_era_spatial_resolution/pre/model_results.csv
lt,data/country_weather_by_era/pre/weather_era5_lt_capacity_0p25deg.csv,34352,27481,6871,2019-03-19 09:00:00+00:00,2019-12-31 21:00:00+00:00,regression,LightGBM,r2,0.1032995827407636,0.861374777847784,0.7580751951070204,5.945328082947526,0.25,capacity,annual,"2016,2017,2018,2019",data/capacity_weights_pre_and_covid_by_year,20260723T004508Z-92d6e1cf,8,6.837820892996806,2.6271817648103286,4.210639128186477,pre,Pre-COVID (2016-2019),results/covid_era_spatial_resolution/pre/model_results.csv
lv,data/country_weather_by_era/pre/weather_era5_lv_capacity_0p25deg.csv,34992,27993,6999,2019-03-14 06:00:00+00:00,2019-12-31 21:00:00+00:00,regression,LightGBM,r2,0.1593929777680786,-0.0961509579815727,-0.2555439357496513,9.519911416980904,0.25,capacity,annual,"2016,2017,2018,2019",data/capacity_weights_pre_and_covid_by_year,20260723T004508Z-92d6e1cf,8,20.9029849665924,22.96735651310523,-2.064371546512831,pre,Pre-COVID (2016-2019),results/covid_era_spatial_resolution/pre/model_results.csv
nl,data/country_weather_by_era/pre/weather_era5_nl_capacity_0p25deg.csv,35063,28050,7013,2019-03-14 18:00:00+00:00,2019-12-31 22:00:00+00:00,regression,LightGBM,r2,-0.1895322465236899,0.4894035333603914,0.6789357798840814,0.6533937090425752,0.25,capacity,annual,"2016,2017,2018,2019",data/capacity_weights_pre_and_covid_by_year,20260723T004508Z-92d6e1cf,8,3.560543594210646,2.4422278779493967,1.1183157162612494,pre,Pre-COVID (2016-2019),results/covid_era_spatial_resolution/pre/model_results.csv
pt,data/country_weather_by_era/pre/weather_era5_pt_capacity_0p25deg.csv,35064,28051,7013,2019-03-14 19:00:00+00:00,2019-12-31 23:00:00+00:00,regression,LightGBM,r2,-0.0965457592553002,0.4326245809635389,0.5291703402188392,9.030168249970302,0.25,capacity,annual,"2016,2017,2018,2019",data/capacity_weights_pre_and_covid_by_year,20260723T004508Z-92d6e1cf,8,17.977773831239762,12.313771031024542,5.66400280021522,pre,Pre-COVID (2016-2019),results/covid_era_spatial_resolution/pre/model_results.csv
ro,data/country_weather_by_era/pre/weather_era5_ro_capacity_0p25deg.csv,35009,28007,7002,2019-03-15 04:00:00+00:00,2019-12-31 21:00:00+00:00,regression,LightGBM,r2,0.3697418788660437,0.543277516347178,0.1735356374811343,9.417001666966826,0.25,capacity,annual,"2016,2017,2018,2019",data/capacity_weights_pre_and_covid_by_year,20260723T004508Z-92d6e1cf,8,9.806413017453664,7.957567539036684,1.8488454784169788,pre,Pre-COVID (2016-2019),results/covid_era_spatial_resolution/pre/model_results.csv
rs,data/country_weather_by_era/pre/weather_era5_rs_capacity_0p25deg.csv,26487,21189,5298,2019-05-25 05:00:00+00:00,2019-12-31 22:00:00+00:00,regression,LightGBM,r2,0.4543974202830947,0.3731052512645156,-0.081292169018579,6.768724458001088,0.25,capacity,annual,"2016,2017,2018,2019",data/capacity_weights_pre_and_covid_by_year,20260723T004508Z-92d6e1cf,8,4.830805711253834,5.259123683014012,-0.4283179717601779,pre,Pre-COVID (2016-2019),results/covid_era_spatial_resolution/pre/model_results.csv
si,data/country_weather_by_era/pre/weather_era5_si_capacity_0p25deg.csv,35061,28048,7013,2019-03-14 18:00:00+00:00,2019-12-31 22:00:00+00:00,regression,LightGBM,r2,0.2199283081703911,0.156454712883706,-0.063473595286685,9.486585167003796,0.25,capacity,annual,"2016,2017,2018,2019",data/capacity_weights_pre_and_covid_by_year,20260723T004508Z-92d6e1cf,8,10.8147348316079,11.184162268039136,-0.369427436431236,pre,Pre-COVID (2016-2019),results/covid_era_spatial_resolution/pre/model_results.csv
sk,data/country_weather_by_era/pre/weather_era5_sk_capacity_0p25deg.csv,34873,27898,6975,2019-03-16 08:00:00+00:00,2019-12-31 22:00:00+00:00,regression,LightGBM,r2,0.1022179492662496,0.0632519044963887,-0.0389660447698608,0.7964580419939011,0.25,capacity,annual,"2016,2017,2018,2019",data/capacity_weights_pre_and_covid_by_year,20260723T004508Z-92d6e1cf,8,4.870492737101131,5.041008043109108,-0.1705153060079771,pre,Pre-COVID (2016-2019),results/covid_era_spatial_resolution/pre/model_results.csv
at,data/country_weather_by_era/pre/weather_era5_at_capacity_0p5deg.csv,35063,28050,7013,2019-03-14 18:00:00+00:00,2019-12-31 22:00:00+00:00,regression,LightGBM,r2,0.497143965942786,0.6697028591295602,0.1725588931867742,9.09417499997653,0.5,capacity,annual,"2016,2017,2018,2019",data/capacity_weights_pre_and_covid_by_year,20260723T004508Z-92d6e1cf,8,13.87947901933043,10.89776426492217,2.9817147544082605,pre,Pre-COVID (2016-2019),results/covid_era_spatial_resolution/pre/model_results.csv
be,data/country_weather_by_era/pre/weather_era5_be_capacity_0p5deg.csv,35063,28050,7013,2019-03-14 18:00:00+00:00,2019-12-31 22:00:00+00:00,regression,LightGBM,r2,0.0817545259112659,0.7346688062712785,0.6529142803600125,0.8915484580211341,0.5,capacity,annual,"2016,2017,2018,2019",data/capacity_weights_pre_and_covid_by_year,20260723T004508Z-92d6e1cf,8,7.03113906003516,3.8150568139027983,3.216082246132362,pre,Pre-COVID (2016-2019),results/covid_era_spatial_resolution/pre/model_results.csv
bg,data/country_weather_by_era/pre/weather_era5_bg_capacity_0p5deg.csv,35062,28049,7013,2019-03-14 17:00:00+00:00,2019-12-31 21:00:00+00:00,regression,LightGBM,r2,0.4429260359842488,0.5594730085763511,0.1165469725921022,0.8075964999734424,0.5,capacity,annual,"2016,2017,2018,2019",data/capacity_weights_pre_and_covid_by_year,20260723T004508Z-92d6e1cf,8,4.971137222874793,4.232857298943675,0.7382799239311177,pre,Pre-COVID (2016-2019),results/covid_era_spatial_resolution/pre/model_results.csv
cz,data/country_weather_by_era/pre/weather_era5_cz_capacity_0p5deg.csv,35041,28032,7009,2019-03-14 18:00:00+00:00,2019-12-31 22:00:00+00:00,regression,LightGBM,r2,0.6549204447046366,0.8363350180341022,0.1814145733294655,0.7852570840041153,0.5,capacity,annual,"2016,2017,2018,2019",data/capacity_weights_pre_and_covid_by_year,20260723T004508Z-92d6e1cf,8,2.1095662869423175,1.566760544312274,0.5428057426300437,pre,Pre-COVID (2016-2019),results/covid_era_spatial_resolution/pre/model_results.csv
de,data/country_weather_by_era/pre/weather_era5_de_capacity_0p5deg.csv,35063,28050,7013,2019-03-14 18:00:00+00:00,2019-12-31 22:00:00+00:00,regression,LightGBM,r2,0.2437988614140794,0.8455454531605066,0.6017465917464271,9.24846808303846,0.5,capacity,annual,"2016,2017,2018,2019",data/capacity_weights_pre_and_covid_by_year,20260723T004508Z-92d6e1cf,8,11.695963307247968,5.041180982797515,6.654782324450451,pre,Pre-COVID (2016-2019),results/covid_era_spatial_resolution/pre/model_results.csv
dk,data/country_weather_by_era/pre/weather_era5_dk_capacity_0p5deg.csv,35063,28050,7013,2019-03-14 18:00:00+00:00,2019-12-31 22:00:00+00:00,regression,LightGBM,r2,0.0390657265717682,0.8527471120628901,0.8136813854911219,8.855994542012922,0.5,capacity,annual,"2016,2017,2018,2019",data/capacity_weights_pre_and_covid_by_year,20260723T004508Z-92d6e1cf,8,25.532534006225067,9.399796208114918,16.13273779811015,pre,Pre-COVID (2016-2019),results/covid_era_spatial_resolution/pre/model_results.csv
es,data/country_weather_by_era/pre/weather_era5_es_capacity_0p5deg.csv,35054,28043,7011,2019-03-14 15:00:00+00:00,2019-12-31 22:00:00+00:00,regression,LightGBM,r2,-0.0895464056154353,0.6065406953254093,0.6960871009408447,9.170858875033446,0.5,capacity,annual,"2016,2017,2018,2019",data/capacity_weights_pre_and_covid_by_year,20260723T004508Z-92d6e1cf,8,10.323653026972869,6.248026617490067,4.075626409482799,pre,Pre-COVID (2016-2019),results/covid_era_spatial_resolution/pre/model_results.csv
fr,data/country_weather_by_era/pre/weather_era5_fr_capacity_0p5deg.csv,35003,28002,7001,2019-03-14 21:00:00+00:00,2019-12-31 22:00:00+00:00,regression,LightGBM,r2,-0.3661378876432437,0.3445607862320776,0.7106986738753214,0.9103773329989052,0.5,capacity,annual,"2016,2017,2018,2019",data/capacity_weights_pre_and_covid_by_year,20260723T004508Z-92d6e1cf,8,5.136435428379696,3.7688256489007728,1.367609779478923,pre,Pre-COVID (2016-2019),results/covid_era_spatial_resolution/pre/model_results.csv
gr,data/country_weather_by_era/pre/weather_era5_gr_capacity_0p5deg.csv,35023,28018,7005,2019-03-14 23:00:00+00:00,2019-12-31 21:00:00+00:00,regression,LightGBM,r2,0.3810923628641166,0.7764215483225049,0.3953291854583882,7.038888166018296,0.5,capacity,annual,"2016,2017,2018,2019",data/capacity_weights_pre_and_covid_by_year,20260723T004508Z-92d6e1cf,8,6.915804002959841,3.99007536352265,2.9257286394371915,pre,Pre-COVID (2016-2019),results/covid_era_spatial_resolution/pre/model_results.csv
hr,data/country_weather_by_era/pre/weather_era5_hr_capacity_0p5deg.csv,8760,7008,1752,2019-10-19 23:00:00+00:00,2019-12-31 22:00:00+00:00,regression,LightGBM,r2,-1.5746282905381208,-1.1491679270847803,0.4254603634533405,3.3701979580218904,0.5,capacity,annual,"2016,2017,2018,2019",data/capacity_weights_pre_and_covid_by_year,20260723T004508Z-92d6e1cf,8,31.95952012351829,29.585089736779217,2.374430386739075,pre,Pre-COVID (2016-2019),results/covid_era_spatial_resolution/pre/model_results.csv
ie,data/country_weather_by_era/pre/weather_era5_ie_capacity_0p5deg.csv,34879,27903,6976,2019-03-15 16:00:00+00:00,2019-12-31 23:00:00+00:00,regression,LightGBM,r2,0.0090073436277043,0.8586350615840251,0.8496277179563207,8.273157666029874,0.5,capacity,annual,"2016,2017,2018,2019",data/capacity_weights_pre_and_covid_by_year,20260723T004508Z-92d6e1cf,8,18.61247904793727,6.536939358209363,12.075539689727911,pre,Pre-COVID (2016-2019),results/covid_era_spatial_resolution/pre/model_results.csv
lt,data/country_weather_by_era/pre/weather_era5_lt_capacity_0p5deg.csv,34352,27481,6871,2019-03-19 09:00:00+00:00,2019-12-31 21:00:00+00:00,regression,LightGBM,r2,0.1032995827407636,0.8609276413745941,0.7576280586338304,5.85178491595434,0.5,capacity,annual,"2016,2017,2018,2019",data/capacity_weights_pre_and_covid_by_year,20260723T004508Z-92d6e1cf,8,6.837820892996806,2.640018971756513,4.197801921240293,pre,Pre-COVID (2016-2019),results/covid_era_spatial_resolution/pre/model_results.csv
lv,data/country_weather_by_era/pre/weather_era5_lv_capacity_0p5deg.csv,34992,27993,6999,2019-03-14 06:00:00+00:00,2019-12-31 21:00:00+00:00,regression,LightGBM,r2,0.1593929777680786,-0.1015233861051521,-0.2609163638732307,9.592019292002078,0.5,capacity,annual,"2016,2017,2018,2019",data/capacity_weights_pre_and_covid_by_year,20260723T004508Z-92d6e1cf,8,20.9029849665924,22.923830069844108,-2.020845103251709,pre,Pre-COVID (2016-2019),results/covid_era_spatial_resolution/pre/model_results.csv
nl,data/country_weather_by_era/pre/weather_era5_nl_capacity_0p5deg.csv,35063,28050,7013,2019-03-14 18:00:00+00:00,2019-12-31 22:00:00+00:00,regression,LightGBM,r2,-0.1895322465236899,0.4823156833506037,0.6718479298742936,0.630193125049118,0.5,capacity,annual,"2016,2017,2018,2019",data/capacity_weights_pre_and_covid_by_year,20260723T004508Z-92d6e1cf,8,3.560543594210646,2.455992906388059,1.104550687822587,pre,Pre-COVID (2016-2019),results/covid_era_spatial_resolution/pre/model_results.csv
pt,data/country_weather_by_era/pre/weather_era5_pt_capacity_0p5deg.csv,35064,28051,7013,2019-03-14 19:00:00+00:00,2019-12-31 23:00:00+00:00,regression,LightGBM,r2,-0.0965457592553002,0.4279386132058002,0.5244843724611005,8.959590458951425,0.5,capacity,annual,"2016,2017,2018,2019",data/capacity_weights_pre_and_covid_by_year,20260723T004508Z-92d6e1cf,8,17.977773831239762,12.375316461756986,5.602457369482776,pre,Pre-COVID (2016-2019),results/covid_era_spatial_resolution/pre/model_results.csv
ro,data/country_weather_by_era/pre/weather_era5_ro_capacity_0p5deg.csv,35009,28007,7002,2019-03-15 04:00:00+00:00,2019-12-31 21:00:00+00:00,regression,LightGBM,r2,0.3697418788660437,0.5540029244299536,0.1842610455639098,9.803642915969249,0.5,capacity,annual,"2016,2017,2018,2019",data/capacity_weights_pre_and_covid_by_year,20260723T004508Z-92d6e1cf,8,9.806413017453664,7.825442100441305,1.9809709170123575,pre,Pre-COVID (2016-2019),results/covid_era_spatial_resolution/pre/model_results.csv
rs,data/country_weather_by_era/pre/weather_era5_rs_capacity_0p5deg.csv,26487,21189,5298,2019-05-25 05:00:00+00:00,2019-12-31 22:00:00+00:00,regression,LightGBM,r2,0.4543974202830947,0.3776850267289392,-0.0767123935541554,6.7708151250262745,0.5,capacity,annual,"2016,2017,2018,2019",data/capacity_weights_pre_and_covid_by_year,20260723T004508Z-92d6e1cf,8,4.830805711253834,5.227477081918559,-0.3966713706647251,pre,Pre-COVID (2016-2019),results/covid_era_spatial_resolution/pre/model_results.csv
si,data/country_weather_by_era/pre/weather_era5_si_capacity_0p5deg.csv,35061,28048,7013,2019-03-14 18:00:00+00:00,2019-12-31 22:00:00+00:00,regression,LightGBM,r2,0.2199283081703911,0.1434709682969723,-0.0764573398734187,9.655965249985456,0.5,capacity,annual,"2016,2017,2018,2019",data/capacity_weights_pre_and_covid_by_year,20260723T004508Z-92d6e1cf,8,10.8147348316079,11.220457246264193,-0.4057224146562923,pre,Pre-COVID (2016-2019),results/covid_era_spatial_resolution/pre/model_results.csv
sk,data/country_weather_by_era/pre/weather_era5_sk_capacity_0p5deg.csv,34873,27898,6975,2019-03-16 08:00:00+00:00,2019-12-31 22:00:00+00:00,regression,LightGBM,r2,0.1022179492662496,0.065408879285276,-0.0368090699809735,0.8011782909743488,0.5,capacity,annual,"2016,2017,2018,2019",data/capacity_weights_pre_and_covid_by_year,20260723T004508Z-92d6e1cf,8,4.870492737101131,5.0371368000744425,-0.1666440629733117,pre,Pre-COVID (2016-2019),results/covid_era_spatial_resolution/pre/model_results.csv
at,data/country_weather_by_era/pre/weather_era5_at_capacity_1p0deg.csv,35063,28050,7013,2019-03-14 18:00:00+00:00,2019-12-31 22:00:00+00:00,regression,LightGBM,r2,0.497143965942786,0.6556097765034925,0.1584658105607065,9.10419650003314,1.0,capacity,annual,"2016,2017,2018,2019",data/capacity_weights_pre_and_covid_by_year,20260723T004508Z-92d6e1cf,8,13.87947901933043,11.177575766401953,2.701903252928478,pre,Pre-COVID (2016-2019),results/covid_era_spatial_resolution/pre/model_results.csv
be,data/country_weather_by_era/pre/weather_era5_be_capacity_1p0deg.csv,35063,28050,7013,2019-03-14 18:00:00+00:00,2019-12-31 22:00:00+00:00,regression,LightGBM,r2,0.0817545259112659,0.7377542103322006,0.6559996844209346,0.8364542499766685,1.0,capacity,annual,"2016,2017,2018,2019",data/capacity_weights_pre_and_covid_by_year,20260723T004508Z-92d6e1cf,8,7.03113906003516,3.802696738348457,3.2284423216867033,pre,Pre-COVID (2016-2019),results/covid_era_spatial_resolution/pre/model_results.csv
bg,data/country_weather_by_era/pre/weather_era5_bg_capacity_1p0deg.csv,35062,28049,7013,2019-03-14 17:00:00+00:00,2019-12-31 21:00:00+00:00,regression,LightGBM,r2,0.4429260359842488,0.5432715439945237,0.1003455080102748,0.7973909999709576,1.0,capacity,annual,"2016,2017,2018,2019",data/capacity_weights_pre_and_covid_by_year,20260723T004508Z-92d6e1cf,8,4.971137222874793,4.289756067170955,0.6813811557038383,pre,Pre-COVID (2016-2019),results/covid_era_spatial_resolution/pre/model_results.csv
cz,data/country_weather_by_era/pre/weather_era5_cz_capacity_1p0deg.csv,35041,28032,7009,2019-03-14 18:00:00+00:00,2019-12-31 22:00:00+00:00,regression,LightGBM,r2,0.6549204447046366,0.8358153462992555,0.1808949015946188,0.7658878749934956,1.0,capacity,annual,"2016,2017,2018,2019",data/capacity_weights_pre_and_covid_by_year,20260723T004508Z-92d6e1cf,8,2.1095662869423175,1.5736328858686952,0.5359334010736223,pre,Pre-COVID (2016-2019),results/covid_era_spatial_resolution/pre/model_results.csv
de,data/country_weather_by_era/pre/weather_era5_de_capacity_1p0deg.csv,35063,28050,7013,2019-03-14 18:00:00+00:00,2019-12-31 22:00:00+00:00,regression,LightGBM,r2,0.2437988614140794,0.843872654097223,0.6000737926831435,9.3289085830329,1.0,capacity,annual,"2016,2017,2018,2019",data/capacity_weights_pre_and_covid_by_year,20260723T004508Z-92d6e1cf,8,11.695963307247968,5.064809355466576,6.631153951781391,pre,Pre-COVID (2016-2019),results/covid_era_spatial_resolution/pre/model_results.csv
dk,data/country_weather_by_era/pre/weather_era5_dk_capacity_1p0deg.csv,35063,28050,7013,2019-03-14 18:00:00+00:00,2019-12-31 22:00:00+00:00,regression,LightGBM,r2,0.0390657265717682,0.8490309146437378,0.8099651880719696,8.913334374956321,1.0,capacity,annual,"2016,2017,2018,2019",data/capacity_weights_pre_and_covid_by_year,20260723T004508Z-92d6e1cf,8,25.532534006225067,9.498315559334465,16.034218446890602,pre,Pre-COVID (2016-2019),results/covid_era_spatial_resolution/pre/model_results.csv
es,data/country_weather_by_era/pre/weather_era5_es_capacity_1p0deg.csv,35054,28043,7011,2019-03-14 15:00:00+00:00,2019-12-31 22:00:00+00:00,regression,LightGBM,r2,-0.0895464056154353,0.5951268282394647,0.6846732338549001,9.026575749972835,1.0,capacity,annual,"2016,2017,2018,2019",data/capacity_weights_pre_and_covid_by_year,20260723T004508Z-92d6e1cf,8,10.323653026972869,6.3560816488515846,3.9675713781212822,pre,Pre-COVID (2016-2019),results/covid_era_spatial_resolution/pre/model_results.csv
fr,data/country_weather_by_era/pre/weather_era5_fr_capacity_1p0deg.csv,35003,28002,7001,2019-03-14 21:00:00+00:00,2019-12-31 22:00:00+00:00,regression,LightGBM,r2,-0.3661378876432437,0.3467474107575448,0.7128852984007885,0.911288708972279,1.0,capacity,annual,"2016,2017,2018,2019",data/capacity_weights_pre_and_covid_by_year,20260723T004508Z-92d6e1cf,8,5.136435428379696,3.762230459276651,1.374204969103045,pre,Pre-COVID (2016-2019),results/covid_era_spatial_resolution/pre/model_results.csv
gr,data/country_weather_by_era/pre/weather_era5_gr_capacity_1p0deg.csv,35023,28018,7005,2019-03-14 23:00:00+00:00,2019-12-31 21:00:00+00:00,regression,LightGBM,r2,0.3810923628641166,0.7803443613358203,0.3992519984717037,6.995338167005684,1.0,capacity,annual,"2016,2017,2018,2019",data/capacity_weights_pre_and_covid_by_year,20260723T004508Z-92d6e1cf,8,6.915804002959841,3.965813676580669,2.949990326379172,pre,Pre-COVID (2016-2019),results/covid_era_spatial_resolution/pre/model_results.csv
hr,data/country_weather_by_era/pre/weather_era5_hr_capacity_1p0deg.csv,8760,7008,1752,2019-10-19 23:00:00+00:00,2019-12-31 22:00:00+00:00,regression,LightGBM,r2,-1.5746282905381208,-0.9887549100558022,0.5858733804823186,3.303520457993727,1.0,capacity,annual,"2016,2017,2018,2019",data/capacity_weights_pre_and_covid_by_year,20260723T004508Z-92d6e1cf,8,31.95952012351829,28.379373586766658,3.5801465367516307,pre,Pre-COVID (2016-2019),results/covid_era_spatial_resolution/pre/model_results.csv
ie,data/country_weather_by_era/pre/weather_era5_ie_capacity_1p0deg.csv,34879,27903,6976,2019-03-15 16:00:00+00:00,2019-12-31 23:00:00+00:00,regression,LightGBM,r2,0.0090073436277043,0.8572086212859072,0.8482012776582029,8.102404374978505,1.0,capacity,annual,"2016,2017,2018,2019",data/capacity_weights_pre_and_covid_by_year,20260723T004508Z-92d6e1cf,8,18.61247904793727,6.560928984417364,12.05155006351991,pre,Pre-COVID (2016-2019),results/covid_era_spatial_resolution/pre/model_results.csv
lt,data/country_weather_by_era/pre/weather_era5_lt_capacity_1p0deg.csv,34352,27481,6871,2019-03-19 09:00:00+00:00,2019-12-31 21:00:00+00:00,regression,LightGBM,r2,0.1032995827407636,0.8606083545370905,0.7573087717963268,5.926332041970454,1.0,capacity,annual,"2016,2017,2018,2019",data/capacity_weights_pre_and_covid_by_year,20260723T004508Z-92d6e1cf,8,6.837820892996806,2.632586765594025,4.205234127402781,pre,Pre-COVID (2016-2019),results/covid_era_spatial_resolution/pre/model_results.csv
lv,data/country_weather_by_era/pre/weather_era5_lv_capacity_1p0deg.csv,34992,27993,6999,2019-03-14 06:00:00+00:00,2019-12-31 21:00:00+00:00,regression,LightGBM,r2,0.1593929777680786,-0.1488629012747235,-0.3082558790428021,9.525074375036638,1.0,capacity,annual,"2016,2017,2018,2019",data/capacity_weights_pre_and_covid_by_year,20260723T004508Z-92d6e1cf,8,20.9029849665924,23.32411741331629,-2.4211324467238917,pre,Pre-COVID (2016-2019),results/covid_era_spatial_resolution/pre/model_results.csv
nl,data/country_weather_by_era/pre/weather_era5_nl_capacity_1p0deg.csv,35063,28050,7013,2019-03-14 18:00:00+00:00,2019-12-31 22:00:00+00:00,regression,LightGBM,r2,-0.1895322465236899,0.4867166171734766,0.6762488636971665,0.6838644170202315,1.0,capacity,annual,"2016,2017,2018,2019",data/capacity_weights_pre_and_covid_by_year,20260723T004508Z-92d6e1cf,8,3.560543594210646,2.458097396018607,1.1024461981920388,pre,Pre-COVID (2016-2019),results/covid_era_spatial_resolution/pre/model_results.csv
pt,data/country_weather_by_era/pre/weather_era5_pt_capacity_1p0deg.csv,35064,28051,7013,2019-03-14 19:00:00+00:00,2019-12-31 23:00:00+00:00,regression,LightGBM,r2,-0.0965457592553002,0.4258568279416141,0.5224025871969145,9.152557833993342,1.0,capacity,annual,"2016,2017,2018,2019",data/capacity_weights_pre_and_covid_by_year,20260723T004508Z-92d6e1cf,8,17.977773831239762,12.554866677775369,5.422907153464395,pre,Pre-COVID (2016-2019),results/covid_era_spatial_resolution/pre/model_results.csv
ro,data/country_weather_by_era/pre/weather_era5_ro_capacity_1p0deg.csv,35009,28007,7002,2019-03-15 04:00:00+00:00,2019-12-31 21:00:00+00:00,regression,LightGBM,r2,0.3697418788660437,0.571005278782281,0.2012633999162373,9.40381783299381,1.0,capacity,annual,"2016,2017,2018,2019",data/capacity_weights_pre_and_covid_by_year,20260723T004508Z-92d6e1cf,8,9.806413017453664,7.654054786671553,2.1523582307821094,pre,Pre-COVID (2016-2019),results/covid_era_spatial_resolution/pre/model_results.csv
rs,data/country_weather_by_era/pre/weather_era5_rs_capacity_1p0deg.csv,26487,21189,5298,2019-05-25 05:00:00+00:00,2019-12-31 22:00:00+00:00,regression,LightGBM,r2,0.4543974202830947,0.3720075945785511,-0.0823898257045435,6.7265847499947995,1.0,capacity,annual,"2016,2017,2018,2019",data/capacity_weights_pre_and_covid_by_year,20260723T004508Z-92d6e1cf,8,4.830805711253834,5.260047834685789,-0.4292421234319548,pre,Pre-COVID (2016-2019),results/covid_era_spatial_resolution/pre/model_results.csv
si,data/country_weather_by_era/pre/weather_era5_si_capacity_1p0deg.csv,35061,28048,7013,2019-03-14 18:00:00+00:00,2019-12-31 22:00:00+00:00,regression,LightGBM,r2,0.2199283081703911,0.151107970542964,-0.0688203376274271,9.55660412501311,1.0,capacity,annual,"2016,2017,2018,2019",data/capacity_weights_pre_and_covid_by_year,20260723T004508Z-92d6e1cf,8,10.8147348316079,11.18049098477932,-0.3657561531714215,pre,Pre-COVID (2016-2019),results/covid_era_spatial_resolution/pre/model_results.csv
sk,data/country_weather_by_era/pre/weather_era5_sk_capacity_1p0deg.csv,34873,27898,6975,2019-03-16 08:00:00+00:00,2019-12-31 22:00:00+00:00,regression,LightGBM,r2,0.1022179492662496,0.0895100282960502,-0.0127079209701993,0.8087527089519426,1.0,capacity,annual,"2016,2017,2018,2019",data/capacity_weights_pre_and_covid_by_year,20260723T004508Z-92d6e1cf,8,4.870492737101131,4.97464733280722,-0.1041545957060892,pre,Pre-COVID (2016-2019),results/covid_era_spatial_resolution/pre/model_results.csv
at,data/country_weather_by_era/pre/weather_era5_at_capacity_2p0deg.csv,35063,28050,7013,2019-03-14 18:00:00+00:00,2019-12-31 22:00:00+00:00,regression,LightGBM,r2,0.497143965942786,0.6352018510203169,0.1380578850775309,8.655108665989246,2.0,capacity,annual,"2016,2017,2018,2019",data/capacity_weights_pre_and_covid_by_year,20260723T004508Z-92d6e1cf,8,13.87947901933043,11.45705606029046,2.422422959039972,pre,Pre-COVID (2016-2019),results/covid_era_spatial_resolution/pre/model_results.csv
be,data/country_weather_by_era/pre/weather_era5_be_capacity_2p0deg.csv,35063,28050,7013,2019-03-14 18:00:00+00:00,2019-12-31 22:00:00+00:00,regression,LightGBM,r2,0.0817545259112659,0.7258589901960213,0.6441044642847553,0.7954711249913089,2.0,capacity,annual,"2016,2017,2018,2019",data/capacity_weights_pre_and_covid_by_year,20260723T004508Z-92d6e1cf,8,7.03113906003516,3.879806044838112,3.151333015197048,pre,Pre-COVID (2016-2019),results/covid_era_spatial_resolution/pre/model_results.csv
bg,data/country_weather_by_era/pre/weather_era5_bg_capacity_2p0deg.csv,35062,28049,7013,2019-03-14 17:00:00+00:00,2019-12-31 21:00:00+00:00,regression,LightGBM,r2,0.4429260359842488,0.5503636862930504,0.1074376503088015,0.7885241659823805,2.0,capacity,annual,"2016,2017,2018,2019",data/capacity_weights_pre_and_covid_by_year,20260723T004508Z-92d6e1cf,8,4.971137222874793,4.280483327728449,0.6906538951463439,pre,Pre-COVID (2016-2019),results/covid_era_spatial_resolution/pre/model_results.csv
cz,data/country_weather_by_era/pre/weather_era5_cz_capacity_2p0deg.csv,35041,28032,7009,2019-03-14 18:00:00+00:00,2019-12-31 22:00:00+00:00,regression,LightGBM,r2,0.6549204447046366,0.8341173037686028,0.1791968590639662,0.75718658400001,2.0,capacity,annual,"2016,2017,2018,2019",data/capacity_weights_pre_and_covid_by_year,20260723T004508Z-92d6e1cf,8,2.1095662869423175,1.575831464193237,0.5337348227490806,pre,Pre-COVID (2016-2019),results/covid_era_spatial_resolution/pre/model_results.csv
de,data/country_weather_by_era/pre/weather_era5_de_capacity_2p0deg.csv,35063,28050,7013,2019-03-14 18:00:00+00:00,2019-12-31 22:00:00+00:00,regression,LightGBM,r2,0.2437988614140794,0.8360776622399906,0.5922788008259111,9.33299091696972,2.0,capacity,annual,"2016,2017,2018,2019",data/capacity_weights_pre_and_covid_by_year,20260723T004508Z-92d6e1cf,8,11.695963307247968,5.208791600496355,6.487171706751612,pre,Pre-COVID (2016-2019),results/covid_era_spatial_resolution/pre/model_results.csv
dk,data/country_weather_by_era/pre/weather_era5_dk_capacity_2p0deg.csv,35063,28050,7013,2019-03-14 18:00:00+00:00,2019-12-31 22:00:00+00:00,regression,LightGBM,r2,0.0390657265717682,0.837788595507965,0.7987228689361968,8.945781416026875,2.0,capacity,annual,"2016,2017,2018,2019",data/capacity_weights_pre_and_covid_by_year,20260723T004508Z-92d6e1cf,8,25.532534006225067,9.786926688771056,15.745607317454011,pre,Pre-COVID (2016-2019),results/covid_era_spatial_resolution/pre/model_results.csv
es,data/country_weather_by_era/pre/weather_era5_es_capacity_2p0deg.csv,35054,28043,7011,2019-03-14 15:00:00+00:00,2019-12-31 22:00:00+00:00,regression,LightGBM,r2,-0.0895464056154353,0.580342596719162,0.6698890023345974,9.160126459028106,2.0,capacity,annual,"2016,2017,2018,2019",data/capacity_weights_pre_and_covid_by_year,20260723T004508Z-92d6e1cf,8,10.323653026972869,6.465714832070469,3.857938194902398,pre,Pre-COVID (2016-2019),results/covid_era_spatial_resolution/pre/model_results.csv
fr,data/country_weather_by_era/pre/weather_era5_fr_capacity_2p0deg.csv,35003,28002,7001,2019-03-14 21:00:00+00:00,2019-12-31 22:00:00+00:00,regression,LightGBM,r2,-0.3661378876432437,0.3476392470815815,0.7137771347248253,1.0116230830317363,2.0,capacity,annual,"2016,2017,2018,2019",data/capacity_weights_pre_and_covid_by_year,20260723T004508Z-92d6e1cf,8,5.136435428379696,3.7682138031408137,1.368221625238882,pre,Pre-COVID (2016-2019),results/covid_era_spatial_resolution/pre/model_results.csv
gr,data/country_weather_by_era/pre/weather_era5_gr_capacity_2p0deg.csv,35023,28018,7005,2019-03-14 23:00:00+00:00,2019-12-31 21:00:00+00:00,regression,LightGBM,r2,0.3810923628641166,0.7531982322233346,0.3721058693592179,6.816379584022798,2.0,capacity,annual,"2016,2017,2018,2019",data/capacity_weights_pre_and_covid_by_year,20260723T004508Z-92d6e1cf,8,6.915804002959841,4.210863019744774,2.7049409832150673,pre,Pre-COVID (2016-2019),results/covid_era_spatial_resolution/pre/model_results.csv
hr,data/country_weather_by_era/pre/weather_era5_hr_capacity_2p0deg.csv,8760,7008,1752,2019-10-19 23:00:00+00:00,2019-12-31 22:00:00+00:00,regression,LightGBM,r2,-1.5746282905381208,-1.009379629902321,0.5652486606357998,3.368676999991294,2.0,capacity,annual,"2016,2017,2018,2019",data/capacity_weights_pre_and_covid_by_year,20260723T004508Z-92d6e1cf,8,31.95952012351829,28.428590135970975,3.5309299875473137,pre,Pre-COVID (2016-2019),results/covid_era_spatial_resolution/pre/model_results.csv
ie,data/country_weather_by_era/pre/weather_era5_ie_capacity_2p0deg.csv,34879,27903,6976,2019-03-15 16:00:00+00:00,2019-12-31 23:00:00+00:00,regression,LightGBM,r2,0.0090073436277043,0.8483064082062264,0.839299064578522,8.221382999967318,2.0,capacity,annual,"2016,2017,2018,2019",data/capacity_weights_pre_and_covid_by_year,20260723T004508Z-92d6e1cf,8,18.61247904793727,6.787455901680543,11.825023146256733,pre,Pre-COVID (2016-2019),results/covid_era_spatial_resolution/pre/model_results.csv
lt,data/country_weather_by_era/pre/weather_era5_lt_capacity_2p0deg.csv,34352,27481,6871,2019-03-19 09:00:00+00:00,2019-12-31 21:00:00+00:00,regression,LightGBM,r2,0.1032995827407636,0.8503070725323603,0.7470074897915966,5.449128166015726,2.0,capacity,annual,"2016,2017,2018,2019",data/capacity_weights_pre_and_covid_by_year,20260723T004508Z-92d6e1cf,8,6.837820892996806,2.7337505972229645,4.104070295773841,pre,Pre-COVID (2016-2019),results/covid_era_spatial_resolution/pre/model_results.csv
lv,data/country_weather_by_era/pre/weather_era5_lv_capacity_2p0deg.csv,34992,27993,6999,2019-03-14 06:00:00+00:00,2019-12-31 21:00:00+00:00,regression,LightGBM,r2,0.1593929777680786,-0.137477986951751,-0.2968709647198296,9.606057374970987,2.0,capacity,annual,"2016,2017,2018,2019",data/capacity_weights_pre_and_covid_by_year,20260723T004508Z-92d6e1cf,8,20.9029849665924,23.28960186625813,-2.386616899665732,pre,Pre-COVID (2016-2019),results/covid_era_spatial_resolution/pre/model_results.csv
nl,data/country_weather_by_era/pre/weather_era5_nl_capacity_2p0deg.csv,35063,28050,7013,2019-03-14 18:00:00+00:00,2019-12-31 22:00:00+00:00,regression,LightGBM,r2,-0.1895322465236899,0.4614788947008265,0.6510111412245164,0.6599627499817871,2.0,capacity,annual,"2016,2017,2018,2019",data/capacity_weights_pre_and_covid_by_year,20260723T004508Z-92d6e1cf,8,3.560543594210646,2.5097041778387044,1.0508394163719417,pre,Pre-COVID (2016-2019),results/covid_era_spatial_resolution/pre/model_results.csv
pt,data/country_weather_by_era/pre/weather_era5_pt_capacity_2p0deg.csv,35064,28051,7013,2019-03-14 19:00:00+00:00,2019-12-31 23:00:00+00:00,regression,LightGBM,r2,-0.0965457592553002,0.3882972052147097,0.4848429644700099,9.269539917004296,2.0,capacity,annual,"2016,2017,2018,2019",data/capacity_weights_pre_and_covid_by_year,20260723T004508Z-92d6e1cf,8,17.977773831239762,13.123298313144211,4.854475518095551,pre,Pre-COVID (2016-2019),results/covid_era_spatial_resolution/pre/model_results.csv
ro,data/country_weather_by_era/pre/weather_era5_ro_capacity_2p0deg.csv,35009,28007,7002,2019-03-15 04:00:00+00:00,2019-12-31 21:00:00+00:00,regression,LightGBM,r2,0.3697418788660437,0.5355165640017703,0.1657746851357265,9.781049042008815,2.0,capacity,annual,"2016,2017,2018,2019",data/capacity_weights_pre_and_covid_by_year,20260723T004508Z-92d6e1cf,8,9.806413017453664,7.981983271272378,1.824429746181284,pre,Pre-COVID (2016-2019),results/covid_era_spatial_resolution/pre/model_results.csv
rs,data/country_weather_by_era/pre/weather_era5_rs_capacity_2p0deg.csv,26487,21189,5298,2019-05-25 05:00:00+00:00,2019-12-31 22:00:00+00:00,regression,LightGBM,r2,0.4543974202830947,0.3826332518213784,-0.0717641684617163,6.845072083000559,2.0,capacity,annual,"2016,2017,2018,2019",data/capacity_weights_pre_and_covid_by_year,20260723T004508Z-92d6e1cf,8,4.830805711253834,5.224021645942436,-0.3932159346886017,pre,Pre-COVID (2016-2019),results/covid_era_spatial_resolution/pre/model_results.csv
si,data/country_weather_by_era/pre/weather_era5_si_capacity_2p0deg.csv,35061,28048,7013,2019-03-14 18:00:00+00:00,2019-12-31 22:00:00+00:00,regression,LightGBM,r2,0.2199283081703911,0.136716795692921,-0.08321151247747,9.537554915994406,2.0,capacity,annual,"2016,2017,2018,2019",data/capacity_weights_pre_and_covid_by_year,20260723T004508Z-92d6e1cf,8,10.8147348316079,11.301257262166729,-0.4865224305588302,pre,Pre-COVID (2016-2019),results/covid_era_spatial_resolution/pre/model_results.csv
sk,data/country_weather_by_era/pre/weather_era5_sk_capacity_2p0deg.csv,34873,27898,6975,2019-03-16 08:00:00+00:00,2019-12-31 22:00:00+00:00,regression,LightGBM,r2,0.1022179492662496,0.0605659440404426,-0.0416520052258069,0.8053917080396786,2.0,capacity,annual,"2016,2017,2018,2019",data/capacity_weights_pre_and_covid_by_year,20260723T004508Z-92d6e1cf,8,4.870492737101131,5.088466821483969,-0.2179740843828383,pre,Pre-COVID (2016-2019),results/covid_era_spatial_resolution/pre/model_results.csv
at,data/country_weather_by_era/pre/weather_era5_at_uniform_0p25deg.csv,35063,28050,7013,2019-03-14 18:00:00+00:00,2019-12-31 22:00:00+00:00,classification,LogReg,auc,0.8295845304435574,0.8451282653573393,0.0155437349137819,8.569318624970037,0.25,uniform,annual,"2016,2017,2018,2019",data/capacity_weights_pre_and_covid_by_year,20260723T004508Z-92d6e1cf,8,,,,pre,Pre-COVID (2016-2019),results/covid_era_spatial_resolution/pre/model_results.csv
be,data/country_weather_by_era/pre/weather_era5_be_uniform_0p25deg.csv,35063,28050,7013,2019-03-14 18:00:00+00:00,2019-12-31 22:00:00+00:00,classification,LogReg,auc,,,,0.8073445000336505,0.25,uniform,annual,"2016,2017,2018,2019",data/capacity_weights_pre_and_covid_by_year,20260723T004508Z-92d6e1cf,8,,,,pre,Pre-COVID (2016-2019),results/covid_era_spatial_resolution/pre/model_results.csv
bg,data/country_weather_by_era/pre/weather_era5_bg_uniform_0p25deg.csv,35062,28049,7013,2019-03-14 17:00:00+00:00,2019-12-31 21:00:00+00:00,classification,LogReg,auc,,,,0.8108488749712706,0.25,uniform,annual,"2016,2017,2018,2019",data/capacity_weights_pre_and_covid_by_year,20260723T004508Z-92d6e1cf,8,,,,pre,Pre-COVID (2016-2019),results/covid_era_spatial_resolution/pre/model_results.csv
cz,data/country_weather_by_era/pre/weather_era5_cz_uniform_0p25deg.csv,35041,28032,7009,2019-03-14 18:00:00+00:00,2019-12-31 22:00:00+00:00,classification,LogReg,auc,,,,0.867611083027441,0.25,uniform,annual,"2016,2017,2018,2019",data/capacity_weights_pre_and_covid_by_year,20260723T004508Z-92d6e1cf,8,,,,pre,Pre-COVID (2016-2019),results/covid_era_spatial_resolution/pre/model_results.csv
de,data/country_weather_by_era/pre/weather_era5_de_uniform_0p25deg.csv,35063,28050,7013,2019-03-14 18:00:00+00:00,2019-12-31 22:00:00+00:00,classification,LogReg,auc,0.6930406278961879,0.9611727152835272,0.2681320873873392,8.561697959026787,0.25,uniform,annual,"2016,2017,2018,2019",data/capacity_weights_pre_and_covid_by_year,20260723T004508Z-92d6e1cf,8,,,,pre,Pre-COVID (2016-2019),results/covid_era_spatial_resolution/pre/model_results.csv
dk,data/country_weather_by_era/pre/weather_era5_dk_uniform_0p25deg.csv,35063,28050,7013,2019-03-14 18:00:00+00:00,2019-12-31 22:00:00+00:00,classification,LogReg,auc,0.6369215539463815,0.9525895947488708,0.3156680408024893,8.03941125003621,0.25,uniform,annual,"2016,2017,2018,2019",data/capacity_weights_pre_and_covid_by_year,20260723T004508Z-92d6e1cf,8,,,,pre,Pre-COVID (2016-2019),results/covid_era_spatial_resolution/pre/model_results.csv
es,data/country_weather_by_era/pre/weather_era5_es_uniform_0p25deg.csv,35054,28043,7011,2019-03-14 15:00:00+00:00,2019-12-31 22:00:00+00:00,classification,LogReg,auc,0.5995924340440664,0.8049738464006009,0.2053814123565345,7.764362499990966,0.25,uniform,annual,"2016,2017,2018,2019",data/capacity_weights_pre_and_covid_by_year,20260723T004508Z-92d6e1cf,8,,,,pre,Pre-COVID (2016-2019),results/covid_era_spatial_resolution/pre/model_results.csv
fr,data/country_weather_by_era/pre/weather_era5_fr_uniform_0p25deg.csv,35003,28002,7001,2019-03-14 21:00:00+00:00,2019-12-31 22:00:00+00:00,classification,LogReg,auc,,,,1.5218443750054576,0.25,uniform,annual,"2016,2017,2018,2019",data/capacity_weights_pre_and_covid_by_year,20260723T004508Z-92d6e1cf,8,,,,pre,Pre-COVID (2016-2019),results/covid_era_spatial_resolution/pre/model_results.csv
gr,data/country_weather_by_era/pre/weather_era5_gr_uniform_0p25deg.csv,35023,28018,7005,2019-03-14 23:00:00+00:00,2019-12-31 21:00:00+00:00,classification,LogReg,auc,0.8156101496081556,0.906318082788671,0.0907079331805154,6.041053750028368,0.25,uniform,annual,"2016,2017,2018,2019",data/capacity_weights_pre_and_covid_by_year,20260723T004508Z-92d6e1cf,8,,,,pre,Pre-COVID (2016-2019),results/covid_era_spatial_resolution/pre/model_results.csv
hr,data/country_weather_by_era/pre/weather_era5_hr_uniform_0p25deg.csv,8760,7008,1752,2019-10-19 23:00:00+00:00,2019-12-31 22:00:00+00:00,classification,LogReg,auc,0.7512120257715912,0.7908233764862449,0.0396113507146537,3.0326273750397377,0.25,uniform,annual,"2016,2017,2018,2019",data/capacity_weights_pre_and_covid_by_year,20260723T004508Z-92d6e1cf,8,,,,pre,Pre-COVID (2016-2019),results/covid_era_spatial_resolution/pre/model_results.csv
ie,data/country_weather_by_era/pre/weather_era5_ie_uniform_0p25deg.csv,34879,27903,6976,2019-03-15 16:00:00+00:00,2019-12-31 23:00:00+00:00,classification,LogReg,auc,0.6131672089249833,0.9722580224806004,0.3590908135556171,8.244066540966742,0.25,uniform,annual,"2016,2017,2018,2019",data/capacity_weights_pre_and_covid_by_year,20260723T004508Z-92d6e1cf,8,,,,pre,Pre-COVID (2016-2019),results/covid_era_spatial_resolution/pre/model_results.csv
lt,data/country_weather_by_era/pre/weather_era5_lt_uniform_0p25deg.csv,34352,27481,6871,2019-03-19 09:00:00+00:00,2019-12-31 21:00:00+00:00,classification,LogReg,auc,0.9390765661965772,0.9985252096967464,0.059448643500169,5.252330166986212,0.25,uniform,annual,"2016,2017,2018,2019",data/capacity_weights_pre_and_covid_by_year,20260723T004508Z-92d6e1cf,8,,,,pre,Pre-COVID (2016-2019),results/covid_era_spatial_resolution/pre/model_results.csv
lv,data/country_weather_by_era/pre/weather_era5_lv_uniform_0p25deg.csv,34992,27993,6999,2019-03-14 06:00:00+00:00,2019-12-31 21:00:00+00:00,classification,LogReg,auc,0.7994352387763974,0.8089410176119757,0.0095057788355782,9.167993292037863,0.25,uniform,annual,"2016,2017,2018,2019",data/capacity_weights_pre_and_covid_by_year,20260723T004508Z-92d6e1cf,8,,,,pre,Pre-COVID (2016-2019),results/covid_era_spatial_resolution/pre/model_results.csv
nl,data/country_weather_by_era/pre/weather_era5_nl_uniform_0p25deg.csv,35063,28050,7013,2019-03-14 18:00:00+00:00,2019-12-31 22:00:00+00:00,classification,LogReg,auc,,,,0.6998769160127267,0.25,uniform,annual,"2016,2017,2018,2019",data/capacity_weights_pre_and_covid_by_year,20260723T004508Z-92d6e1cf,8,,,,pre,Pre-COVID (2016-2019),results/covid_era_spatial_resolution/pre/model_results.csv
pt,data/country_weather_by_era/pre/weather_era5_pt_uniform_0p25deg.csv,35064,28051,7013,2019-03-14 19:00:00+00:00,2019-12-31 23:00:00+00:00,classification,LogReg,auc,0.6299482927717474,0.8386483770537708,0.2087000842820234,8.665963583975099,0.25,uniform,annual,"2016,2017,2018,2019",data/capacity_weights_pre_and_covid_by_year,20260723T004508Z-92d6e1cf,8,,,,pre,Pre-COVID (2016-2019),results/covid_era_spatial_resolution/pre/model_results.csv
ro,data/country_weather_by_era/pre/weather_era5_ro_uniform_0p25deg.csv,35009,28007,7002,2019-03-15 04:00:00+00:00,2019-12-31 21:00:00+00:00,classification,LogReg,auc,0.8641324351647444,0.8531982297963646,-0.0109342053683797,8.948783915955573,0.25,uniform,annual,"2016,2017,2018,2019",data/capacity_weights_pre_and_covid_by_year,20260723T004508Z-92d6e1cf,8,,,,pre,Pre-COVID (2016-2019),results/covid_era_spatial_resolution/pre/model_results.csv
rs,data/country_weather_by_era/pre/weather_era5_rs_uniform_0p25deg.csv,26487,21189,5298,2019-05-25 05:00:00+00:00,2019-12-31 22:00:00+00:00,classification,LogReg,auc,0.9481845688350984,0.9268721633888048,-0.0213124054462936,6.479813666956034,0.25,uniform,annual,"2016,2017,2018,2019",data/capacity_weights_pre_and_covid_by_year,20260723T004508Z-92d6e1cf,8,,,,pre,Pre-COVID (2016-2019),results/covid_era_spatial_resolution/pre/model_results.csv
si,data/country_weather_by_era/pre/weather_era5_si_uniform_0p25deg.csv,35061,28048,7013,2019-03-14 18:00:00+00:00,2019-12-31 22:00:00+00:00,classification,LogReg,auc,0.478610165804236,0.4757369508803009,-0.0028732149239351,9.189243541040923,0.25,uniform,annual,"2016,2017,2018,2019",data/capacity_weights_pre_and_covid_by_year,20260723T004508Z-92d6e1cf,8,,,,pre,Pre-COVID (2016-2019),results/covid_era_spatial_resolution/pre/model_results.csv
sk,data/country_weather_by_era/pre/weather_era5_sk_uniform_0p25deg.csv,34873,27898,6975,2019-03-16 08:00:00+00:00,2019-12-31 22:00:00+00:00,classification,LogReg,auc,,,,0.8151657080161385,0.25,uniform,annual,"2016,2017,2018,2019",data/capacity_weights_pre_and_covid_by_year,20260723T004508Z-92d6e1cf,8,,,,pre,Pre-COVID (2016-2019),results/covid_era_spatial_resolution/pre/model_results.csv
at,data/country_weather_by_era/pre/weather_era5_at_uniform_0p5deg.csv,35063,28050,7013,2019-03-14 18:00:00+00:00,2019-12-31 22:00:00+00:00,classification,LogReg,auc,0.8295845304435574,0.8469647595291141,0.0173802290855566,8.599077125021722,0.5,uniform,annual,"2016,2017,2018,2019",data/capacity_weights_pre_and_covid_by_year,20260723T004508Z-92d6e1cf,8,,,,pre,Pre-COVID (2016-2019),results/covid_era_spatial_resolution/pre/model_results.csv
be,data/country_weather_by_era/pre/weather_era5_be_uniform_0p5deg.csv,35063,28050,7013,2019-03-14 18:00:00+00:00,2019-12-31 22:00:00+00:00,classification,LogReg,auc,,,,0.845983375038486,0.5,uniform,annual,"2016,2017,2018,2019",data/capacity_weights_pre_and_covid_by_year,20260723T004508Z-92d6e1cf,8,,,,pre,Pre-COVID (2016-2019),results/covid_era_spatial_resolution/pre/model_results.csv
bg,data/country_weather_by_era/pre/weather_era5_bg_uniform_0p5deg.csv,35062,28049,7013,2019-03-14 17:00:00+00:00,2019-12-31 21:00:00+00:00,classification,LogReg,auc,,,,0.8109715419705026,0.5,uniform,annual,"2016,2017,2018,2019",data/capacity_weights_pre_and_covid_by_year,20260723T004508Z-92d6e1cf,8,,,,pre,Pre-COVID (2016-2019),results/covid_era_spatial_resolution/pre/model_results.csv
cz,data/country_weather_by_era/pre/weather_era5_cz_uniform_0p5deg.csv,35041,28032,7009,2019-03-14 18:00:00+00:00,2019-12-31 22:00:00+00:00,classification,LogReg,auc,,,,0.8769702920108102,0.5,uniform,annual,"2016,2017,2018,2019",data/capacity_weights_pre_and_covid_by_year,20260723T004508Z-92d6e1cf,8,,,,pre,Pre-COVID (2016-2019),results/covid_era_spatial_resolution/pre/model_results.csv
de,data/country_weather_by_era/pre/weather_era5_de_uniform_0p5deg.csv,35063,28050,7013,2019-03-14 18:00:00+00:00,2019-12-31 22:00:00+00:00,classification,LogReg,auc,0.6930406278961879,0.960655149065032,0.2676145211688442,9.381773624976631,0.5,uniform,annual,"2016,2017,2018,2019",data/capacity_weights_pre_and_covid_by_year,20260723T004508Z-92d6e1cf,8,,,,pre,Pre-COVID (2016-2019),results/covid_era_spatial_resolution/pre/model_results.csv
dk,data/country_weather_by_era/pre/weather_era5_dk_uniform_0p5deg.csv,35063,28050,7013,2019-03-14 18:00:00+00:00,2019-12-31 22:00:00+00:00,classification,LogReg,auc,0.6369215539463815,0.9503535269715015,0.31343197302512,8.981340625032317,0.5,uniform,annual,"2016,2017,2018,2019",data/capacity_weights_pre_and_covid_by_year,20260723T004508Z-92d6e1cf,8,,,,pre,Pre-COVID (2016-2019),results/covid_era_spatial_resolution/pre/model_results.csv
es,data/country_weather_by_era/pre/weather_era5_es_uniform_0p5deg.csv,35054,28043,7011,2019-03-14 15:00:00+00:00,2019-12-31 22:00:00+00:00,classification,LogReg,auc,0.5995924340440664,0.807099580125005,0.2075071460809386,8.826106040971354,0.5,uniform,annual,"2016,2017,2018,2019",data/capacity_weights_pre_and_covid_by_year,20260723T004508Z-92d6e1cf,8,,,,pre,Pre-COVID (2016-2019),results/covid_era_spatial_resolution/pre/model_results.csv
fr,data/country_weather_by_era/pre/weather_era5_fr_uniform_0p5deg.csv,35003,28002,7001,2019-03-14 21:00:00+00:00,2019-12-31 22:00:00+00:00,classification,LogReg,auc,,,,0.9433732919860632,0.5,uniform,annual,"2016,2017,2018,2019",data/capacity_weights_pre_and_covid_by_year,20260723T004508Z-92d6e1cf,8,,,,pre,Pre-COVID (2016-2019),results/covid_era_spatial_resolution/pre/model_results.csv
gr,data/country_weather_by_era/pre/weather_era5_gr_uniform_0p5deg.csv,35023,28018,7005,2019-03-14 23:00:00+00:00,2019-12-31 21:00:00+00:00,classification,LogReg,auc,0.8156101496081556,0.906318082788671,0.0907079331805154,6.436931292002555,0.5,uniform,annual,"2016,2017,2018,2019",data/capacity_weights_pre_and_covid_by_year,20260723T004508Z-92d6e1cf,8,,,,pre,Pre-COVID (2016-2019),results/covid_era_spatial_resolution/pre/model_results.csv
hr,data/country_weather_by_era/pre/weather_era5_hr_uniform_0p5deg.csv,8760,7008,1752,2019-10-19 23:00:00+00:00,2019-12-31 22:00:00+00:00,classification,LogReg,auc,0.7512120257715912,0.7873643468714897,0.0361523210998985,3.1661500000045635,0.5,uniform,annual,"2016,2017,2018,2019",data/capacity_weights_pre_and_covid_by_year,20260723T004508Z-92d6e1cf,8,,,,pre,Pre-COVID (2016-2019),results/covid_era_spatial_resolution/pre/model_results.csv
ie,data/country_weather_by_era/pre/weather_era5_ie_uniform_0p5deg.csv,34879,27903,6976,2019-03-15 16:00:00+00:00,2019-12-31 23:00:00+00:00,classification,LogReg,auc,0.6131672089249833,0.9710953197642648,0.3579281108392814,8.307980292011052,0.5,uniform,annual,"2016,2017,2018,2019",data/capacity_weights_pre_and_covid_by_year,20260723T004508Z-92d6e1cf,8,,,,pre,Pre-COVID (2016-2019),results/covid_era_spatial_resolution/pre/model_results.csv
lt,data/country_weather_by_era/pre/weather_era5_lt_uniform_0p5deg.csv,34352,27481,6871,2019-03-19 09:00:00+00:00,2019-12-31 21:00:00+00:00,classification,LogReg,auc,0.9390765661965772,0.9983408609088396,0.0592642947122623,5.289308417006396,0.5,uniform,annual,"2016,2017,2018,2019",data/capacity_weights_pre_and_covid_by_year,20260723T004508Z-92d6e1cf,8,,,,pre,Pre-COVID (2016-2019),results/covid_era_spatial_resolution/pre/model_results.csv
lv,data/country_weather_by_era/pre/weather_era5_lv_uniform_0p5deg.csv,34992,27993,6999,2019-03-14 06:00:00+00:00,2019-12-31 21:00:00+00:00,classification,LogReg,auc,0.7994352387763974,0.8089769788179482,0.0095417400415507,9.282514500024265,0.5,uniform,annual,"2016,2017,2018,2019",data/capacity_weights_pre_and_covid_by_year,20260723T004508Z-92d6e1cf,8,,,,pre,Pre-COVID (2016-2019),results/covid_era_spatial_resolution/pre/model_results.csv
nl,data/country_weather_by_era/pre/weather_era5_nl_uniform_0p5deg.csv,35063,28050,7013,2019-03-14 18:00:00+00:00,2019-12-31 22:00:00+00:00,classification,LogReg,auc,,,,0.6800804160302505,0.5,uniform,annual,"2016,2017,2018,2019",data/capacity_weights_pre_and_covid_by_year,20260723T004508Z-92d6e1cf,8,,,,pre,Pre-COVID (2016-2019),results/covid_era_spatial_resolution/pre/model_results.csv
pt,data/country_weather_by_era/pre/weather_era5_pt_uniform_0p5deg.csv,35064,28051,7013,2019-03-14 19:00:00+00:00,2019-12-31 23:00:00+00:00,classification,LogReg,auc,0.6299482927717474,0.8399890785119464,0.210040785740199,8.52143566700397,0.5,uniform,annual,"2016,2017,2018,2019",data/capacity_weights_pre_and_covid_by_year,20260723T004508Z-92d6e1cf,8,,,,pre,Pre-COVID (2016-2019),results/covid_era_spatial_resolution/pre/model_results.csv
ro,data/country_weather_by_era/pre/weather_era5_ro_uniform_0p5deg.csv,35009,28007,7002,2019-03-15 04:00:00+00:00,2019-12-31 21:00:00+00:00,classification,LogReg,auc,0.8641324351647444,0.8543246198601168,-0.0098078153046275,9.135460791992957,0.5,uniform,annual,"2016,2017,2018,2019",data/capacity_weights_pre_and_covid_by_year,20260723T004508Z-92d6e1cf,8,,,,pre,Pre-COVID (2016-2019),results/covid_era_spatial_resolution/pre/model_results.csv
rs,data/country_weather_by_era/pre/weather_era5_rs_uniform_0p5deg.csv,26487,21189,5298,2019-05-25 05:00:00+00:00,2019-12-31 22:00:00+00:00,classification,LogReg,auc,0.9481845688350984,0.9266641452344933,-0.0215204236006052,6.353129499999341,0.5,uniform,annual,"2016,2017,2018,2019",data/capacity_weights_pre_and_covid_by_year,20260723T004508Z-92d6e1cf,8,,,,pre,Pre-COVID (2016-2019),results/covid_era_spatial_resolution/pre/model_results.csv
si,data/country_weather_by_era/pre/weather_era5_si_uniform_0p5deg.csv,35061,28048,7013,2019-03-14 18:00:00+00:00,2019-12-31 22:00:00+00:00,classification,LogReg,auc,0.478610165804236,0.4758594522917865,-0.0027507135124494,9.041452958015723,0.5,uniform,annual,"2016,2017,2018,2019",data/capacity_weights_pre_and_covid_by_year,20260723T004508Z-92d6e1cf,8,,,,pre,Pre-COVID (2016-2019),results/covid_era_spatial_resolution/pre/model_results.csv
sk,data/country_weather_by_era/pre/weather_era5_sk_uniform_0p5deg.csv,34873,27898,6975,2019-03-16 08:00:00+00:00,2019-12-31 22:00:00+00:00,classification,LogReg,auc,,,,0.7781477079843171,0.5,uniform,annual,"2016,2017,2018,2019",data/capacity_weights_pre_and_covid_by_year,20260723T004508Z-92d6e1cf,8,,,,pre,Pre-COVID (2016-2019),results/covid_era_spatial_resolution/pre/model_results.csv
at,data/country_weather_by_era/pre/weather_era5_at_uniform_1p0deg.csv,35063,28050,7013,2019-03-14 18:00:00+00:00,2019-12-31 22:00:00+00:00,classification,LogReg,auc,0.8295845304435574,0.8503419396720721,0.0207574092285146,8.138103541976307,1.0,uniform,annual,"2016,2017,2018,2019",data/capacity_weights_pre_and_covid_by_year,20260723T004508Z-92d6e1cf,8,,,,pre,Pre-COVID (2016-2019),results/covid_era_spatial_resolution/pre/model_results.csv
be,data/country_weather_by_era/pre/weather_era5_be_uniform_1p0deg.csv,35063,28050,7013,2019-03-14 18:00:00+00:00,2019-12-31 22:00:00+00:00,classification,LogReg,auc,,,,0.7945197920198552,1.0,uniform,annual,"2016,2017,2018,2019",data/capacity_weights_pre_and_covid_by_year,20260723T004508Z-92d6e1cf,8,,,,pre,Pre-COVID (2016-2019),results/covid_era_spatial_resolution/pre/model_results.csv
bg,data/country_weather_by_era/pre/weather_era5_bg_uniform_1p0deg.csv,35062,28049,7013,2019-03-14 17:00:00+00:00,2019-12-31 21:00:00+00:00,classification,LogReg,auc,,,,0.797733666957356,1.0,uniform,annual,"2016,2017,2018,2019",data/capacity_weights_pre_and_covid_by_year,20260723T004508Z-92d6e1cf,8,,,,pre,Pre-COVID (2016-2019),results/covid_era_spatial_resolution/pre/model_results.csv
cz,data/country_weather_by_era/pre/weather_era5_cz_uniform_1p0deg.csv,35041,28032,7009,2019-03-14 18:00:00+00:00,2019-12-31 22:00:00+00:00,classification,LogReg,auc,,,,1.6771885000052862,1.0,uniform,annual,"2016,2017,2018,2019",data/capacity_weights_pre_and_covid_by_year,20260723T004508Z-92d6e1cf,8,,,,pre,Pre-COVID (2016-2019),results/covid_era_spatial_resolution/pre/model_results.csv
de,data/country_weather_by_era/pre/weather_era5_de_uniform_1p0deg.csv,35063,28050,7013,2019-03-14 18:00:00+00:00,2019-12-31 22:00:00+00:00,classification,LogReg,auc,0.6930406278961879,0.9611948941882152,0.2681542662920272,9.403160083980763,1.0,uniform,annual,"2016,2017,2018,2019",data/capacity_weights_pre_and_covid_by_year,20260723T004508Z-92d6e1cf,8,,,,pre,Pre-COVID (2016-2019),results/covid_era_spatial_resolution/pre/model_results.csv
dk,data/country_weather_by_era/pre/weather_era5_dk_uniform_1p0deg.csv,35063,28050,7013,2019-03-14 18:00:00+00:00,2019-12-31 22:00:00+00:00,classification,LogReg,auc,0.6369215539463815,0.9457943714214468,0.3088728174750653,8.947543458023574,1.0,uniform,annual,"2016,2017,2018,2019",data/capacity_weights_pre_and_covid_by_year,20260723T004508Z-92d6e1cf,8,,,,pre,Pre-COVID (2016-2019),results/covid_era_spatial_resolution/pre/model_results.csv
es,data/country_weather_by_era/pre/weather_era5_es_uniform_1p0deg.csv,35054,28043,7011,2019-03-14 15:00:00+00:00,2019-12-31 22:00:00+00:00,classification,LogReg,auc,0.5995924340440664,0.8065724051240416,0.2069799710799752,8.373934582981747,1.0,uniform,annual,"2016,2017,2018,2019",data/capacity_weights_pre_and_covid_by_year,20260723T004508Z-92d6e1cf,8,,,,pre,Pre-COVID (2016-2019),results/covid_era_spatial_resolution/pre/model_results.csv
fr,data/country_weather_by_era/pre/weather_era5_fr_uniform_1p0deg.csv,35003,28002,7001,2019-03-14 21:00:00+00:00,2019-12-31 22:00:00+00:00,classification,LogReg,auc,,,,0.898930958006531,1.0,uniform,annual,"2016,2017,2018,2019",data/capacity_weights_pre_and_covid_by_year,20260723T004508Z-92d6e1cf,8,,,,pre,Pre-COVID (2016-2019),results/covid_era_spatial_resolution/pre/model_results.csv
gr,data/country_weather_by_era/pre/weather_era5_gr_uniform_1p0deg.csv,35023,28018,7005,2019-03-14 23:00:00+00:00,2019-12-31 21:00:00+00:00,classification,LogReg,auc,0.8156101496081556,0.9052727856317088,0.0896626360235532,6.419261500006542,1.0,uniform,annual,"2016,2017,2018,2019",data/capacity_weights_pre_and_covid_by_year,20260723T004508Z-92d6e1cf,8,,,,pre,Pre-COVID (2016-2019),results/covid_era_spatial_resolution/pre/model_results.csv
hr,data/country_weather_by_era/pre/weather_era5_hr_uniform_1p0deg.csv,8760,7008,1752,2019-10-19 23:00:00+00:00,2019-12-31 22:00:00+00:00,classification,LogReg,auc,0.7512120257715912,0.789578125824933,0.0383661000533418,3.2756930830073543,1.0,uniform,annual,"2016,2017,2018,2019",data/capacity_weights_pre_and_covid_by_year,20260723T004508Z-92d6e1cf,8,,,,pre,Pre-COVID (2016-2019),results/covid_era_spatial_resolution/pre/model_results.csv
ie,data/country_weather_by_era/pre/weather_era5_ie_uniform_1p0deg.csv,34879,27903,6976,2019-03-15 16:00:00+00:00,2019-12-31 23:00:00+00:00,classification,LogReg,auc,0.6131672089249833,0.9619723490293997,0.3488051401044163,8.455639625026379,1.0,uniform,annual,"2016,2017,2018,2019",data/capacity_weights_pre_and_covid_by_year,20260723T004508Z-92d6e1cf,8,,,,pre,Pre-COVID (2016-2019),results/covid_era_spatial_resolution/pre/model_results.csv
lt,data/country_weather_by_era/pre/weather_era5_lt_uniform_1p0deg.csv,34352,27481,6871,2019-03-19 09:00:00+00:00,2019-12-31 21:00:00+00:00,classification,LogReg,auc,0.9390765661965772,0.9977878145451194,0.0587112483485422,5.347903916030191,1.0,uniform,annual,"2016,2017,2018,2019",data/capacity_weights_pre_and_covid_by_year,20260723T004508Z-92d6e1cf,8,,,,pre,Pre-COVID (2016-2019),results/covid_era_spatial_resolution/pre/model_results.csv
lv,data/country_weather_by_era/pre/weather_era5_lv_uniform_1p0deg.csv,34992,27993,6999,2019-03-14 06:00:00+00:00,2019-12-31 21:00:00+00:00,classification,LogReg,auc,0.7994352387763974,0.8089677631328522,0.0095325243564547,9.527937957958784,1.0,uniform,annual,"2016,2017,2018,2019",data/capacity_weights_pre_and_covid_by_year,20260723T004508Z-92d6e1cf,8,,,,pre,Pre-COVID (2016-2019),results/covid_era_spatial_resolution/pre/model_results.csv
nl,data/country_weather_by_era/pre/weather_era5_nl_uniform_1p0deg.csv,35063,28050,7013,2019-03-14 18:00:00+00:00,2019-12-31 22:00:00+00:00,classification,LogReg,auc,,,,0.7057271669618785,1.0,uniform,annual,"2016,2017,2018,2019",data/capacity_weights_pre_and_covid_by_year,20260723T004508Z-92d6e1cf,8,,,,pre,Pre-COVID (2016-2019),results/covid_era_spatial_resolution/pre/model_results.csv
pt,data/country_weather_by_era/pre/weather_era5_pt_uniform_1p0deg.csv,35064,28051,7013,2019-03-14 19:00:00+00:00,2019-12-31 23:00:00+00:00,classification,LogReg,auc,0.6299482927717474,0.8400248569895454,0.210076564217798,8.61353745800443,1.0,uniform,annual,"2016,2017,2018,2019",data/capacity_weights_pre_and_covid_by_year,20260723T004508Z-92d6e1cf,8,,,,pre,Pre-COVID (2016-2019),results/covid_era_spatial_resolution/pre/model_results.csv
ro,data/country_weather_by_era/pre/weather_era5_ro_uniform_1p0deg.csv,35009,28007,7002,2019-03-15 04:00:00+00:00,2019-12-31 21:00:00+00:00,classification,LogReg,auc,0.8641324351647444,0.8552946213043389,-0.0088378138604054,8.220594374986831,1.0,uniform,annual,"2016,2017,2018,2019",data/capacity_weights_pre_and_covid_by_year,20260723T004508Z-92d6e1cf,8,,,,pre,Pre-COVID (2016-2019),results/covid_era_spatial_resolution/pre/model_results.csv
rs,data/country_weather_by_era/pre/weather_era5_rs_uniform_1p0deg.csv,26487,21189,5298,2019-05-25 05:00:00+00:00,2019-12-31 22:00:00+00:00,classification,LogReg,auc,0.9481845688350984,0.9267019667170954,-0.0214826021180031,6.644684209022671,1.0,uniform,annual,"2016,2017,2018,2019",data/capacity_weights_pre_and_covid_by_year,20260723T004508Z-92d6e1cf,8,,,,pre,Pre-COVID (2016-2019),results/covid_era_spatial_resolution/pre/model_results.csv
si,data/country_weather_by_era/pre/weather_era5_si_uniform_1p0deg.csv,35061,28048,7013,2019-03-14 18:00:00+00:00,2019-12-31 22:00:00+00:00,classification,LogReg,auc,0.478610165804236,0.4757546915709705,-0.0028554742332654,8.952246541972272,1.0,uniform,annual,"2016,2017,2018,2019",data/capacity_weights_pre_and_covid_by_year,20260723T004508Z-92d6e1cf,8,,,,pre,Pre-COVID (2016-2019),results/covid_era_spatial_resolution/pre/model_results.csv
sk,data/country_weather_by_era/pre/weather_era5_sk_uniform_1p0deg.csv,34873,27898,6975,2019-03-16 08:00:00+00:00,2019-12-31 22:00:00+00:00,classification,LogReg,auc,,,,0.8299432499916293,1.0,uniform,annual,"2016,2017,2018,2019",data/capacity_weights_pre_and_covid_by_year,20260723T004508Z-92d6e1cf,8,,,,pre,Pre-COVID (2016-2019),results/covid_era_spatial_resolution/pre/model_results.csv
at,data/country_weather_by_era/pre/weather_era5_at_uniform_2p0deg.csv,35063,28050,7013,2019-03-14 18:00:00+00:00,2019-12-31 22:00:00+00:00,classification,LogReg,auc,0.8295845304435574,0.857389186596105,0.0278046561525475,7.939237457991112,2.0,uniform,annual,"2016,2017,2018,2019",data/capacity_weights_pre_and_covid_by_year,20260723T004508Z-92d6e1cf,8,,,,pre,Pre-COVID (2016-2019),results/covid_era_spatial_resolution/pre/model_results.csv
be,data/country_weather_by_era/pre/weather_era5_be_uniform_2p0deg.csv,35063,28050,7013,2019-03-14 18:00:00+00:00,2019-12-31 22:00:00+00:00,classification,LogReg,auc,,,,0.8462212500162423,2.0,uniform,annual,"2016,2017,2018,2019",data/capacity_weights_pre_and_covid_by_year,20260723T004508Z-92d6e1cf,8,,,,pre,Pre-COVID (2016-2019),results/covid_era_spatial_resolution/pre/model_results.csv
bg,data/country_weather_by_era/pre/weather_era5_bg_uniform_2p0deg.csv,35062,28049,7013,2019-03-14 17:00:00+00:00,2019-12-31 21:00:00+00:00,classification,LogReg,auc,,,,0.8226451250375248,2.0,uniform,annual,"2016,2017,2018,2019",data/capacity_weights_pre_and_covid_by_year,20260723T004508Z-92d6e1cf,8,,,,pre,Pre-COVID (2016-2019),results/covid_era_spatial_resolution/pre/model_results.csv
cz,data/country_weather_by_era/pre/weather_era5_cz_uniform_2p0deg.csv,35041,28032,7009,2019-03-14 18:00:00+00:00,2019-12-31 22:00:00+00:00,classification,LogReg,auc,,,,1.6140669169835746,2.0,uniform,annual,"2016,2017,2018,2019",data/capacity_weights_pre_and_covid_by_year,20260723T004508Z-92d6e1cf,8,,,,pre,Pre-COVID (2016-2019),results/covid_era_spatial_resolution/pre/model_results.csv
de,data/country_weather_by_era/pre/weather_era5_de_uniform_2p0deg.csv,35063,28050,7013,2019-03-14 18:00:00+00:00,2019-12-31 22:00:00+00:00,classification,LogReg,auc,0.6930406278961879,0.9547601189280208,0.261719491031833,9.173265290970448,2.0,uniform,annual,"2016,2017,2018,2019",data/capacity_weights_pre_and_covid_by_year,20260723T004508Z-92d6e1cf,8,,,,pre,Pre-COVID (2016-2019),results/covid_era_spatial_resolution/pre/model_results.csv
dk,data/country_weather_by_era/pre/weather_era5_dk_uniform_2p0deg.csv,35063,28050,7013,2019-03-14 18:00:00+00:00,2019-12-31 22:00:00+00:00,classification,LogReg,auc,0.6369215539463815,0.9367009467215136,0.299779392775132,9.150061000022106,2.0,uniform,annual,"2016,2017,2018,2019",data/capacity_weights_pre_and_covid_by_year,20260723T004508Z-92d6e1cf,8,,,,pre,Pre-COVID (2016-2019),results/covid_era_spatial_resolution/pre/model_results.csv
es,data/country_weather_by_era/pre/weather_era5_es_uniform_2p0deg.csv,35054,28043,7011,2019-03-14 15:00:00+00:00,2019-12-31 22:00:00+00:00,classification,LogReg,auc,0.5995924340440664,0.8081063103096282,0.2085138762655618,8.292441500001587,2.0,uniform,annual,"2016,2017,2018,2019",data/capacity_weights_pre_and_covid_by_year,20260723T004508Z-92d6e1cf,8,,,,pre,Pre-COVID (2016-2019),results/covid_era_spatial_resolution/pre/model_results.csv
fr,data/country_weather_by_era/pre/weather_era5_fr_uniform_2p0deg.csv,35003,28002,7001,2019-03-14 21:00:00+00:00,2019-12-31 22:00:00+00:00,classification,LogReg,auc,,,,0.8910897090099752,2.0,uniform,annual,"2016,2017,2018,2019",data/capacity_weights_pre_and_covid_by_year,20260723T004508Z-92d6e1cf,8,,,,pre,Pre-COVID (2016-2019),results/covid_era_spatial_resolution/pre/model_results.csv
gr,data/country_weather_by_era/pre/weather_era5_gr_uniform_2p0deg.csv,35023,28018,7005,2019-03-14 23:00:00+00:00,2019-12-31 21:00:00+00:00,classification,LogReg,auc,0.8156101496081556,0.9058834891337384,0.0902733395255829,6.401364582998212,2.0,uniform,annual,"2016,2017,2018,2019",data/capacity_weights_pre_and_covid_by_year,20260723T004508Z-92d6e1cf,8,,,,pre,Pre-COVID (2016-2019),results/covid_era_spatial_resolution/pre/model_results.csv
hr,data/country_weather_by_era/pre/weather_era5_hr_uniform_2p0deg.csv,8760,7008,1752,2019-10-19 23:00:00+00:00,2019-12-31 22:00:00+00:00,classification,LogReg,auc,0.7512120257715912,0.7760223708188978,0.0248103450473066,3.209089750016574,2.0,uniform,annual,"2016,2017,2018,2019",data/capacity_weights_pre_and_covid_by_year,20260723T004508Z-92d6e1cf,8,,,,pre,Pre-COVID (2016-2019),results/covid_era_spatial_resolution/pre/model_results.csv
ie,data/country_weather_by_era/pre/weather_era5_ie_uniform_2p0deg.csv,34879,27903,6976,2019-03-15 16:00:00+00:00,2019-12-31 23:00:00+00:00,classification,LogReg,auc,0.6131672089249833,0.9492664800289206,0.3360992711039372,8.631270749960095,2.0,uniform,annual,"2016,2017,2018,2019",data/capacity_weights_pre_and_covid_by_year,20260723T004508Z-92d6e1cf,8,,,,pre,Pre-COVID (2016-2019),results/covid_era_spatial_resolution/pre/model_results.csv
lt,data/country_weather_by_era/pre/weather_era5_lt_uniform_2p0deg.csv,34352,27481,6871,2019-03-19 09:00:00+00:00,2019-12-31 21:00:00+00:00,classification,LogReg,auc,0.9390765661965772,0.997280855378376,0.0582042891817986,5.097947166999802,2.0,uniform,annual,"2016,2017,2018,2019",data/capacity_weights_pre_and_covid_by_year,20260723T004508Z-92d6e1cf,8,,,,pre,Pre-COVID (2016-2019),results/covid_era_spatial_resolution/pre/model_results.csv
lv,data/country_weather_by_era/pre/weather_era5_lv_uniform_2p0deg.csv,34992,27993,6999,2019-03-14 06:00:00+00:00,2019-12-31 21:00:00+00:00,classification,LogReg,auc,0.7994352387763974,0.808027362571096,0.0085921237946985,9.18298500002129,2.0,uniform,annual,"2016,2017,2018,2019",data/capacity_weights_pre_and_covid_by_year,20260723T004508Z-92d6e1cf,8,,,,pre,Pre-COVID (2016-2019),results/covid_era_spatial_resolution/pre/model_results.csv
nl,data/country_weather_by_era/pre/weather_era5_nl_uniform_2p0deg.csv,35063,28050,7013,2019-03-14 18:00:00+00:00,2019-12-31 22:00:00+00:00,classification,LogReg,auc,,,,0.7780091669992544,2.0,uniform,annual,"2016,2017,2018,2019",data/capacity_weights_pre_and_covid_by_year,20260723T004508Z-92d6e1cf,8,,,,pre,Pre-COVID (2016-2019),results/covid_era_spatial_resolution/pre/model_results.csv
pt,data/country_weather_by_era/pre/weather_era5_pt_uniform_2p0deg.csv,35064,28051,7013,2019-03-14 19:00:00+00:00,2019-12-31 23:00:00+00:00,classification,LogReg,auc,0.6299482927717474,0.840413419877591,0.2104651271058436,8.412518208031543,2.0,uniform,annual,"2016,2017,2018,2019",data/capacity_weights_pre_and_covid_by_year,20260723T004508Z-92d6e1cf,8,,,,pre,Pre-COVID (2016-2019),results/covid_era_spatial_resolution/pre/model_results.csv
ro,data/country_weather_by_era/pre/weather_era5_ro_uniform_2p0deg.csv,35009,28007,7002,2019-03-15 04:00:00+00:00,2019-12-31 21:00:00+00:00,classification,LogReg,auc,0.8641324351647444,0.8587336235531989,-0.0053988116115454,8.315366709022783,2.0,uniform,annual,"2016,2017,2018,2019",data/capacity_weights_pre_and_covid_by_year,20260723T004508Z-92d6e1cf,8,,,,pre,Pre-COVID (2016-2019),results/covid_era_spatial_resolution/pre/model_results.csv
rs,data/country_weather_by_era/pre/weather_era5_rs_uniform_2p0deg.csv,26487,21189,5298,2019-05-25 05:00:00+00:00,2019-12-31 22:00:00+00:00,classification,LogReg,auc,0.9481845688350984,0.9270612708018154,-0.021123298033283,6.703281791007612,2.0,uniform,annual,"2016,2017,2018,2019",data/capacity_weights_pre_and_covid_by_year,20260723T004508Z-92d6e1cf,8,,,,pre,Pre-COVID (2016-2019),results/covid_era_spatial_resolution/pre/model_results.csv
si,data/country_weather_by_era/pre/weather_era5_si_uniform_2p0deg.csv,35061,28048,7013,2019-03-14 18:00:00+00:00,2019-12-31 22:00:00+00:00,classification,LogReg,auc,0.478610165804236,0.4756892970542684,-0.0029208687499675,9.09364833397558,2.0,uniform,annual,"2016,2017,2018,2019",data/capacity_weights_pre_and_covid_by_year,20260723T004508Z-92d6e1cf,8,,,,pre,Pre-COVID (2016-2019),results/covid_era_spatial_resolution/pre/model_results.csv
sk,data/country_weather_by_era/pre/weather_era5_sk_uniform_2p0deg.csv,34873,27898,6975,2019-03-16 08:00:00+00:00,2019-12-31 22:00:00+00:00,classification,LogReg,auc,,,,0.8072712919674814,2.0,uniform,annual,"2016,2017,2018,2019",data/capacity_weights_pre_and_covid_by_year,20260723T004508Z-92d6e1cf,8,,,,pre,Pre-COVID (2016-2019),results/covid_era_spatial_resolution/pre/model_results.csv
at,data/country_weather_by_era/pre/weather_era5_at_uniform_0p25deg.csv,35063,28050,7013,2019-03-14 18:00:00+00:00,2019-12-31 22:00:00+00:00,classification,RandForest,auc,0.8414164202328718,0.8416234129342245,0.0002069927013527,8.569318624970037,0.25,uniform,annual,"2016,2017,2018,2019",data/capacity_weights_pre_and_covid_by_year,20260723T004508Z-92d6e1cf,8,,,,pre,Pre-COVID (2016-2019),results/covid_era_spatial_resolution/pre/model_results.csv
be,data/country_weather_by_era/pre/weather_era5_be_uniform_0p25deg.csv,35063,28050,7013,2019-03-14 18:00:00+00:00,2019-12-31 22:00:00+00:00,classification,RandForest,auc,,,,0.8073445000336505,0.25,uniform,annual,"2016,2017,2018,2019",data/capacity_weights_pre_and_covid_by_year,20260723T004508Z-92d6e1cf,8,,,,pre,Pre-COVID (2016-2019),results/covid_era_spatial_resolution/pre/model_results.csv
bg,data/country_weather_by_era/pre/weather_era5_bg_uniform_0p25deg.csv,35062,28049,7013,2019-03-14 17:00:00+00:00,2019-12-31 21:00:00+00:00,classification,RandForest,auc,,,,0.8108488749712706,0.25,uniform,annual,"2016,2017,2018,2019",data/capacity_weights_pre_and_covid_by_year,20260723T004508Z-92d6e1cf,8,,,,pre,Pre-COVID (2016-2019),results/covid_era_spatial_resolution/pre/model_results.csv
cz,data/country_weather_by_era/pre/weather_era5_cz_uniform_0p25deg.csv,35041,28032,7009,2019-03-14 18:00:00+00:00,2019-12-31 22:00:00+00:00,classification,RandForest,auc,,,,0.867611083027441,0.25,uniform,annual,"2016,2017,2018,2019",data/capacity_weights_pre_and_covid_by_year,20260723T004508Z-92d6e1cf,8,,,,pre,Pre-COVID (2016-2019),results/covid_era_spatial_resolution/pre/model_results.csv
de,data/country_weather_by_era/pre/weather_era5_de_uniform_0p25deg.csv,35063,28050,7013,2019-03-14 18:00:00+00:00,2019-12-31 22:00:00+00:00,classification,RandForest,auc,0.7858043350729309,0.9522948416250878,0.1664905065521569,8.561697959026787,0.25,uniform,annual,"2016,2017,2018,2019",data/capacity_weights_pre_and_covid_by_year,20260723T004508Z-92d6e1cf,8,,,,pre,Pre-COVID (2016-2019),results/covid_era_spatial_resolution/pre/model_results.csv
dk,data/country_weather_by_era/pre/weather_era5_dk_uniform_0p25deg.csv,35063,28050,7013,2019-03-14 18:00:00+00:00,2019-12-31 22:00:00+00:00,classification,RandForest,auc,0.639169158465554,0.9394725253318008,0.3003033668662467,8.03941125003621,0.25,uniform,annual,"2016,2017,2018,2019",data/capacity_weights_pre_and_covid_by_year,20260723T004508Z-92d6e1cf,8,,,,pre,Pre-COVID (2016-2019),results/covid_era_spatial_resolution/pre/model_results.csv
es,data/country_weather_by_era/pre/weather_era5_es_uniform_0p25deg.csv,35054,28043,7011,2019-03-14 15:00:00+00:00,2019-12-31 22:00:00+00:00,classification,RandForest,auc,0.6621849538784041,0.8234694207416009,0.1612844668631967,7.764362499990966,0.25,uniform,annual,"2016,2017,2018,2019",data/capacity_weights_pre_and_covid_by_year,20260723T004508Z-92d6e1cf,8,,,,pre,Pre-COVID (2016-2019),results/covid_era_spatial_resolution/pre/model_results.csv
fr,data/country_weather_by_era/pre/weather_era5_fr_uniform_0p25deg.csv,35003,28002,7001,2019-03-14 21:00:00+00:00,2019-12-31 22:00:00+00:00,classification,RandForest,auc,,,,1.5218443750054576,0.25,uniform,annual,"2016,2017,2018,2019",data/capacity_weights_pre_and_covid_by_year,20260723T004508Z-92d6e1cf,8,,,,pre,Pre-COVID (2016-2019),results/covid_era_spatial_resolution/pre/model_results.csv
gr,data/country_weather_by_era/pre/weather_era5_gr_uniform_0p25deg.csv,35023,28018,7005,2019-03-14 23:00:00+00:00,2019-12-31 21:00:00+00:00,classification,RandForest,auc,0.7781186355463523,0.9161802342260964,0.1380615986797442,6.041053750028368,0.25,uniform,annual,"2016,2017,2018,2019",data/capacity_weights_pre_and_covid_by_year,20260723T004508Z-92d6e1cf,8,,,,pre,Pre-COVID (2016-2019),results/covid_era_spatial_resolution/pre/model_results.csv
hr,data/country_weather_by_era/pre/weather_era5_hr_uniform_0p25deg.csv,8760,7008,1752,2019-10-19 23:00:00+00:00,2019-12-31 22:00:00+00:00,classification,RandForest,auc,0.6799132329729267,0.8280443556829126,0.1481311227099858,3.0326273750397377,0.25,uniform,annual,"2016,2017,2018,2019",data/capacity_weights_pre_and_covid_by_year,20260723T004508Z-92d6e1cf,8,,,,pre,Pre-COVID (2016-2019),results/covid_era_spatial_resolution/pre/model_results.csv
ie,data/country_weather_by_era/pre/weather_era5_ie_uniform_0p25deg.csv,34879,27903,6976,2019-03-15 16:00:00+00:00,2019-12-31 23:00:00+00:00,classification,RandForest,auc,0.6342084079463963,0.9528018256029994,0.3185934176566031,8.244066540966742,0.25,uniform,annual,"2016,2017,2018,2019",data/capacity_weights_pre_and_covid_by_year,20260723T004508Z-92d6e1cf,8,,,,pre,Pre-COVID (2016-2019),results/covid_era_spatial_resolution/pre/model_results.csv
lt,data/country_weather_by_era/pre/weather_era5_lt_uniform_0p25deg.csv,34352,27481,6871,2019-03-19 09:00:00+00:00,2019-12-31 21:00:00+00:00,classification,RandForest,auc,0.8089301625341813,0.9962899806433771,0.187359818109196,5.252330166986212,0.25,uniform,annual,"2016,2017,2018,2019",data/capacity_weights_pre_and_covid_by_year,20260723T004508Z-92d6e1cf,8,,,,pre,Pre-COVID (2016-2019),results/covid_era_spatial_resolution/pre/model_results.csv
lv,data/country_weather_by_era/pre/weather_era5_lv_uniform_0p25deg.csv,34992,27993,6999,2019-03-14 06:00:00+00:00,2019-12-31 21:00:00+00:00,classification,RandForest,auc,0.8537737228763356,0.8130775079184772,-0.0406962149578583,9.167993292037863,0.25,uniform,annual,"2016,2017,2018,2019",data/capacity_weights_pre_and_covid_by_year,20260723T004508Z-92d6e1cf,8,,,,pre,Pre-COVID (2016-2019),results/covid_era_spatial_resolution/pre/model_results.csv
nl,data/country_weather_by_era/pre/weather_era5_nl_uniform_0p25deg.csv,35063,28050,7013,2019-03-14 18:00:00+00:00,2019-12-31 22:00:00+00:00,classification,RandForest,auc,,,,0.6998769160127267,0.25,uniform,annual,"2016,2017,2018,2019",data/capacity_weights_pre_and_covid_by_year,20260723T004508Z-92d6e1cf,8,,,,pre,Pre-COVID (2016-2019),results/covid_era_spatial_resolution/pre/model_results.csv
pt,data/country_weather_by_era/pre/weather_era5_pt_uniform_0p25deg.csv,35064,28051,7013,2019-03-14 19:00:00+00:00,2019-12-31 23:00:00+00:00,classification,RandForest,auc,0.6568969007389506,0.8346348508925481,0.1777379501535975,8.665963583975099,0.25,uniform,annual,"2016,2017,2018,2019",data/capacity_weights_pre_and_covid_by_year,20260723T004508Z-92d6e1cf,8,,,,pre,Pre-COVID (2016-2019),results/covid_era_spatial_resolution/pre/model_results.csv
ro,data/country_weather_by_era/pre/weather_era5_ro_uniform_0p25deg.csv,35009,28007,7002,2019-03-15 04:00:00+00:00,2019-12-31 21:00:00+00:00,classification,RandForest,auc,0.8077304050011348,0.7948160164228684,-0.0129143885782664,8.948783915955573,0.25,uniform,annual,"2016,2017,2018,2019",data/capacity_weights_pre_and_covid_by_year,20260723T004508Z-92d6e1cf,8,,,,pre,Pre-COVID (2016-2019),results/covid_era_spatial_resolution/pre/model_results.csv
rs,data/country_weather_by_era/pre/weather_era5_rs_uniform_0p25deg.csv,26487,21189,5298,2019-05-25 05:00:00+00:00,2019-12-31 22:00:00+00:00,classification,RandForest,auc,0.6843419062027231,0.5397787443267775,-0.1445631618759455,6.479813666956034,0.25,uniform,annual,"2016,2017,2018,2019",data/capacity_weights_pre_and_covid_by_year,20260723T004508Z-92d6e1cf,8,,,,pre,Pre-COVID (2016-2019),results/covid_era_spatial_resolution/pre/model_results.csv
si,data/country_weather_by_era/pre/weather_era5_si_uniform_0p25deg.csv,35061,28048,7013,2019-03-14 18:00:00+00:00,2019-12-31 22:00:00+00:00,classification,RandForest,auc,0.6774616826980353,0.6423562874561662,-0.035105395241869,9.189243541040923,0.25,uniform,annual,"2016,2017,2018,2019",data/capacity_weights_pre_and_covid_by_year,20260723T004508Z-92d6e1cf,8,,,,pre,Pre-COVID (2016-2019),results/covid_era_spatial_resolution/pre/model_results.csv
sk,data/country_weather_by_era/pre/weather_era5_sk_uniform_0p25deg.csv,34873,27898,6975,2019-03-16 08:00:00+00:00,2019-12-31 22:00:00+00:00,classification,RandForest,auc,,,,0.8151657080161385,0.25,uniform,annual,"2016,2017,2018,2019",data/capacity_weights_pre_and_covid_by_year,20260723T004508Z-92d6e1cf,8,,,,pre,Pre-COVID (2016-2019),results/covid_era_spatial_resolution/pre/model_results.csv
at,data/country_weather_by_era/pre/weather_era5_at_uniform_0p5deg.csv,35063,28050,7013,2019-03-14 18:00:00+00:00,2019-12-31 22:00:00+00:00,classification,RandForest,auc,0.8414164202328718,0.8429153278606625,0.0014989076277907,8.599077125021722,0.5,uniform,annual,"2016,2017,2018,2019",data/capacity_weights_pre_and_covid_by_year,20260723T004508Z-92d6e1cf,8,,,,pre,Pre-COVID (2016-2019),results/covid_era_spatial_resolution/pre/model_results.csv
be,data/country_weather_by_era/pre/weather_era5_be_uniform_0p5deg.csv,35063,28050,7013,2019-03-14 18:00:00+00:00,2019-12-31 22:00:00+00:00,classification,RandForest,auc,,,,0.845983375038486,0.5,uniform,annual,"2016,2017,2018,2019",data/capacity_weights_pre_and_covid_by_year,20260723T004508Z-92d6e1cf,8,,,,pre,Pre-COVID (2016-2019),results/covid_era_spatial_resolution/pre/model_results.csv
bg,data/country_weather_by_era/pre/weather_era5_bg_uniform_0p5deg.csv,35062,28049,7013,2019-03-14 17:00:00+00:00,2019-12-31 21:00:00+00:00,classification,RandForest,auc,,,,0.8109715419705026,0.5,uniform,annual,"2016,2017,2018,2019",data/capacity_weights_pre_and_covid_by_year,20260723T004508Z-92d6e1cf,8,,,,pre,Pre-COVID (2016-2019),results/covid_era_spatial_resolution/pre/model_results.csv
cz,data/country_weather_by_era/pre/weather_era5_cz_uniform_0p5deg.csv,35041,28032,7009,2019-03-14 18:00:00+00:00,2019-12-31 22:00:00+00:00,classification,RandForest,auc,,,,0.8769702920108102,0.5,uniform,annual,"2016,2017,2018,2019",data/capacity_weights_pre_and_covid_by_year,20260723T004508Z-92d6e1cf,8,,,,pre,Pre-COVID (2016-2019),results/covid_era_spatial_resolution/pre/model_results.csv
de,data/country_weather_by_era/pre/weather_era5_de_uniform_0p5deg.csv,35063,28050,7013,2019-03-14 18:00:00+00:00,2019-12-31 22:00:00+00:00,classification,RandForest,auc,0.7858043350729309,0.9520275551413157,0.1662232200683847,9.381773624976631,0.5,uniform,annual,"2016,2017,2018,2019",data/capacity_weights_pre_and_covid_by_year,20260723T004508Z-92d6e1cf,8,,,,pre,Pre-COVID (2016-2019),results/covid_era_spatial_resolution/pre/model_results.csv
dk,data/country_weather_by_era/pre/weather_era5_dk_uniform_0p5deg.csv,35063,28050,7013,2019-03-14 18:00:00+00:00,2019-12-31 22:00:00+00:00,classification,RandForest,auc,0.639169158465554,0.937859441611808,0.298690283146254,8.981340625032317,0.5,uniform,annual,"2016,2017,2018,2019",data/capacity_weights_pre_and_covid_by_year,20260723T004508Z-92d6e1cf,8,,,,pre,Pre-COVID (2016-2019),results/covid_era_spatial_resolution/pre/model_results.csv
es,data/country_weather_by_era/pre/weather_era5_es_uniform_0p5deg.csv,35054,28043,7011,2019-03-14 15:00:00+00:00,2019-12-31 22:00:00+00:00,classification,RandForest,auc,0.6621849538784041,0.8227499636323851,0.1605650097539809,8.826106040971354,0.5,uniform,annual,"2016,2017,2018,2019",data/capacity_weights_pre_and_covid_by_year,20260723T004508Z-92d6e1cf,8,,,,pre,Pre-COVID (2016-2019),results/covid_era_spatial_resolution/pre/model_results.csv
fr,data/country_weather_by_era/pre/weather_era5_fr_uniform_0p5deg.csv,35003,28002,7001,2019-03-14 21:00:00+00:00,2019-12-31 22:00:00+00:00,classification,RandForest,auc,,,,0.9433732919860632,0.5,uniform,annual,"2016,2017,2018,2019",data/capacity_weights_pre_and_covid_by_year,20260723T004508Z-92d6e1cf,8,,,,pre,Pre-COVID (2016-2019),results/covid_era_spatial_resolution/pre/model_results.csv
gr,data/country_weather_by_era/pre/weather_era5_gr_uniform_0p5deg.csv,35023,28018,7005,2019-03-14 23:00:00+00:00,2019-12-31 21:00:00+00:00,classification,RandForest,auc,0.7781186355463523,0.9161802342260964,0.1380615986797442,6.436931292002555,0.5,uniform,annual,"2016,2017,2018,2019",data/capacity_weights_pre_and_covid_by_year,20260723T004508Z-92d6e1cf,8,,,,pre,Pre-COVID (2016-2019),results/covid_era_spatial_resolution/pre/model_results.csv
hr,data/country_weather_by_era/pre/weather_era5_hr_uniform_0p5deg.csv,8760,7008,1752,2019-10-19 23:00:00+00:00,2019-12-31 22:00:00+00:00,classification,RandForest,auc,0.6799132329729267,0.8171575151059465,0.1372442821330197,3.1661500000045635,0.5,uniform,annual,"2016,2017,2018,2019",data/capacity_weights_pre_and_covid_by_year,20260723T004508Z-92d6e1cf,8,,,,pre,Pre-COVID (2016-2019),results/covid_era_spatial_resolution/pre/model_results.csv
ie,data/country_weather_by_era/pre/weather_era5_ie_uniform_0p5deg.csv,34879,27903,6976,2019-03-15 16:00:00+00:00,2019-12-31 23:00:00+00:00,classification,RandForest,auc,0.6342084079463963,0.94997351761709,0.3157651096706938,8.307980292011052,0.5,uniform,annual,"2016,2017,2018,2019",data/capacity_weights_pre_and_covid_by_year,20260723T004508Z-92d6e1cf,8,,,,pre,Pre-COVID (2016-2019),results/covid_era_spatial_resolution/pre/model_results.csv
lt,data/country_weather_by_era/pre/weather_era5_lt_uniform_0p5deg.csv,34352,27481,6871,2019-03-19 09:00:00+00:00,2019-12-31 21:00:00+00:00,classification,RandForest,auc,0.8089301625341813,0.995594832088979,0.1866646695547977,5.289308417006396,0.5,uniform,annual,"2016,2017,2018,2019",data/capacity_weights_pre_and_covid_by_year,20260723T004508Z-92d6e1cf,8,,,,pre,Pre-COVID (2016-2019),results/covid_era_spatial_resolution/pre/model_results.csv
lv,data/country_weather_by_era/pre/weather_era5_lv_uniform_0p5deg.csv,34992,27993,6999,2019-03-14 06:00:00+00:00,2019-12-31 21:00:00+00:00,classification,RandForest,auc,0.8537737228763356,0.8145596304910958,-0.0392140923852397,9.282514500024265,0.5,uniform,annual,"2016,2017,2018,2019",data/capacity_weights_pre_and_covid_by_year,20260723T004508Z-92d6e1cf,8,,,,pre,Pre-COVID (2016-2019),results/covid_era_spatial_resolution/pre/model_results.csv
nl,data/country_weather_by_era/pre/weather_era5_nl_uniform_0p5deg.csv,35063,28050,7013,2019-03-14 18:00:00+00:00,2019-12-31 22:00:00+00:00,classification,RandForest,auc,,,,0.6800804160302505,0.5,uniform,annual,"2016,2017,2018,2019",data/capacity_weights_pre_and_covid_by_year,20260723T004508Z-92d6e1cf,8,,,,pre,Pre-COVID (2016-2019),results/covid_era_spatial_resolution/pre/model_results.csv
pt,data/country_weather_by_era/pre/weather_era5_pt_uniform_0p5deg.csv,35064,28051,7013,2019-03-14 19:00:00+00:00,2019-12-31 23:00:00+00:00,classification,RandForest,auc,0.6568969007389506,0.8361342277435455,0.1792373270045949,8.52143566700397,0.5,uniform,annual,"2016,2017,2018,2019",data/capacity_weights_pre_and_covid_by_year,20260723T004508Z-92d6e1cf,8,,,,pre,Pre-COVID (2016-2019),results/covid_era_spatial_resolution/pre/model_results.csv
ro,data/country_weather_by_era/pre/weather_era5_ro_uniform_0p5deg.csv,35009,28007,7002,2019-03-15 04:00:00+00:00,2019-12-31 21:00:00+00:00,classification,RandForest,auc,0.8077304050011348,0.7944656378303658,-0.0132647671707689,9.135460791992957,0.5,uniform,annual,"2016,2017,2018,2019",data/capacity_weights_pre_and_covid_by_year,20260723T004508Z-92d6e1cf,8,,,,pre,Pre-COVID (2016-2019),results/covid_era_spatial_resolution/pre/model_results.csv
rs,data/country_weather_by_era/pre/weather_era5_rs_uniform_0p5deg.csv,26487,21189,5298,2019-05-25 05:00:00+00:00,2019-12-31 22:00:00+00:00,classification,RandForest,auc,0.6843419062027231,0.5821104387291983,-0.1022314674735247,6.353129499999341,0.5,uniform,annual,"2016,2017,2018,2019",data/capacity_weights_pre_and_covid_by_year,20260723T004508Z-92d6e1cf,8,,,,pre,Pre-COVID (2016-2019),results/covid_era_spatial_resolution/pre/model_results.csv
si,data/country_weather_by_era/pre/weather_era5_si_uniform_0p5deg.csv,35061,28048,7013,2019-03-14 18:00:00+00:00,2019-12-31 22:00:00+00:00,classification,RandForest,auc,0.6774616826980353,0.6471247779176313,-0.0303369047804039,9.041452958015723,0.5,uniform,annual,"2016,2017,2018,2019",data/capacity_weights_pre_and_covid_by_year,20260723T004508Z-92d6e1cf,8,,,,pre,Pre-COVID (2016-2019),results/covid_era_spatial_resolution/pre/model_results.csv
sk,data/country_weather_by_era/pre/weather_era5_sk_uniform_0p5deg.csv,34873,27898,6975,2019-03-16 08:00:00+00:00,2019-12-31 22:00:00+00:00,classification,RandForest,auc,,,,0.7781477079843171,0.5,uniform,annual,"2016,2017,2018,2019",data/capacity_weights_pre_and_covid_by_year,20260723T004508Z-92d6e1cf,8,,,,pre,Pre-COVID (2016-2019),results/covid_era_spatial_resolution/pre/model_results.csv
at,data/country_weather_by_era/pre/weather_era5_at_uniform_1p0deg.csv,35063,28050,7013,2019-03-14 18:00:00+00:00,2019-12-31 22:00:00+00:00,classification,RandForest,auc,0.8414164202328718,0.8452023269660801,0.0037859067332083,8.138103541976307,1.0,uniform,annual,"2016,2017,2018,2019",data/capacity_weights_pre_and_covid_by_year,20260723T004508Z-92d6e1cf,8,,,,pre,Pre-COVID (2016-2019),results/covid_era_spatial_resolution/pre/model_results.csv
be,data/country_weather_by_era/pre/weather_era5_be_uniform_1p0deg.csv,35063,28050,7013,2019-03-14 18:00:00+00:00,2019-12-31 22:00:00+00:00,classification,RandForest,auc,,,,0.7945197920198552,1.0,uniform,annual,"2016,2017,2018,2019",data/capacity_weights_pre_and_covid_by_year,20260723T004508Z-92d6e1cf,8,,,,pre,Pre-COVID (2016-2019),results/covid_era_spatial_resolution/pre/model_results.csv
bg,data/country_weather_by_era/pre/weather_era5_bg_uniform_1p0deg.csv,35062,28049,7013,2019-03-14 17:00:00+00:00,2019-12-31 21:00:00+00:00,classification,RandForest,auc,,,,0.797733666957356,1.0,uniform,annual,"2016,2017,2018,2019",data/capacity_weights_pre_and_covid_by_year,20260723T004508Z-92d6e1cf,8,,,,pre,Pre-COVID (2016-2019),results/covid_era_spatial_resolution/pre/model_results.csv
cz,data/country_weather_by_era/pre/weather_era5_cz_uniform_1p0deg.csv,35041,28032,7009,2019-03-14 18:00:00+00:00,2019-12-31 22:00:00+00:00,classification,RandForest,auc,,,,1.6771885000052862,1.0,uniform,annual,"2016,2017,2018,2019",data/capacity_weights_pre_and_covid_by_year,20260723T004508Z-92d6e1cf,8,,,,pre,Pre-COVID (2016-2019),results/covid_era_spatial_resolution/pre/model_results.csv
de,data/country_weather_by_era/pre/weather_era5_de_uniform_1p0deg.csv,35063,28050,7013,2019-03-14 18:00:00+00:00,2019-12-31 22:00:00+00:00,classification,RandForest,auc,0.7858043350729309,0.9535923952130034,0.1677880601400725,9.403160083980763,1.0,uniform,annual,"2016,2017,2018,2019",data/capacity_weights_pre_and_covid_by_year,20260723T004508Z-92d6e1cf,8,,,,pre,Pre-COVID (2016-2019),results/covid_era_spatial_resolution/pre/model_results.csv
dk,data/country_weather_by_era/pre/weather_era5_dk_uniform_1p0deg.csv,35063,28050,7013,2019-03-14 18:00:00+00:00,2019-12-31 22:00:00+00:00,classification,RandForest,auc,0.639169158465554,0.9340150696217646,0.2948459111562106,8.947543458023574,1.0,uniform,annual,"2016,2017,2018,2019",data/capacity_weights_pre_and_covid_by_year,20260723T004508Z-92d6e1cf,8,,,,pre,Pre-COVID (2016-2019),results/covid_era_spatial_resolution/pre/model_results.csv
es,data/country_weather_by_era/pre/weather_era5_es_uniform_1p0deg.csv,35054,28043,7011,2019-03-14 15:00:00+00:00,2019-12-31 22:00:00+00:00,classification,RandForest,auc,0.6621849538784041,0.823771986865385,0.1615870329869808,8.373934582981747,1.0,uniform,annual,"2016,2017,2018,2019",data/capacity_weights_pre_and_covid_by_year,20260723T004508Z-92d6e1cf,8,,,,pre,Pre-COVID (2016-2019),results/covid_era_spatial_resolution/pre/model_results.csv
fr,data/country_weather_by_era/pre/weather_era5_fr_uniform_1p0deg.csv,35003,28002,7001,2019-03-14 21:00:00+00:00,2019-12-31 22:00:00+00:00,classification,RandForest,auc,,,,0.898930958006531,1.0,uniform,annual,"2016,2017,2018,2019",data/capacity_weights_pre_and_covid_by_year,20260723T004508Z-92d6e1cf,8,,,,pre,Pre-COVID (2016-2019),results/covid_era_spatial_resolution/pre/model_results.csv
gr,data/country_weather_by_era/pre/weather_era5_gr_uniform_1p0deg.csv,35023,28018,7005,2019-03-14 23:00:00+00:00,2019-12-31 21:00:00+00:00,classification,RandForest,auc,0.7781186355463523,0.9156994827483362,0.1375808472019839,6.419261500006542,1.0,uniform,annual,"2016,2017,2018,2019",data/capacity_weights_pre_and_covid_by_year,20260723T004508Z-92d6e1cf,8,,,,pre,Pre-COVID (2016-2019),results/covid_era_spatial_resolution/pre/model_results.csv
hr,data/country_weather_by_era/pre/weather_era5_hr_uniform_1p0deg.csv,8760,7008,1752,2019-10-19 23:00:00+00:00,2019-12-31 22:00:00+00:00,classification,RandForest,auc,0.6799132329729267,0.8150775459823372,0.1351643130094104,3.2756930830073543,1.0,uniform,annual,"2016,2017,2018,2019",data/capacity_weights_pre_and_covid_by_year,20260723T004508Z-92d6e1cf,8,,,,pre,Pre-COVID (2016-2019),results/covid_era_spatial_resolution/pre/model_results.csv
ie,data/country_weather_by_era/pre/weather_era5_ie_uniform_1p0deg.csv,34879,27903,6976,2019-03-15 16:00:00+00:00,2019-12-31 23:00:00+00:00,classification,RandForest,auc,0.6342084079463963,0.9351644009516844,0.3009559930052879,8.455639625026379,1.0,uniform,annual,"2016,2017,2018,2019",data/capacity_weights_pre_and_covid_by_year,20260723T004508Z-92d6e1cf,8,,,,pre,Pre-COVID (2016-2019),results/covid_era_spatial_resolution/pre/model_results.csv
lt,data/country_weather_by_era/pre/weather_era5_lt_uniform_1p0deg.csv,34352,27481,6871,2019-03-19 09:00:00+00:00,2019-12-31 21:00:00+00:00,classification,RandForest,auc,0.8089301625341813,0.9953989615018282,0.1864687989676469,5.347903916030191,1.0,uniform,annual,"2016,2017,2018,2019",data/capacity_weights_pre_and_covid_by_year,20260723T004508Z-92d6e1cf,8,,,,pre,Pre-COVID (2016-2019),results/covid_era_spatial_resolution/pre/model_results.csv
lv,data/country_weather_by_era/pre/weather_era5_lv_uniform_1p0deg.csv,34992,27993,6999,2019-03-14 06:00:00+00:00,2019-12-31 21:00:00+00:00,classification,RandForest,auc,0.8537737228763356,0.8144158858376958,-0.0393578370386398,9.527937957958784,1.0,uniform,annual,"2016,2017,2018,2019",data/capacity_weights_pre_and_covid_by_year,20260723T004508Z-92d6e1cf,8,,,,pre,Pre-COVID (2016-2019),results/covid_era_spatial_resolution/pre/model_results.csv
nl,data/country_weather_by_era/pre/weather_era5_nl_uniform_1p0deg.csv,35063,28050,7013,2019-03-14 18:00:00+00:00,2019-12-31 22:00:00+00:00,classification,RandForest,auc,,,,0.7057271669618785,1.0,uniform,annual,"2016,2017,2018,2019",data/capacity_weights_pre_and_covid_by_year,20260723T004508Z-92d6e1cf,8,,,,pre,Pre-COVID (2016-2019),results/covid_era_spatial_resolution/pre/model_results.csv
pt,data/country_weather_by_era/pre/weather_era5_pt_uniform_1p0deg.csv,35064,28051,7013,2019-03-14 19:00:00+00:00,2019-12-31 23:00:00+00:00,classification,RandForest,auc,0.6568969007389506,0.8363936001528388,0.1794966994138882,8.61353745800443,1.0,uniform,annual,"2016,2017,2018,2019",data/capacity_weights_pre_and_covid_by_year,20260723T004508Z-92d6e1cf,8,,,,pre,Pre-COVID (2016-2019),results/covid_era_spatial_resolution/pre/model_results.csv
ro,data/country_weather_by_era/pre/weather_era5_ro_uniform_1p0deg.csv,35009,28007,7002,2019-03-15 04:00:00+00:00,2019-12-31 21:00:00+00:00,classification,RandForest,auc,0.8077304050011348,0.7950349192267222,-0.0126954857744125,8.220594374986831,1.0,uniform,annual,"2016,2017,2018,2019",data/capacity_weights_pre_and_covid_by_year,20260723T004508Z-92d6e1cf,8,,,,pre,Pre-COVID (2016-2019),results/covid_era_spatial_resolution/pre/model_results.csv
rs,data/country_weather_by_era/pre/weather_era5_rs_uniform_1p0deg.csv,26487,21189,5298,2019-05-25 05:00:00+00:00,2019-12-31 22:00:00+00:00,classification,RandForest,auc,0.6843419062027231,0.6265790468986384,-0.0577628593040846,6.644684209022671,1.0,uniform,annual,"2016,2017,2018,2019",data/capacity_weights_pre_and_covid_by_year,20260723T004508Z-92d6e1cf,8,,,,pre,Pre-COVID (2016-2019),results/covid_era_spatial_resolution/pre/model_results.csv
si,data/country_weather_by_era/pre/weather_era5_si_uniform_1p0deg.csv,35061,28048,7013,2019-03-14 18:00:00+00:00,2019-12-31 22:00:00+00:00,classification,RandForest,auc,0.6774616826980353,0.6455411946606995,-0.0319204880373358,8.952246541972272,1.0,uniform,annual,"2016,2017,2018,2019",data/capacity_weights_pre_and_covid_by_year,20260723T004508Z-92d6e1cf,8,,,,pre,Pre-COVID (2016-2019),results/covid_era_spatial_resolution/pre/model_results.csv
sk,data/country_weather_by_era/pre/weather_era5_sk_uniform_1p0deg.csv,34873,27898,6975,2019-03-16 08:00:00+00:00,2019-12-31 22:00:00+00:00,classification,RandForest,auc,,,,0.8299432499916293,1.0,uniform,annual,"2016,2017,2018,2019",data/capacity_weights_pre_and_covid_by_year,20260723T004508Z-92d6e1cf,8,,,,pre,Pre-COVID (2016-2019),results/covid_era_spatial_resolution/pre/model_results.csv
at,data/country_weather_by_era/pre/weather_era5_at_uniform_2p0deg.csv,35063,28050,7013,2019-03-14 18:00:00+00:00,2019-12-31 22:00:00+00:00,classification,RandForest,auc,0.8414164202328718,0.8499348929802449,0.0085184727473731,7.939237457991112,2.0,uniform,annual,"2016,2017,2018,2019",data/capacity_weights_pre_and_covid_by_year,20260723T004508Z-92d6e1cf,8,,,,pre,Pre-COVID (2016-2019),results/covid_era_spatial_resolution/pre/model_results.csv
be,data/country_weather_by_era/pre/weather_era5_be_uniform_2p0deg.csv,35063,28050,7013,2019-03-14 18:00:00+00:00,2019-12-31 22:00:00+00:00,classification,RandForest,auc,,,,0.8462212500162423,2.0,uniform,annual,"2016,2017,2018,2019",data/capacity_weights_pre_and_covid_by_year,20260723T004508Z-92d6e1cf,8,,,,pre,Pre-COVID (2016-2019),results/covid_era_spatial_resolution/pre/model_results.csv
bg,data/country_weather_by_era/pre/weather_era5_bg_uniform_2p0deg.csv,35062,28049,7013,2019-03-14 17:00:00+00:00,2019-12-31 21:00:00+00:00,classification,RandForest,auc,,,,0.8226451250375248,2.0,uniform,annual,"2016,2017,2018,2019",data/capacity_weights_pre_and_covid_by_year,20260723T004508Z-92d6e1cf,8,,,,pre,Pre-COVID (2016-2019),results/covid_era_spatial_resolution/pre/model_results.csv
cz,data/country_weather_by_era/pre/weather_era5_cz_uniform_2p0deg.csv,35041,28032,7009,2019-03-14 18:00:00+00:00,2019-12-31 22:00:00+00:00,classification,RandForest,auc,,,,1.6140669169835746,2.0,uniform,annual,"2016,2017,2018,2019",data/capacity_weights_pre_and_covid_by_year,20260723T004508Z-92d6e1cf,8,,,,pre,Pre-COVID (2016-2019),results/covid_era_spatial_resolution/pre/model_results.csv
de,data/country_weather_by_era/pre/weather_era5_de_uniform_2p0deg.csv,35063,28050,7013,2019-03-14 18:00:00+00:00,2019-12-31 22:00:00+00:00,classification,RandForest,auc,0.7858043350729309,0.9441087656992456,0.1583044306263147,9.173265290970448,2.0,uniform,annual,"2016,2017,2018,2019",data/capacity_weights_pre_and_covid_by_year,20260723T004508Z-92d6e1cf,8,,,,pre,Pre-COVID (2016-2019),results/covid_era_spatial_resolution/pre/model_results.csv
dk,data/country_weather_by_era/pre/weather_era5_dk_uniform_2p0deg.csv,35063,28050,7013,2019-03-14 18:00:00+00:00,2019-12-31 22:00:00+00:00,classification,RandForest,auc,0.639169158465554,0.9228240592487506,0.2836549007831965,9.150061000022106,2.0,uniform,annual,"2016,2017,2018,2019",data/capacity_weights_pre_and_covid_by_year,20260723T004508Z-92d6e1cf,8,,,,pre,Pre-COVID (2016-2019),results/covid_era_spatial_resolution/pre/model_results.csv
es,data/country_weather_by_era/pre/weather_era5_es_uniform_2p0deg.csv,35054,28043,7011,2019-03-14 15:00:00+00:00,2019-12-31 22:00:00+00:00,classification,RandForest,auc,0.6621849538784041,0.8297057518025281,0.167520797924124,8.292441500001587,2.0,uniform,annual,"2016,2017,2018,2019",data/capacity_weights_pre_and_covid_by_year,20260723T004508Z-92d6e1cf,8,,,,pre,Pre-COVID (2016-2019),results/covid_era_spatial_resolution/pre/model_results.csv
fr,data/country_weather_by_era/pre/weather_era5_fr_uniform_2p0deg.csv,35003,28002,7001,2019-03-14 21:00:00+00:00,2019-12-31 22:00:00+00:00,classification,RandForest,auc,,,,0.8910897090099752,2.0,uniform,annual,"2016,2017,2018,2019",data/capacity_weights_pre_and_covid_by_year,20260723T004508Z-92d6e1cf,8,,,,pre,Pre-COVID (2016-2019),results/covid_era_spatial_resolution/pre/model_results.csv
gr,data/country_weather_by_era/pre/weather_era5_gr_uniform_2p0deg.csv,35023,28018,7005,2019-03-14 23:00:00+00:00,2019-12-31 21:00:00+00:00,classification,RandForest,auc,0.7781186355463523,0.9237096403098398,0.1455910047634875,6.401364582998212,2.0,uniform,annual,"2016,2017,2018,2019",data/capacity_weights_pre_and_covid_by_year,20260723T004508Z-92d6e1cf,8,,,,pre,Pre-COVID (2016-2019),results/covid_era_spatial_resolution/pre/model_results.csv
hr,data/country_weather_by_era/pre/weather_era5_hr_uniform_2p0deg.csv,8760,7008,1752,2019-10-19 23:00:00+00:00,2019-12-31 22:00:00+00:00,classification,RandForest,auc,0.6799132329729267,0.8026505269558537,0.1227372939829269,3.209089750016574,2.0,uniform,annual,"2016,2017,2018,2019",data/capacity_weights_pre_and_covid_by_year,20260723T004508Z-92d6e1cf,8,,,,pre,Pre-COVID (2016-2019),results/covid_era_spatial_resolution/pre/model_results.csv
ie,data/country_weather_by_era/pre/weather_era5_ie_uniform_2p0deg.csv,34879,27903,6976,2019-03-15 16:00:00+00:00,2019-12-31 23:00:00+00:00,classification,RandForest,auc,0.6342084079463963,0.9179220051787772,0.2837135972323809,8.631270749960095,2.0,uniform,annual,"2016,2017,2018,2019",data/capacity_weights_pre_and_covid_by_year,20260723T004508Z-92d6e1cf,8,,,,pre,Pre-COVID (2016-2019),results/covid_era_spatial_resolution/pre/model_results.csv
lt,data/country_weather_by_era/pre/weather_era5_lt_uniform_2p0deg.csv,34352,27481,6871,2019-03-19 09:00:00+00:00,2019-12-31 21:00:00+00:00,classification,RandForest,auc,0.8089301625341813,0.9917887977386548,0.1828586352044736,5.097947166999802,2.0,uniform,annual,"2016,2017,2018,2019",data/capacity_weights_pre_and_covid_by_year,20260723T004508Z-92d6e1cf,8,,,,pre,Pre-COVID (2016-2019),results/covid_era_spatial_resolution/pre/model_results.csv
lv,data/country_weather_by_era/pre/weather_era5_lv_uniform_2p0deg.csv,34992,27993,6999,2019-03-14 06:00:00+00:00,2019-12-31 21:00:00+00:00,classification,RandForest,auc,0.8537737228763356,0.8141776303268162,-0.0395960925495193,9.18298500002129,2.0,uniform,annual,"2016,2017,2018,2019",data/capacity_weights_pre_and_covid_by_year,20260723T004508Z-92d6e1cf,8,,,,pre,Pre-COVID (2016-2019),results/covid_era_spatial_resolution/pre/model_results.csv
nl,data/country_weather_by_era/pre/weather_era5_nl_uniform_2p0deg.csv,35063,28050,7013,2019-03-14 18:00:00+00:00,2019-12-31 22:00:00+00:00,classification,RandForest,auc,,,,0.7780091669992544,2.0,uniform,annual,"2016,2017,2018,2019",data/capacity_weights_pre_and_covid_by_year,20260723T004508Z-92d6e1cf,8,,,,pre,Pre-COVID (2016-2019),results/covid_era_spatial_resolution/pre/model_results.csv
pt,data/country_weather_by_era/pre/weather_era5_pt_uniform_2p0deg.csv,35064,28051,7013,2019-03-14 19:00:00+00:00,2019-12-31 23:00:00+00:00,classification,RandForest,auc,0.6568969007389506,0.8367806974165009,0.1798837966775502,8.412518208031543,2.0,uniform,annual,"2016,2017,2018,2019",data/capacity_weights_pre_and_covid_by_year,20260723T004508Z-92d6e1cf,8,,,,pre,Pre-COVID (2016-2019),results/covid_era_spatial_resolution/pre/model_results.csv
ro,data/country_weather_by_era/pre/weather_era5_ro_uniform_2p0deg.csv,35009,28007,7002,2019-03-15 04:00:00+00:00,2019-12-31 21:00:00+00:00,classification,RandForest,auc,0.8077304050011348,0.8037746807237616,-0.0039557242773732,8.315366709022783,2.0,uniform,annual,"2016,2017,2018,2019",data/capacity_weights_pre_and_covid_by_year,20260723T004508Z-92d6e1cf,8,,,,pre,Pre-COVID (2016-2019),results/covid_era_spatial_resolution/pre/model_results.csv
rs,data/country_weather_by_era/pre/weather_era5_rs_uniform_2p0deg.csv,26487,21189,5298,2019-05-25 05:00:00+00:00,2019-12-31 22:00:00+00:00,classification,RandForest,auc,0.6843419062027231,0.5257469742813918,-0.1585949319213312,6.703281791007612,2.0,uniform,annual,"2016,2017,2018,2019",data/capacity_weights_pre_and_covid_by_year,20260723T004508Z-92d6e1cf,8,,,,pre,Pre-COVID (2016-2019),results/covid_era_spatial_resolution/pre/model_results.csv
si,data/country_weather_by_era/pre/weather_era5_si_uniform_2p0deg.csv,35061,28048,7013,2019-03-14 18:00:00+00:00,2019-12-31 22:00:00+00:00,classification,RandForest,auc,0.6774616826980353,0.6405332696222398,-0.0369284130757955,9.09364833397558,2.0,uniform,annual,"2016,2017,2018,2019",data/capacity_weights_pre_and_covid_by_year,20260723T004508Z-92d6e1cf,8,,,,pre,Pre-COVID (2016-2019),results/covid_era_spatial_resolution/pre/model_results.csv
sk,data/country_weather_by_era/pre/weather_era5_sk_uniform_2p0deg.csv,34873,27898,6975,2019-03-16 08:00:00+00:00,2019-12-31 22:00:00+00:00,classification,RandForest,auc,,,,0.8072712919674814,2.0,uniform,annual,"2016,2017,2018,2019",data/capacity_weights_pre_and_covid_by_year,20260723T004508Z-92d6e1cf,8,,,,pre,Pre-COVID (2016-2019),results/covid_era_spatial_resolution/pre/model_results.csv
at,data/country_weather_by_era/pre/weather_era5_at_uniform_0p25deg.csv,35063,28050,7013,2019-03-14 18:00:00+00:00,2019-12-31 22:00:00+00:00,regression,GradientBoosting,r2,0.4961037552761327,0.5391134242031368,0.043009668927004,8.569318624970037,0.25,uniform,annual,"2016,2017,2018,2019",data/capacity_weights_pre_and_covid_by_year,20260723T004508Z-92d6e1cf,8,13.890435006547255,13.174313962087286,0.716121044459971,pre,Pre-COVID (2016-2019),results/covid_era_spatial_resolution/pre/model_results.csv
be,data/country_weather_by_era/pre/weather_era5_be_uniform_0p25deg.csv,35063,28050,7013,2019-03-14 18:00:00+00:00,2019-12-31 22:00:00+00:00,regression,GradientBoosting,r2,0.0818294581833128,0.6561082850703621,0.5742788268870492,0.8073445000336505,0.25,uniform,annual,"2016,2017,2018,2019",data/capacity_weights_pre_and_covid_by_year,20260723T004508Z-92d6e1cf,8,7.036103977392883,4.273107898879667,2.7629960785132157,pre,Pre-COVID (2016-2019),results/covid_era_spatial_resolution/pre/model_results.csv
bg,data/country_weather_by_era/pre/weather_era5_bg_uniform_0p25deg.csv,35062,28049,7013,2019-03-14 17:00:00+00:00,2019-12-31 21:00:00+00:00,regression,GradientBoosting,r2,0.4424698074408367,0.5276851244908634,0.0852153170500266,0.8108488749712706,0.25,uniform,annual,"2016,2017,2018,2019",data/capacity_weights_pre_and_covid_by_year,20260723T004508Z-92d6e1cf,8,4.974532314217534,4.460574990481282,0.5139573237362516,pre,Pre-COVID (2016-2019),results/covid_era_spatial_resolution/pre/model_results.csv
cz,data/country_weather_by_era/pre/weather_era5_cz_uniform_0p25deg.csv,35041,28032,7009,2019-03-14 18:00:00+00:00,2019-12-31 22:00:00+00:00,regression,GradientBoosting,r2,0.6559870682110591,0.8367796785100343,0.1807926102989752,0.867611083027441,0.25,uniform,annual,"2016,2017,2018,2019",data/capacity_weights_pre_and_covid_by_year,20260723T004508Z-92d6e1cf,8,2.1063144384003674,1.5633833505301593,0.542931087870208,pre,Pre-COVID (2016-2019),results/covid_era_spatial_resolution/pre/model_results.csv
de,data/country_weather_by_era/pre/weather_era5_de_uniform_0p25deg.csv,35063,28050,7013,2019-03-14 18:00:00+00:00,2019-12-31 22:00:00+00:00,regression,GradientBoosting,r2,0.2405425301618055,0.7920306180877695,0.551488087925964,8.561697959026787,0.25,uniform,annual,"2016,2017,2018,2019",data/capacity_weights_pre_and_covid_by_year,20260723T004508Z-92d6e1cf,8,11.728238543511983,5.999541820240783,5.728696723271202,pre,Pre-COVID (2016-2019),results/covid_era_spatial_resolution/pre/model_results.csv
dk,data/country_weather_by_era/pre/weather_era5_dk_uniform_0p25deg.csv,35063,28050,7013,2019-03-14 18:00:00+00:00,2019-12-31 22:00:00+00:00,regression,GradientBoosting,r2,0.0436025566717506,0.7897567866423504,0.7461542299705998,8.03941125003621,0.25,uniform,annual,"2016,2017,2018,2019",data/capacity_weights_pre_and_covid_by_year,20260723T004508Z-92d6e1cf,8,25.48769626163998,11.254295767588395,14.233400494051583,pre,Pre-COVID (2016-2019),results/covid_era_spatial_resolution/pre/model_results.csv
es,data/country_weather_by_era/pre/weather_era5_es_uniform_0p25deg.csv,35054,28043,7011,2019-03-14 15:00:00+00:00,2019-12-31 22:00:00+00:00,regression,GradientBoosting,r2,-0.0869720831797029,0.4652498707645388,0.5522219539442418,7.764362499990966,0.25,uniform,annual,"2016,2017,2018,2019",data/capacity_weights_pre_and_covid_by_year,20260723T004508Z-92d6e1cf,8,10.300944188660576,7.489260888675936,2.8116832999846384,pre,Pre-COVID (2016-2019),results/covid_era_spatial_resolution/pre/model_results.csv
fr,data/country_weather_by_era/pre/weather_era5_fr_uniform_0p25deg.csv,35003,28002,7001,2019-03-14 21:00:00+00:00,2019-12-31 22:00:00+00:00,regression,GradientBoosting,r2,-0.3576132169728709,0.3253680986474612,0.6829813156203322,1.5218443750054576,0.25,uniform,annual,"2016,2017,2018,2019",data/capacity_weights_pre_and_covid_by_year,20260723T004508Z-92d6e1cf,8,5.11851053516646,3.8665229958042087,1.2519875393622515,pre,Pre-COVID (2016-2019),results/covid_era_spatial_resolution/pre/model_results.csv
gr,data/country_weather_by_era/pre/weather_era5_gr_uniform_0p25deg.csv,35023,28018,7005,2019-03-14 23:00:00+00:00,2019-12-31 21:00:00+00:00,regression,GradientBoosting,r2,0.3832649892319646,0.6585253515482736,0.275260362316309,6.041053750028368,0.25,uniform,annual,"2016,2017,2018,2019",data/capacity_weights_pre_and_covid_by_year,20260723T004508Z-92d6e1cf,8,6.897883376998204,5.0077361503912785,1.890147226606926,pre,Pre-COVID (2016-2019),results/covid_era_spatial_resolution/pre/model_results.csv
hr,data/country_weather_by_era/pre/weather_era5_hr_uniform_0p25deg.csv,8760,7008,1752,2019-10-19 23:00:00+00:00,2019-12-31 22:00:00+00:00,regression,GradientBoosting,r2,-1.6192286612221976,-1.0927760716553454,0.5264525895668521,3.0326273750397377,0.25,uniform,annual,"2016,2017,2018,2019",data/capacity_weights_pre_and_covid_by_year,20260723T004508Z-92d6e1cf,8,32.22091106788874,29.179163829642828,3.0417472382459145,pre,Pre-COVID (2016-2019),results/covid_era_spatial_resolution/pre/model_results.csv
ie,data/country_weather_by_era/pre/weather_era5_ie_uniform_0p25deg.csv,34879,27903,6976,2019-03-15 16:00:00+00:00,2019-12-31 23:00:00+00:00,regression,GradientBoosting,r2,0.0099800380931569,0.7945901589577128,0.7846101208645558,8.244066540966742,0.25,uniform,annual,"2016,2017,2018,2019",data/capacity_weights_pre_and_covid_by_year,20260723T004508Z-92d6e1cf,8,18.617262859141192,7.69221419066874,10.925048668472453,pre,Pre-COVID (2016-2019),results/covid_era_spatial_resolution/pre/model_results.csv
lt,data/country_weather_by_era/pre/weather_era5_lt_uniform_0p25deg.csv,34352,27481,6871,2019-03-19 09:00:00+00:00,2019-12-31 21:00:00+00:00,regression,GradientBoosting,r2,0.1020377408815622,0.7348470366743076,0.6328092957927454,5.252330166986212,0.25,uniform,annual,"2016,2017,2018,2019",data/capacity_weights_pre_and_covid_by_year,20260723T004508Z-92d6e1cf,8,6.839638314678356,3.6170716502456663,3.22256666443269,pre,Pre-COVID (2016-2019),results/covid_era_spatial_resolution/pre/model_results.csv
lv,data/country_weather_by_era/pre/weather_era5_lv_uniform_0p25deg.csv,34992,27993,6999,2019-03-14 06:00:00+00:00,2019-12-31 21:00:00+00:00,regression,GradientBoosting,r2,0.16411355877043,-0.0245454907153142,-0.1886590494857442,9.167993292037863,0.25,uniform,annual,"2016,2017,2018,2019",data/capacity_weights_pre_and_covid_by_year,20260723T004508Z-92d6e1cf,8,20.99451792190991,22.505924441902593,-1.5114065199926827,pre,Pre-COVID (2016-2019),results/covid_era_spatial_resolution/pre/model_results.csv
nl,data/country_weather_by_era/pre/weather_era5_nl_uniform_0p25deg.csv,35063,28050,7013,2019-03-14 18:00:00+00:00,2019-12-31 22:00:00+00:00,regression,GradientBoosting,r2,-0.1945913864609201,0.4331257795998587,0.6277171660607789,0.6998769160127267,0.25,uniform,annual,"2016,2017,2018,2019",data/capacity_weights_pre_and_covid_by_year,20260723T004508Z-92d6e1cf,8,3.561537360405521,2.5312420111456637,1.0302953492598572,pre,Pre-COVID (2016-2019),results/covid_era_spatial_resolution/pre/model_results.csv
pt,data/country_weather_by_era/pre/weather_era5_pt_uniform_0p25deg.csv,35064,28051,7013,2019-03-14 19:00:00+00:00,2019-12-31 23:00:00+00:00,regression,GradientBoosting,r2,-0.0804644649177241,0.3983049502268603,0.4787694151445845,8.665963583975099,0.25,uniform,annual,"2016,2017,2018,2019",data/capacity_weights_pre_and_covid_by_year,20260723T004508Z-92d6e1cf,8,17.86528061484563,13.079238037661876,4.786042577183753,pre,Pre-COVID (2016-2019),results/covid_era_spatial_resolution/pre/model_results.csv
ro,data/country_weather_by_era/pre/weather_era5_ro_uniform_0p25deg.csv,35009,28007,7002,2019-03-15 04:00:00+00:00,2019-12-31 21:00:00+00:00,regression,GradientBoosting,r2,0.3692445363366243,0.4970749907514933,0.1278304544148689,8.948783915955573,0.25,uniform,annual,"2016,2017,2018,2019",data/capacity_weights_pre_and_covid_by_year,20260723T004508Z-92d6e1cf,8,9.81303263330194,8.476852410921559,1.3361802223803814,pre,Pre-COVID (2016-2019),results/covid_era_spatial_resolution/pre/model_results.csv
rs,data/country_weather_by_era/pre/weather_era5_rs_uniform_0p25deg.csv,26487,21189,5298,2019-05-25 05:00:00+00:00,2019-12-31 22:00:00+00:00,regression,GradientBoosting,r2,0.4597746709361293,0.3880512997635206,-0.0717233711726087,6.479813666956034,0.25,uniform,annual,"2016,2017,2018,2019",data/capacity_weights_pre_and_covid_by_year,20260723T004508Z-92d6e1cf,8,4.8317197346199565,5.226583648003439,-0.3948639133834826,pre,Pre-COVID (2016-2019),results/covid_era_spatial_resolution/pre/model_results.csv
si,data/country_weather_by_era/pre/weather_era5_si_uniform_0p25deg.csv,35061,28048,7013,2019-03-14 18:00:00+00:00,2019-12-31 22:00:00+00:00,regression,GradientBoosting,r2,0.2256348149460545,0.1748100588716574,-0.050824756074397,9.189243541040923,0.25,uniform,annual,"2016,2017,2018,2019",data/capacity_weights_pre_and_covid_by_year,20260723T004508Z-92d6e1cf,8,10.793224349449606,11.00664620782329,-0.2134218583736835,pre,Pre-COVID (2016-2019),results/covid_era_spatial_resolution/pre/model_results.csv
sk,data/country_weather_by_era/pre/weather_era5_sk_uniform_0p25deg.csv,34873,27898,6975,2019-03-16 08:00:00+00:00,2019-12-31 22:00:00+00:00,regression,GradientBoosting,r2,0.0975528074582174,0.0854187730600086,-0.0121340343982088,0.8151657080161385,0.25,uniform,annual,"2016,2017,2018,2019",data/capacity_weights_pre_and_covid_by_year,20260723T004508Z-92d6e1cf,8,4.887767955863194,4.956805064729863,-0.0690371088666692,pre,Pre-COVID (2016-2019),results/covid_era_spatial_resolution/pre/model_results.csv
at,data/country_weather_by_era/pre/weather_era5_at_uniform_0p5deg.csv,35063,28050,7013,2019-03-14 18:00:00+00:00,2019-12-31 22:00:00+00:00,regression,GradientBoosting,r2,0.4961037552761327,0.5388679610870524,0.0427642058109196,8.599077125021722,0.5,uniform,annual,"2016,2017,2018,2019",data/capacity_weights_pre_and_covid_by_year,20260723T004508Z-92d6e1cf,8,13.890435006547255,13.17713544688787,0.7132995596593865,pre,Pre-COVID (2016-2019),results/covid_era_spatial_resolution/pre/model_results.csv
be,data/country_weather_by_era/pre/weather_era5_be_uniform_0p5deg.csv,35063,28050,7013,2019-03-14 18:00:00+00:00,2019-12-31 22:00:00+00:00,regression,GradientBoosting,r2,0.0818294581833128,0.6668712753329757,0.5850418171496629,0.845983375038486,0.5,uniform,annual,"2016,2017,2018,2019",data/capacity_weights_pre_and_covid_by_year,20260723T004508Z-92d6e1cf,8,7.036103977392883,4.204284181927616,2.8318197954652664,pre,Pre-COVID (2016-2019),results/covid_era_spatial_resolution/pre/model_results.csv
bg,data/country_weather_by_era/pre/weather_era5_bg_uniform_0p5deg.csv,35062,28049,7013,2019-03-14 17:00:00+00:00,2019-12-31 21:00:00+00:00,regression,GradientBoosting,r2,0.4424698074408367,0.5305963992826286,0.0881265918417918,0.8109715419705026,0.5,uniform,annual,"2016,2017,2018,2019",data/capacity_weights_pre_and_covid_by_year,20260723T004508Z-92d6e1cf,8,4.974532314217534,4.435801023340646,0.5387312908768873,pre,Pre-COVID (2016-2019),results/covid_era_spatial_resolution/pre/model_results.csv
cz,data/country_weather_by_era/pre/weather_era5_cz_uniform_0p5deg.csv,35041,28032,7009,2019-03-14 18:00:00+00:00,2019-12-31 22:00:00+00:00,regression,GradientBoosting,r2,0.6559870682110591,0.8352333983143687,0.1792463301033096,0.8769702920108102,0.5,uniform,annual,"2016,2017,2018,2019",data/capacity_weights_pre_and_covid_by_year,20260723T004508Z-92d6e1cf,8,2.1063144384003674,1.5657396994204342,0.5405747389799331,pre,Pre-COVID (2016-2019),results/covid_era_spatial_resolution/pre/model_results.csv
de,data/country_weather_by_era/pre/weather_era5_de_uniform_0p5deg.csv,35063,28050,7013,2019-03-14 18:00:00+00:00,2019-12-31 22:00:00+00:00,regression,GradientBoosting,r2,0.2405425301618055,0.7902085766706746,0.5496660465088691,9.381773624976631,0.5,uniform,annual,"2016,2017,2018,2019",data/capacity_weights_pre_and_covid_by_year,20260723T004508Z-92d6e1cf,8,11.728238543511983,6.032340861828141,5.695897681683844,pre,Pre-COVID (2016-2019),results/covid_era_spatial_resolution/pre/model_results.csv
dk,data/country_weather_by_era/pre/weather_era5_dk_uniform_0p5deg.csv,35063,28050,7013,2019-03-14 18:00:00+00:00,2019-12-31 22:00:00+00:00,regression,GradientBoosting,r2,0.0436025566717506,0.7830379436327931,0.7394353869610425,8.981340625032317,0.5,uniform,annual,"2016,2017,2018,2019",data/capacity_weights_pre_and_covid_by_year,20260723T004508Z-92d6e1cf,8,25.48769626163998,11.416254513644803,14.071441747995172,pre,Pre-COVID (2016-2019),results/covid_era_spatial_resolution/pre/model_results.csv
es,data/country_weather_by_era/pre/weather_era5_es_uniform_0p5deg.csv,35054,28043,7011,2019-03-14 15:00:00+00:00,2019-12-31 22:00:00+00:00,regression,GradientBoosting,r2,-0.0869720831797029,0.4720295227908011,0.5590016059705041,8.826106040971354,0.5,uniform,annual,"2016,2017,2018,2019",data/capacity_weights_pre_and_covid_by_year,20260723T004508Z-92d6e1cf,8,10.300944188660576,7.438385936707005,2.862558251953569,pre,Pre-COVID (2016-2019),results/covid_era_spatial_resolution/pre/model_results.csv
fr,data/country_weather_by_era/pre/weather_era5_fr_uniform_0p5deg.csv,35003,28002,7001,2019-03-14 21:00:00+00:00,2019-12-31 22:00:00+00:00,regression,GradientBoosting,r2,-0.3576132169728709,0.3226255624008683,0.6802387793737393,0.9433732919860632,0.5,uniform,annual,"2016,2017,2018,2019",data/capacity_weights_pre_and_covid_by_year,20260723T004508Z-92d6e1cf,8,5.11851053516646,3.872215268080412,1.2462952670860483,pre,Pre-COVID (2016-2019),results/covid_era_spatial_resolution/pre/model_results.csv
gr,data/country_weather_by_era/pre/weather_era5_gr_uniform_0p5deg.csv,35023,28018,7005,2019-03-14 23:00:00+00:00,2019-12-31 21:00:00+00:00,regression,GradientBoosting,r2,0.3832649892319646,0.6585253515482736,0.275260362316309,6.436931292002555,0.5,uniform,annual,"2016,2017,2018,2019",data/capacity_weights_pre_and_covid_by_year,20260723T004508Z-92d6e1cf,8,6.897883376998204,5.0077361503912785,1.890147226606926,pre,Pre-COVID (2016-2019),results/covid_era_spatial_resolution/pre/model_results.csv
hr,data/country_weather_by_era/pre/weather_era5_hr_uniform_0p5deg.csv,8760,7008,1752,2019-10-19 23:00:00+00:00,2019-12-31 22:00:00+00:00,regression,GradientBoosting,r2,-1.6192286612221976,-0.9865722826926332,0.6326563785295642,3.1661500000045635,0.5,uniform,annual,"2016,2017,2018,2019",data/capacity_weights_pre_and_covid_by_year,20260723T004508Z-92d6e1cf,8,32.22091106788874,28.362467212456743,3.8584438554319966,pre,Pre-COVID (2016-2019),results/covid_era_spatial_resolution/pre/model_results.csv
ie,data/country_weather_by_era/pre/weather_era5_ie_uniform_0p5deg.csv,34879,27903,6976,2019-03-15 16:00:00+00:00,2019-12-31 23:00:00+00:00,regression,GradientBoosting,r2,0.0099800380931569,0.791591814246843,0.781611776153686,8.307980292011052,0.5,uniform,annual,"2016,2017,2018,2019",data/capacity_weights_pre_and_covid_by_year,20260723T004508Z-92d6e1cf,8,18.617262859141192,7.714905862964923,10.90235699617627,pre,Pre-COVID (2016-2019),results/covid_era_spatial_resolution/pre/model_results.csv
lt,data/country_weather_by_era/pre/weather_era5_lt_uniform_0p5deg.csv,34352,27481,6871,2019-03-19 09:00:00+00:00,2019-12-31 21:00:00+00:00,regression,GradientBoosting,r2,0.1020377408815622,0.7389954599372417,0.6369577190556794,5.289308417006396,0.5,uniform,annual,"2016,2017,2018,2019",data/capacity_weights_pre_and_covid_by_year,20260723T004508Z-92d6e1cf,8,6.839638314678356,3.590478411029215,3.249159903649141,pre,Pre-COVID (2016-2019),results/covid_era_spatial_resolution/pre/model_results.csv
lv,data/country_weather_by_era/pre/weather_era5_lv_uniform_0p5deg.csv,34992,27993,6999,2019-03-14 06:00:00+00:00,2019-12-31 21:00:00+00:00,regression,GradientBoosting,r2,0.16411355877043,-0.0119285299632496,-0.1760420887336796,9.282514500024265,0.5,uniform,annual,"2016,2017,2018,2019",data/capacity_weights_pre_and_covid_by_year,20260723T004508Z-92d6e1cf,8,20.99451792190991,22.285184052395195,-1.290666130485285,pre,Pre-COVID (2016-2019),results/covid_era_spatial_resolution/pre/model_results.csv
nl,data/country_weather_by_era/pre/weather_era5_nl_uniform_0p5deg.csv,35063,28050,7013,2019-03-14 18:00:00+00:00,2019-12-31 22:00:00+00:00,regression,GradientBoosting,r2,-0.1945913864609201,0.4352809554658192,0.6298723419267394,0.6800804160302505,0.5,uniform,annual,"2016,2017,2018,2019",data/capacity_weights_pre_and_covid_by_year,20260723T004508Z-92d6e1cf,8,3.561537360405521,2.5275047717261683,1.0340325886793529,pre,Pre-COVID (2016-2019),results/covid_era_spatial_resolution/pre/model_results.csv
pt,data/country_weather_by_era/pre/weather_era5_pt_uniform_0p5deg.csv,35064,28051,7013,2019-03-14 19:00:00+00:00,2019-12-31 23:00:00+00:00,regression,GradientBoosting,r2,-0.0804644649177241,0.3944702459164813,0.4749347108342054,8.52143566700397,0.5,uniform,annual,"2016,2017,2018,2019",data/capacity_weights_pre_and_covid_by_year,20260723T004508Z-92d6e1cf,8,17.86528061484563,13.100697786369889,4.764582828475742,pre,Pre-COVID (2016-2019),results/covid_era_spatial_resolution/pre/model_results.csv
ro,data/country_weather_by_era/pre/weather_era5_ro_uniform_0p5deg.csv,35009,28007,7002,2019-03-15 04:00:00+00:00,2019-12-31 21:00:00+00:00,regression,GradientBoosting,r2,0.3692445363366243,0.500149153413453,0.1309046170768286,9.135460791992957,0.5,uniform,annual,"2016,2017,2018,2019",data/capacity_weights_pre_and_covid_by_year,20260723T004508Z-92d6e1cf,8,9.81303263330194,8.443139859323542,1.369892773978398,pre,Pre-COVID (2016-2019),results/covid_era_spatial_resolution/pre/model_results.csv
rs,data/country_weather_by_era/pre/weather_era5_rs_uniform_0p5deg.csv,26487,21189,5298,2019-05-25 05:00:00+00:00,2019-12-31 22:00:00+00:00,regression,GradientBoosting,r2,0.4597746709361293,0.3857383952578078,-0.0740362756783215,6.353129499999341,0.5,uniform,annual,"2016,2017,2018,2019",data/capacity_weights_pre_and_covid_by_year,20260723T004508Z-92d6e1cf,8,4.8317197346199565,5.20924446316798,-0.3775247285480239,pre,Pre-COVID (2016-2019),results/covid_era_spatial_resolution/pre/model_results.csv
si,data/country_weather_by_era/pre/weather_era5_si_uniform_0p5deg.csv,35061,28048,7013,2019-03-14 18:00:00+00:00,2019-12-31 22:00:00+00:00,regression,GradientBoosting,r2,0.2256348149460545,0.1807833464041494,-0.0448514685419051,9.041452958015723,0.5,uniform,annual,"2016,2017,2018,2019",data/capacity_weights_pre_and_covid_by_year,20260723T004508Z-92d6e1cf,8,10.793224349449606,10.970357780255592,-0.1771334308059877,pre,Pre-COVID (2016-2019),results/covid_era_spatial_resolution/pre/model_results.csv
sk,data/country_weather_by_era/pre/weather_era5_sk_uniform_0p5deg.csv,34873,27898,6975,2019-03-16 08:00:00+00:00,2019-12-31 22:00:00+00:00,regression,GradientBoosting,r2,0.0975528074582174,0.0853742054607874,-0.01217860199743,0.7781477079843171,0.5,uniform,annual,"2016,2017,2018,2019",data/capacity_weights_pre_and_covid_by_year,20260723T004508Z-92d6e1cf,8,4.887767955863194,4.951363743860166,-0.0635957879969719,pre,Pre-COVID (2016-2019),results/covid_era_spatial_resolution/pre/model_results.csv
at,data/country_weather_by_era/pre/weather_era5_at_uniform_1p0deg.csv,35063,28050,7013,2019-03-14 18:00:00+00:00,2019-12-31 22:00:00+00:00,regression,GradientBoosting,r2,0.4961037552761327,0.5449856110200256,0.0488818557438929,8.138103541976307,1.0,uniform,annual,"2016,2017,2018,2019",data/capacity_weights_pre_and_covid_by_year,20260723T004508Z-92d6e1cf,8,13.890435006547255,13.06655853671355,0.8238764698337064,pre,Pre-COVID (2016-2019),results/covid_era_spatial_resolution/pre/model_results.csv
be,data/country_weather_by_era/pre/weather_era5_be_uniform_1p0deg.csv,35063,28050,7013,2019-03-14 18:00:00+00:00,2019-12-31 22:00:00+00:00,regression,GradientBoosting,r2,0.0818294581833128,0.6547444479771509,0.572914989793838,0.7945197920198552,1.0,uniform,annual,"2016,2017,2018,2019",data/capacity_weights_pre_and_covid_by_year,20260723T004508Z-92d6e1cf,8,7.036103977392883,4.284306108290967,2.7517978691019156,pre,Pre-COVID (2016-2019),results/covid_era_spatial_resolution/pre/model_results.csv
bg,data/country_weather_by_era/pre/weather_era5_bg_uniform_1p0deg.csv,35062,28049,7013,2019-03-14 17:00:00+00:00,2019-12-31 21:00:00+00:00,regression,GradientBoosting,r2,0.4424698074408367,0.533998048239075,0.0915282407982382,0.797733666957356,1.0,uniform,annual,"2016,2017,2018,2019",data/capacity_weights_pre_and_covid_by_year,20260723T004508Z-92d6e1cf,8,4.974532314217534,4.439111916895081,0.5354203973224525,pre,Pre-COVID (2016-2019),results/covid_era_spatial_resolution/pre/model_results.csv
cz,data/country_weather_by_era/pre/weather_era5_cz_uniform_1p0deg.csv,35041,28032,7009,2019-03-14 18:00:00+00:00,2019-12-31 22:00:00+00:00,regression,GradientBoosting,r2,0.6559870682110591,0.8299248124402693,0.1739377442292101,1.6771885000052862,1.0,uniform,annual,"2016,2017,2018,2019",data/capacity_weights_pre_and_covid_by_year,20260723T004508Z-92d6e1cf,8,2.1063144384003674,1.583040299001983,0.5232741393983844,pre,Pre-COVID (2016-2019),results/covid_era_spatial_resolution/pre/model_results.csv
de,data/country_weather_by_era/pre/weather_era5_de_uniform_1p0deg.csv,35063,28050,7013,2019-03-14 18:00:00+00:00,2019-12-31 22:00:00+00:00,regression,GradientBoosting,r2,0.2405425301618055,0.7905279119070283,0.5499853817452228,9.403160083980763,1.0,uniform,annual,"2016,2017,2018,2019",data/capacity_weights_pre_and_covid_by_year,20260723T004508Z-92d6e1cf,8,11.728238543511983,5.997767108419483,5.730471435092502,pre,Pre-COVID (2016-2019),results/covid_era_spatial_resolution/pre/model_results.csv
dk,data/country_weather_by_era/pre/weather_era5_dk_uniform_1p0deg.csv,35063,28050,7013,2019-03-14 18:00:00+00:00,2019-12-31 22:00:00+00:00,regression,GradientBoosting,r2,0.0436025566717506,0.7675507533266619,0.7239481966549113,8.947543458023574,1.0,uniform,annual,"2016,2017,2018,2019",data/capacity_weights_pre_and_covid_by_year,20260723T004508Z-92d6e1cf,8,25.48769626163998,11.823511558958916,13.664184702681062,pre,Pre-COVID (2016-2019),results/covid_era_spatial_resolution/pre/model_results.csv
es,data/country_weather_by_era/pre/weather_era5_es_uniform_1p0deg.csv,35054,28043,7011,2019-03-14 15:00:00+00:00,2019-12-31 22:00:00+00:00,regression,GradientBoosting,r2,-0.0869720831797029,0.4758433054215316,0.5628153886012346,8.373934582981747,1.0,uniform,annual,"2016,2017,2018,2019",data/capacity_weights_pre_and_covid_by_year,20260723T004508Z-92d6e1cf,8,10.300944188660576,7.428092046772157,2.8728521418884174,pre,Pre-COVID (2016-2019),results/covid_era_spatial_resolution/pre/model_results.csv
fr,data/country_weather_by_era/pre/weather_era5_fr_uniform_1p0deg.csv,35003,28002,7001,2019-03-14 21:00:00+00:00,2019-12-31 22:00:00+00:00,regression,GradientBoosting,r2,-0.3576132169728709,0.317130210553285,0.674743427526156,0.898930958006531,1.0,uniform,annual,"2016,2017,2018,2019",data/capacity_weights_pre_and_covid_by_year,20260723T004508Z-92d6e1cf,8,5.11851053516646,3.8945491172240128,1.2239614179424474,pre,Pre-COVID (2016-2019),results/covid_era_spatial_resolution/pre/model_results.csv
gr,data/country_weather_by_era/pre/weather_era5_gr_uniform_1p0deg.csv,35023,28018,7005,2019-03-14 23:00:00+00:00,2019-12-31 21:00:00+00:00,regression,GradientBoosting,r2,0.3832649892319646,0.6581144801698156,0.2748494909378509,6.419261500006542,1.0,uniform,annual,"2016,2017,2018,2019",data/capacity_weights_pre_and_covid_by_year,20260723T004508Z-92d6e1cf,8,6.897883376998204,4.99721484383815,1.9006685331600544,pre,Pre-COVID (2016-2019),results/covid_era_spatial_resolution/pre/model_results.csv
hr,data/country_weather_by_era/pre/weather_era5_hr_uniform_1p0deg.csv,8760,7008,1752,2019-10-19 23:00:00+00:00,2019-12-31 22:00:00+00:00,regression,GradientBoosting,r2,-1.6192286612221976,-0.9566549349849274,0.6625737262372702,3.2756930830073543,1.0,uniform,annual,"2016,2017,2018,2019",data/capacity_weights_pre_and_covid_by_year,20260723T004508Z-92d6e1cf,8,32.22091106788874,28.005772775307936,4.215138292580807,pre,Pre-COVID (2016-2019),results/covid_era_spatial_resolution/pre/model_results.csv
ie,data/country_weather_by_era/pre/weather_era5_ie_uniform_1p0deg.csv,34879,27903,6976,2019-03-15 16:00:00+00:00,2019-12-31 23:00:00+00:00,regression,GradientBoosting,r2,0.0099800380931569,0.7534381734778051,0.7434581353846481,8.455639625026379,1.0,uniform,annual,"2016,2017,2018,2019",data/capacity_weights_pre_and_covid_by_year,20260723T004508Z-92d6e1cf,8,18.617262859141192,8.282606342381449,10.334656516759743,pre,Pre-COVID (2016-2019),results/covid_era_spatial_resolution/pre/model_results.csv
lt,data/country_weather_by_era/pre/weather_era5_lt_uniform_1p0deg.csv,34352,27481,6871,2019-03-19 09:00:00+00:00,2019-12-31 21:00:00+00:00,regression,GradientBoosting,r2,0.1020377408815622,0.7169845252399074,0.6149467843583452,5.347903916030191,1.0,uniform,annual,"2016,2017,2018,2019",data/capacity_weights_pre_and_covid_by_year,20260723T004508Z-92d6e1cf,8,6.839638314678356,3.7327254757416313,3.106912838936725,pre,Pre-COVID (2016-2019),results/covid_era_spatial_resolution/pre/model_results.csv
lv,data/country_weather_by_era/pre/weather_era5_lv_uniform_1p0deg.csv,34992,27993,6999,2019-03-14 06:00:00+00:00,2019-12-31 21:00:00+00:00,regression,GradientBoosting,r2,0.16411355877043,-0.0065958813233988,-0.1707094400938288,9.527937957958784,1.0,uniform,annual,"2016,2017,2018,2019",data/capacity_weights_pre_and_covid_by_year,20260723T004508Z-92d6e1cf,8,20.99451792190991,22.23716839969599,-1.2426504777860783,pre,Pre-COVID (2016-2019),results/covid_era_spatial_resolution/pre/model_results.csv
nl,data/country_weather_by_era/pre/weather_era5_nl_uniform_1p0deg.csv,35063,28050,7013,2019-03-14 18:00:00+00:00,2019-12-31 22:00:00+00:00,regression,GradientBoosting,r2,-0.1945913864609201,0.4490437389575852,0.6436351254185053,0.7057271669618785,1.0,uniform,annual,"2016,2017,2018,2019",data/capacity_weights_pre_and_covid_by_year,20260723T004508Z-92d6e1cf,8,3.561537360405521,2.5147849827046653,1.0467523777008556,pre,Pre-COVID (2016-2019),results/covid_era_spatial_resolution/pre/model_results.csv
pt,data/country_weather_by_era/pre/weather_era5_pt_uniform_1p0deg.csv,35064,28051,7013,2019-03-14 19:00:00+00:00,2019-12-31 23:00:00+00:00,regression,GradientBoosting,r2,-0.0804644649177241,0.3932351791977573,0.4736996441154815,8.61353745800443,1.0,uniform,annual,"2016,2017,2018,2019",data/capacity_weights_pre_and_covid_by_year,20260723T004508Z-92d6e1cf,8,17.86528061484563,13.128826157550996,4.736454457294634,pre,Pre-COVID (2016-2019),results/covid_era_spatial_resolution/pre/model_results.csv
ro,data/country_weather_by_era/pre/weather_era5_ro_uniform_1p0deg.csv,35009,28007,7002,2019-03-15 04:00:00+00:00,2019-12-31 21:00:00+00:00,regression,GradientBoosting,r2,0.3692445363366243,0.5034568304130685,0.1342122940764442,8.220594374986831,1.0,uniform,annual,"2016,2017,2018,2019",data/capacity_weights_pre_and_covid_by_year,20260723T004508Z-92d6e1cf,8,9.81303263330194,8.380079456923406,1.4329531763785344,pre,Pre-COVID (2016-2019),results/covid_era_spatial_resolution/pre/model_results.csv
rs,data/country_weather_by_era/pre/weather_era5_rs_uniform_1p0deg.csv,26487,21189,5298,2019-05-25 05:00:00+00:00,2019-12-31 22:00:00+00:00,regression,GradientBoosting,r2,0.4597746709361293,0.3867028190150807,-0.0730718519210485,6.644684209022671,1.0,uniform,annual,"2016,2017,2018,2019",data/capacity_weights_pre_and_covid_by_year,20260723T004508Z-92d6e1cf,8,4.8317197346199565,5.206643094407652,-0.3749233597876955,pre,Pre-COVID (2016-2019),results/covid_era_spatial_resolution/pre/model_results.csv
si,data/country_weather_by_era/pre/weather_era5_si_uniform_1p0deg.csv,35061,28048,7013,2019-03-14 18:00:00+00:00,2019-12-31 22:00:00+00:00,regression,GradientBoosting,r2,0.2256348149460545,0.1787547293810403,-0.0468800855650142,8.952246541972272,1.0,uniform,annual,"2016,2017,2018,2019",data/capacity_weights_pre_and_covid_by_year,20260723T004508Z-92d6e1cf,8,10.793224349449606,10.968181918118626,-0.1749575686690203,pre,Pre-COVID (2016-2019),results/covid_era_spatial_resolution/pre/model_results.csv
sk,data/country_weather_by_era/pre/weather_era5_sk_uniform_1p0deg.csv,34873,27898,6975,2019-03-16 08:00:00+00:00,2019-12-31 22:00:00+00:00,regression,GradientBoosting,r2,0.0975528074582174,0.085653793846672,-0.0118990136115454,0.8299432499916293,1.0,uniform,annual,"2016,2017,2018,2019",data/capacity_weights_pre_and_covid_by_year,20260723T004508Z-92d6e1cf,8,4.887767955863194,4.963292627321539,-0.0755246714583446,pre,Pre-COVID (2016-2019),results/covid_era_spatial_resolution/pre/model_results.csv
at,data/country_weather_by_era/pre/weather_era5_at_uniform_2p0deg.csv,35063,28050,7013,2019-03-14 18:00:00+00:00,2019-12-31 22:00:00+00:00,regression,GradientBoosting,r2,0.4961037552761327,0.5655003397428244,0.0693965844666917,7.939237457991112,2.0,uniform,annual,"2016,2017,2018,2019",data/capacity_weights_pre_and_covid_by_year,20260723T004508Z-92d6e1cf,8,13.890435006547255,12.787164060079942,1.1032709464673154,pre,Pre-COVID (2016-2019),results/covid_era_spatial_resolution/pre/model_results.csv
be,data/country_weather_by_era/pre/weather_era5_be_uniform_2p0deg.csv,35063,28050,7013,2019-03-14 18:00:00+00:00,2019-12-31 22:00:00+00:00,regression,GradientBoosting,r2,0.0818294581833128,0.6502299986370861,0.5684005404537732,0.8462212500162423,2.0,uniform,annual,"2016,2017,2018,2019",data/capacity_weights_pre_and_covid_by_year,20260723T004508Z-92d6e1cf,8,7.036103977392883,4.318705766709405,2.717398210683478,pre,Pre-COVID (2016-2019),results/covid_era_spatial_resolution/pre/model_results.csv
bg,data/country_weather_by_era/pre/weather_era5_bg_uniform_2p0deg.csv,35062,28049,7013,2019-03-14 17:00:00+00:00,2019-12-31 21:00:00+00:00,regression,GradientBoosting,r2,0.4424698074408367,0.534621333178192,0.0921515257373553,0.8226451250375248,2.0,uniform,annual,"2016,2017,2018,2019",data/capacity_weights_pre_and_covid_by_year,20260723T004508Z-92d6e1cf,8,4.974532314217534,4.406034511767809,0.5684978024497251,pre,Pre-COVID (2016-2019),results/covid_era_spatial_resolution/pre/model_results.csv
cz,data/country_weather_by_era/pre/weather_era5_cz_uniform_2p0deg.csv,35041,28032,7009,2019-03-14 18:00:00+00:00,2019-12-31 22:00:00+00:00,regression,GradientBoosting,r2,0.6559870682110591,0.8320350172954594,0.1760479490844002,1.6140669169835746,2.0,uniform,annual,"2016,2017,2018,2019",data/capacity_weights_pre_and_covid_by_year,20260723T004508Z-92d6e1cf,8,2.1063144384003674,1.5778176521032692,0.5284967862970982,pre,Pre-COVID (2016-2019),results/covid_era_spatial_resolution/pre/model_results.csv
de,data/country_weather_by_era/pre/weather_era5_de_uniform_2p0deg.csv,35063,28050,7013,2019-03-14 18:00:00+00:00,2019-12-31 22:00:00+00:00,regression,GradientBoosting,r2,0.2405425301618055,0.7636560756558897,0.5231135454940842,9.173265290970448,2.0,uniform,annual,"2016,2017,2018,2019",data/capacity_weights_pre_and_covid_by_year,20260723T004508Z-92d6e1cf,8,11.728238543511983,6.397334845170337,5.330903698341648,pre,Pre-COVID (2016-2019),results/covid_era_spatial_resolution/pre/model_results.csv
dk,data/country_weather_by_era/pre/weather_era5_dk_uniform_2p0deg.csv,35063,28050,7013,2019-03-14 18:00:00+00:00,2019-12-31 22:00:00+00:00,regression,GradientBoosting,r2,0.0436025566717506,0.7449013587347526,0.701298802063002,9.150061000022106,2.0,uniform,annual,"2016,2017,2018,2019",data/capacity_weights_pre_and_covid_by_year,20260723T004508Z-92d6e1cf,8,25.48769626163998,12.373696264247725,13.113999997392254,pre,Pre-COVID (2016-2019),results/covid_era_spatial_resolution/pre/model_results.csv
es,data/country_weather_by_era/pre/weather_era5_es_uniform_2p0deg.csv,35054,28043,7011,2019-03-14 15:00:00+00:00,2019-12-31 22:00:00+00:00,regression,GradientBoosting,r2,-0.0869720831797029,0.4804198082371894,0.5673918914168924,8.292441500001587,2.0,uniform,annual,"2016,2017,2018,2019",data/capacity_weights_pre_and_covid_by_year,20260723T004508Z-92d6e1cf,8,10.300944188660576,7.402095834840915,2.89884835381966,pre,Pre-COVID (2016-2019),results/covid_era_spatial_resolution/pre/model_results.csv
fr,data/country_weather_by_era/pre/weather_era5_fr_uniform_2p0deg.csv,35003,28002,7001,2019-03-14 21:00:00+00:00,2019-12-31 22:00:00+00:00,regression,GradientBoosting,r2,-0.3576132169728709,0.3075669449425291,0.6651801619154001,0.8910897090099752,2.0,uniform,annual,"2016,2017,2018,2019",data/capacity_weights_pre_and_covid_by_year,20260723T004508Z-92d6e1cf,8,5.11851053516646,3.910547833789836,1.207962701376624,pre,Pre-COVID (2016-2019),results/covid_era_spatial_resolution/pre/model_results.csv
gr,data/country_weather_by_era/pre/weather_era5_gr_uniform_2p0deg.csv,35023,28018,7005,2019-03-14 23:00:00+00:00,2019-12-31 21:00:00+00:00,regression,GradientBoosting,r2,0.3832649892319646,0.6590961093286261,0.2758311200966614,6.401364582998212,2.0,uniform,annual,"2016,2017,2018,2019",data/capacity_weights_pre_and_covid_by_year,20260723T004508Z-92d6e1cf,8,6.897883376998204,4.995691749341735,1.9021916276564692,pre,Pre-COVID (2016-2019),results/covid_era_spatial_resolution/pre/model_results.csv
hr,data/country_weather_by_era/pre/weather_era5_hr_uniform_2p0deg.csv,8760,7008,1752,2019-10-19 23:00:00+00:00,2019-12-31 22:00:00+00:00,regression,GradientBoosting,r2,-1.6192286612221976,-1.0294345240385931,0.5897941371836044,3.209089750016574,2.0,uniform,annual,"2016,2017,2018,2019",data/capacity_weights_pre_and_covid_by_year,20260723T004508Z-92d6e1cf,8,32.22091106788874,28.59441252714109,3.6264985407476544,pre,Pre-COVID (2016-2019),results/covid_era_spatial_resolution/pre/model_results.csv
ie,data/country_weather_by_era/pre/weather_era5_ie_uniform_2p0deg.csv,34879,27903,6976,2019-03-15 16:00:00+00:00,2019-12-31 23:00:00+00:00,regression,GradientBoosting,r2,0.0099800380931569,0.6990043477775207,0.6890243096843638,8.631270749960095,2.0,uniform,annual,"2016,2017,2018,2019",data/capacity_weights_pre_and_covid_by_year,20260723T004508Z-92d6e1cf,8,18.617262859141192,9.100116178779675,9.517146680361517,pre,Pre-COVID (2016-2019),results/covid_era_spatial_resolution/pre/model_results.csv
lt,data/country_weather_by_era/pre/weather_era5_lt_uniform_2p0deg.csv,34352,27481,6871,2019-03-19 09:00:00+00:00,2019-12-31 21:00:00+00:00,regression,GradientBoosting,r2,0.1020377408815622,0.6809411649919437,0.5789034241103814,5.097947166999802,2.0,uniform,annual,"2016,2017,2018,2019",data/capacity_weights_pre_and_covid_by_year,20260723T004508Z-92d6e1cf,8,6.839638314678356,3.9656722155983584,2.873966099079998,pre,Pre-COVID (2016-2019),results/covid_era_spatial_resolution/pre/model_results.csv
lv,data/country_weather_by_era/pre/weather_era5_lv_uniform_2p0deg.csv,34992,27993,6999,2019-03-14 06:00:00+00:00,2019-12-31 21:00:00+00:00,regression,GradientBoosting,r2,0.16411355877043,-0.0401869362799822,-0.2043004950504122,9.18298500002129,2.0,uniform,annual,"2016,2017,2018,2019",data/capacity_weights_pre_and_covid_by_year,20260723T004508Z-92d6e1cf,8,20.99451792190991,22.63883723907354,-1.644319317163628,pre,Pre-COVID (2016-2019),results/covid_era_spatial_resolution/pre/model_results.csv
nl,data/country_weather_by_era/pre/weather_era5_nl_uniform_2p0deg.csv,35063,28050,7013,2019-03-14 18:00:00+00:00,2019-12-31 22:00:00+00:00,regression,GradientBoosting,r2,-0.1945913864609201,0.4456265733455981,0.6402179598065182,0.7780091669992544,2.0,uniform,annual,"2016,2017,2018,2019",data/capacity_weights_pre_and_covid_by_year,20260723T004508Z-92d6e1cf,8,3.561537360405521,2.5174558866607097,1.0440814737448112,pre,Pre-COVID (2016-2019),results/covid_era_spatial_resolution/pre/model_results.csv
pt,data/country_weather_by_era/pre/weather_era5_pt_uniform_2p0deg.csv,35064,28051,7013,2019-03-14 19:00:00+00:00,2019-12-31 23:00:00+00:00,regression,GradientBoosting,r2,-0.0804644649177241,0.3981510187665267,0.4786154836842509,8.412518208031543,2.0,uniform,annual,"2016,2017,2018,2019",data/capacity_weights_pre_and_covid_by_year,20260723T004508Z-92d6e1cf,8,17.86528061484563,13.077045452000144,4.788235162845487,pre,Pre-COVID (2016-2019),results/covid_era_spatial_resolution/pre/model_results.csv
ro,data/country_weather_by_era/pre/weather_era5_ro_uniform_2p0deg.csv,35009,28007,7002,2019-03-15 04:00:00+00:00,2019-12-31 21:00:00+00:00,regression,GradientBoosting,r2,0.3692445363366243,0.5132018174469568,0.1439572811103324,8.315366709022783,2.0,uniform,annual,"2016,2017,2018,2019",data/capacity_weights_pre_and_covid_by_year,20260723T004508Z-92d6e1cf,8,9.81303263330194,8.25463226264125,1.5584003706606904,pre,Pre-COVID (2016-2019),results/covid_era_spatial_resolution/pre/model_results.csv
rs,data/country_weather_by_era/pre/weather_era5_rs_uniform_2p0deg.csv,26487,21189,5298,2019-05-25 05:00:00+00:00,2019-12-31 22:00:00+00:00,regression,GradientBoosting,r2,0.4597746709361293,0.3889555796508088,-0.0708190912853204,6.703281791007612,2.0,uniform,annual,"2016,2017,2018,2019",data/capacity_weights_pre_and_covid_by_year,20260723T004508Z-92d6e1cf,8,4.8317197346199565,5.23017955692566,-0.3984598223057034,pre,Pre-COVID (2016-2019),results/covid_era_spatial_resolution/pre/model_results.csv
si,data/country_weather_by_era/pre/weather_era5_si_uniform_2p0deg.csv,35061,28048,7013,2019-03-14 18:00:00+00:00,2019-12-31 22:00:00+00:00,regression,GradientBoosting,r2,0.2256348149460545,0.1864607792235381,-0.0391740357225164,9.09364833397558,2.0,uniform,annual,"2016,2017,2018,2019",data/capacity_weights_pre_and_covid_by_year,20260723T004508Z-92d6e1cf,8,10.793224349449606,10.951061622274375,-0.1578372728247714,pre,Pre-COVID (2016-2019),results/covid_era_spatial_resolution/pre/model_results.csv
sk,data/country_weather_by_era/pre/weather_era5_sk_uniform_2p0deg.csv,34873,27898,6975,2019-03-16 08:00:00+00:00,2019-12-31 22:00:00+00:00,regression,GradientBoosting,r2,0.0975528074582174,0.0937340779490855,-0.0038187295091319,0.8072712919674814,2.0,uniform,annual,"2016,2017,2018,2019",data/capacity_weights_pre_and_covid_by_year,20260723T004508Z-92d6e1cf,8,4.887767955863194,4.936037941369185,-0.0482699855059909,pre,Pre-COVID (2016-2019),results/covid_era_spatial_resolution/pre/model_results.csv
at,data/country_weather_by_era/pre/weather_era5_at_uniform_0p25deg.csv,35063,28050,7013,2019-03-14 18:00:00+00:00,2019-12-31 22:00:00+00:00,regression,LightGBM,r2,0.497143965942786,0.5239460817477493,0.0268021158049632,8.569318624970037,0.25,uniform,annual,"2016,2017,2018,2019",data/capacity_weights_pre_and_covid_by_year,20260723T004508Z-92d6e1cf,8,13.87947901933043,13.326079311674247,0.5533997076561814,pre,Pre-COVID (2016-2019),results/covid_era_spatial_resolution/pre/model_results.csv
be,data/country_weather_by_era/pre/weather_era5_be_uniform_0p25deg.csv,35063,28050,7013,2019-03-14 18:00:00+00:00,2019-12-31 22:00:00+00:00,regression,LightGBM,r2,0.0817545259112659,0.6600438799455404,0.5782893540342744,0.8073445000336505,0.25,uniform,annual,"2016,2017,2018,2019",data/capacity_weights_pre_and_covid_by_year,20260723T004508Z-92d6e1cf,8,7.03113906003516,4.250919450384645,2.7802196096505156,pre,Pre-COVID (2016-2019),results/covid_era_spatial_resolution/pre/model_results.csv
bg,data/country_weather_by_era/pre/weather_era5_bg_uniform_0p25deg.csv,35062,28049,7013,2019-03-14 17:00:00+00:00,2019-12-31 21:00:00+00:00,regression,LightGBM,r2,0.4429260359842488,0.519924625381487,0.0769985893972381,0.8108488749712706,0.25,uniform,annual,"2016,2017,2018,2019",data/capacity_weights_pre_and_covid_by_year,20260723T004508Z-92d6e1cf,8,4.971137222874793,4.46605780763573,0.505079415239063,pre,Pre-COVID (2016-2019),results/covid_era_spatial_resolution/pre/model_results.csv
cz,data/country_weather_by_era/pre/weather_era5_cz_uniform_0p25deg.csv,35041,28032,7009,2019-03-14 18:00:00+00:00,2019-12-31 22:00:00+00:00,regression,LightGBM,r2,0.6549204447046366,0.8338610248848322,0.1789405801801955,0.867611083027441,0.25,uniform,annual,"2016,2017,2018,2019",data/capacity_weights_pre_and_covid_by_year,20260723T004508Z-92d6e1cf,8,2.1095662869423175,1.575836679631369,0.5337296073109485,pre,Pre-COVID (2016-2019),results/covid_era_spatial_resolution/pre/model_results.csv
de,data/country_weather_by_era/pre/weather_era5_de_uniform_0p25deg.csv,35063,28050,7013,2019-03-14 18:00:00+00:00,2019-12-31 22:00:00+00:00,regression,LightGBM,r2,0.2437988614140794,0.7960719138088455,0.552273052394766,8.561697959026787,0.25,uniform,annual,"2016,2017,2018,2019",data/capacity_weights_pre_and_covid_by_year,20260723T004508Z-92d6e1cf,8,11.695963307247968,5.93031085765912,5.765652449588846,pre,Pre-COVID (2016-2019),results/covid_era_spatial_resolution/pre/model_results.csv
dk,data/country_weather_by_era/pre/weather_era5_dk_uniform_0p25deg.csv,35063,28050,7013,2019-03-14 18:00:00+00:00,2019-12-31 22:00:00+00:00,regression,LightGBM,r2,0.0390657265717682,0.7857934630473589,0.7467277364755907,8.03941125003621,0.25,uniform,annual,"2016,2017,2018,2019",data/capacity_weights_pre_and_covid_by_year,20260723T004508Z-92d6e1cf,8,25.532534006225067,11.343374528193518,14.189159478031549,pre,Pre-COVID (2016-2019),results/covid_era_spatial_resolution/pre/model_results.csv
es,data/country_weather_by_era/pre/weather_era5_es_uniform_0p25deg.csv,35054,28043,7011,2019-03-14 15:00:00+00:00,2019-12-31 22:00:00+00:00,regression,LightGBM,r2,-0.0895464056154353,0.4607273438034956,0.550273749418931,7.764362499990966,0.25,uniform,annual,"2016,2017,2018,2019",data/capacity_weights_pre_and_covid_by_year,20260723T004508Z-92d6e1cf,8,10.323653026972869,7.5303242876141905,2.7933287393586763,pre,Pre-COVID (2016-2019),results/covid_era_spatial_resolution/pre/model_results.csv
fr,data/country_weather_by_era/pre/weather_era5_fr_uniform_0p25deg.csv,35003,28002,7001,2019-03-14 21:00:00+00:00,2019-12-31 22:00:00+00:00,regression,LightGBM,r2,-0.3661378876432437,0.3225310120986119,0.6886688997418556,1.5218443750054576,0.25,uniform,annual,"2016,2017,2018,2019",data/capacity_weights_pre_and_covid_by_year,20260723T004508Z-92d6e1cf,8,5.136435428379696,3.876531395980368,1.2599040323993278,pre,Pre-COVID (2016-2019),results/covid_era_spatial_resolution/pre/model_results.csv
gr,data/country_weather_by_era/pre/weather_era5_gr_uniform_0p25deg.csv,35023,28018,7005,2019-03-14 23:00:00+00:00,2019-12-31 21:00:00+00:00,regression,LightGBM,r2,0.3810923628641166,0.6615787478399131,0.2804863849757965,6.041053750028368,0.25,uniform,annual,"2016,2017,2018,2019",data/capacity_weights_pre_and_covid_by_year,20260723T004508Z-92d6e1cf,8,6.915804002959841,4.986254809926733,1.9295491930331077,pre,Pre-COVID (2016-2019),results/covid_era_spatial_resolution/pre/model_results.csv
hr,data/country_weather_by_era/pre/weather_era5_hr_uniform_0p25deg.csv,8760,7008,1752,2019-10-19 23:00:00+00:00,2019-12-31 22:00:00+00:00,regression,LightGBM,r2,-1.5746282905381208,-0.9407546806467696,0.6338736098913511,3.0326273750397377,0.25,uniform,annual,"2016,2017,2018,2019",data/capacity_weights_pre_and_covid_by_year,20260723T004508Z-92d6e1cf,8,31.95952012351829,27.828283225675996,4.131236897842292,pre,Pre-COVID (2016-2019),results/covid_era_spatial_resolution/pre/model_results.csv
ie,data/country_weather_by_era/pre/weather_era5_ie_uniform_0p25deg.csv,34879,27903,6976,2019-03-15 16:00:00+00:00,2019-12-31 23:00:00+00:00,regression,LightGBM,r2,0.0090073436277043,0.7925234158149708,0.7835160721872664,8.244066540966742,0.25,uniform,annual,"2016,2017,2018,2019",data/capacity_weights_pre_and_covid_by_year,20260723T004508Z-92d6e1cf,8,18.61247904793727,7.728537638039775,10.8839414098975,pre,Pre-COVID (2016-2019),results/covid_era_spatial_resolution/pre/model_results.csv
lt,data/country_weather_by_era/pre/weather_era5_lt_uniform_0p25deg.csv,34352,27481,6871,2019-03-19 09:00:00+00:00,2019-12-31 21:00:00+00:00,regression,LightGBM,r2,0.1032995827407636,0.7293327875437758,0.6260332048030122,5.252330166986212,0.25,uniform,annual,"2016,2017,2018,2019",data/capacity_weights_pre_and_covid_by_year,20260723T004508Z-92d6e1cf,8,6.837820892996806,3.665095068862728,3.172725824134078,pre,Pre-COVID (2016-2019),results/covid_era_spatial_resolution/pre/model_results.csv
lv,data/country_weather_by_era/pre/weather_era5_lv_uniform_0p25deg.csv,34992,27993,6999,2019-03-14 06:00:00+00:00,2019-12-31 21:00:00+00:00,regression,LightGBM,r2,0.1593929777680786,-0.0659164719282885,-0.2253094496963671,9.167993292037863,0.25,uniform,annual,"2016,2017,2018,2019",data/capacity_weights_pre_and_covid_by_year,20260723T004508Z-92d6e1cf,8,20.9029849665924,22.782803407923467,-1.879818441331068,pre,Pre-COVID (2016-2019),results/covid_era_spatial_resolution/pre/model_results.csv
nl,data/country_weather_by_era/pre/weather_era5_nl_uniform_0p25deg.csv,35063,28050,7013,2019-03-14 18:00:00+00:00,2019-12-31 22:00:00+00:00,regression,LightGBM,r2,-0.1895322465236899,0.4334923835406942,0.6230246300643841,0.6998769160127267,0.25,uniform,annual,"2016,2017,2018,2019",data/capacity_weights_pre_and_covid_by_year,20260723T004508Z-92d6e1cf,8,3.560543594210646,2.530983257313697,1.029560336896949,pre,Pre-COVID (2016-2019),results/covid_era_spatial_resolution/pre/model_results.csv
pt,data/country_weather_by_era/pre/weather_era5_pt_uniform_0p25deg.csv,35064,28051,7013,2019-03-14 19:00:00+00:00,2019-12-31 23:00:00+00:00,regression,LightGBM,r2,-0.0965457592553002,0.3904366430878038,0.4869824023431041,8.665963583975099,0.25,uniform,annual,"2016,2017,2018,2019",data/capacity_weights_pre_and_covid_by_year,20260723T004508Z-92d6e1cf,8,17.977773831239762,13.15564569291348,4.822128138326283,pre,Pre-COVID (2016-2019),results/covid_era_spatial_resolution/pre/model_results.csv
ro,data/country_weather_by_era/pre/weather_era5_ro_uniform_0p25deg.csv,35009,28007,7002,2019-03-15 04:00:00+00:00,2019-12-31 21:00:00+00:00,regression,LightGBM,r2,0.3697418788660437,0.4963626285816064,0.1266207497155627,8.948783915955573,0.25,uniform,annual,"2016,2017,2018,2019",data/capacity_weights_pre_and_covid_by_year,20260723T004508Z-92d6e1cf,8,9.806413017453664,8.444400184054622,1.3620128333990404,pre,Pre-COVID (2016-2019),results/covid_era_spatial_resolution/pre/model_results.csv
rs,data/country_weather_by_era/pre/weather_era5_rs_uniform_0p25deg.csv,26487,21189,5298,2019-05-25 05:00:00+00:00,2019-12-31 22:00:00+00:00,regression,LightGBM,r2,0.4543974202830947,0.3659485768671791,-0.0884488434159156,6.479813666956034,0.25,uniform,annual,"2016,2017,2018,2019",data/capacity_weights_pre_and_covid_by_year,20260723T004508Z-92d6e1cf,8,4.830805711253834,5.299841283512915,-0.4690355722590809,pre,Pre-COVID (2016-2019),results/covid_era_spatial_resolution/pre/model_results.csv
si,data/country_weather_by_era/pre/weather_era5_si_uniform_0p25deg.csv,35061,28048,7013,2019-03-14 18:00:00+00:00,2019-12-31 22:00:00+00:00,regression,LightGBM,r2,0.2199283081703911,0.150596975885895,-0.069331332284496,9.189243541040923,0.25,uniform,annual,"2016,2017,2018,2019",data/capacity_weights_pre_and_covid_by_year,20260723T004508Z-92d6e1cf,8,10.8147348316079,11.149015169179528,-0.334280337571629,pre,Pre-COVID (2016-2019),results/covid_era_spatial_resolution/pre/model_results.csv
sk,data/country_weather_by_era/pre/weather_era5_sk_uniform_0p25deg.csv,34873,27898,6975,2019-03-16 08:00:00+00:00,2019-12-31 22:00:00+00:00,regression,LightGBM,r2,0.1022179492662496,0.0729229421362518,-0.0292950071299977,0.8151657080161385,0.25,uniform,annual,"2016,2017,2018,2019",data/capacity_weights_pre_and_covid_by_year,20260723T004508Z-92d6e1cf,8,4.870492737101131,5.014632618035499,-0.1441398809343681,pre,Pre-COVID (2016-2019),results/covid_era_spatial_resolution/pre/model_results.csv
at,data/country_weather_by_era/pre/weather_era5_at_uniform_0p5deg.csv,35063,28050,7013,2019-03-14 18:00:00+00:00,2019-12-31 22:00:00+00:00,regression,LightGBM,r2,0.497143965942786,0.5292362594758391,0.032092293533053,8.599077125021722,0.5,uniform,annual,"2016,2017,2018,2019",data/capacity_weights_pre_and_covid_by_year,20260723T004508Z-92d6e1cf,8,13.87947901933043,13.32090731429682,0.5585717050336108,pre,Pre-COVID (2016-2019),results/covid_era_spatial_resolution/pre/model_results.csv
be,data/country_weather_by_era/pre/weather_era5_be_uniform_0p5deg.csv,35063,28050,7013,2019-03-14 18:00:00+00:00,2019-12-31 22:00:00+00:00,regression,LightGBM,r2,0.0817545259112659,0.66782305518784,0.586068529276574,0.845983375038486,0.5,uniform,annual,"2016,2017,2018,2019",data/capacity_weights_pre_and_covid_by_year,20260723T004508Z-92d6e1cf,8,7.03113906003516,4.195859885809673,2.8352791742254873,pre,Pre-COVID (2016-2019),results/covid_era_spatial_resolution/pre/model_results.csv
bg,data/country_weather_by_era/pre/weather_era5_bg_uniform_0p5deg.csv,35062,28049,7013,2019-03-14 17:00:00+00:00,2019-12-31 21:00:00+00:00,regression,LightGBM,r2,0.4429260359842488,0.524661827065144,0.0817357910808951,0.8109715419705026,0.5,uniform,annual,"2016,2017,2018,2019",data/capacity_weights_pre_and_covid_by_year,20260723T004508Z-92d6e1cf,8,4.971137222874793,4.42819429225135,0.5429429306234432,pre,Pre-COVID (2016-2019),results/covid_era_spatial_resolution/pre/model_results.csv
cz,data/country_weather_by_era/pre/weather_era5_cz_uniform_0p5deg.csv,35041,28032,7009,2019-03-14 18:00:00+00:00,2019-12-31 22:00:00+00:00,regression,LightGBM,r2,0.6549204447046366,0.8329586970928694,0.1780382523882328,0.8769702920108102,0.5,uniform,annual,"2016,2017,2018,2019",data/capacity_weights_pre_and_covid_by_year,20260723T004508Z-92d6e1cf,8,2.1095662869423175,1.5751556253793269,0.5344106615629907,pre,Pre-COVID (2016-2019),results/covid_era_spatial_resolution/pre/model_results.csv
de,data/country_weather_by_era/pre/weather_era5_de_uniform_0p5deg.csv,35063,28050,7013,2019-03-14 18:00:00+00:00,2019-12-31 22:00:00+00:00,regression,LightGBM,r2,0.2437988614140794,0.792939998915658,0.5491411375015786,9.381773624976631,0.5,uniform,annual,"2016,2017,2018,2019",data/capacity_weights_pre_and_covid_by_year,20260723T004508Z-92d6e1cf,8,11.695963307247968,5.982256235843913,5.713707071404054,pre,Pre-COVID (2016-2019),results/covid_era_spatial_resolution/pre/model_results.csv
dk,data/country_weather_by_era/pre/weather_era5_dk_uniform_0p5deg.csv,35063,28050,7013,2019-03-14 18:00:00+00:00,2019-12-31 22:00:00+00:00,regression,LightGBM,r2,0.0390657265717682,0.7782428709264773,0.739177144354709,8.981340625032317,0.5,uniform,annual,"2016,2017,2018,2019",data/capacity_weights_pre_and_covid_by_year,20260723T004508Z-92d6e1cf,8,25.532534006225067,11.545856588366542,13.986677417858523,pre,Pre-COVID (2016-2019),results/covid_era_spatial_resolution/pre/model_results.csv
es,data/country_weather_by_era/pre/weather_era5_es_uniform_0p5deg.csv,35054,28043,7011,2019-03-14 15:00:00+00:00,2019-12-31 22:00:00+00:00,regression,LightGBM,r2,-0.0895464056154353,0.4679876786450075,0.5575340842604429,8.826106040971354,0.5,uniform,annual,"2016,2017,2018,2019",data/capacity_weights_pre_and_covid_by_year,20260723T004508Z-92d6e1cf,8,10.323653026972869,7.496194254122035,2.8274587728508314,pre,Pre-COVID (2016-2019),results/covid_era_spatial_resolution/pre/model_results.csv
fr,data/country_weather_by_era/pre/weather_era5_fr_uniform_0p5deg.csv,35003,28002,7001,2019-03-14 21:00:00+00:00,2019-12-31 22:00:00+00:00,regression,LightGBM,r2,-0.3661378876432437,0.3151790241127152,0.681316911755959,0.9433732919860632,0.5,uniform,annual,"2016,2017,2018,2019",data/capacity_weights_pre_and_covid_by_year,20260723T004508Z-92d6e1cf,8,5.136435428379696,3.896022535011303,1.2404128933683929,pre,Pre-COVID (2016-2019),results/covid_era_spatial_resolution/pre/model_results.csv
gr,data/country_weather_by_era/pre/weather_era5_gr_uniform_0p5deg.csv,35023,28018,7005,2019-03-14 23:00:00+00:00,2019-12-31 21:00:00+00:00,regression,LightGBM,r2,0.3810923628641166,0.6622413817438255,0.2811490188797089,6.436931292002555,0.5,uniform,annual,"2016,2017,2018,2019",data/capacity_weights_pre_and_covid_by_year,20260723T004508Z-92d6e1cf,8,6.915804002959841,4.978943591674965,1.9368604112848755,pre,Pre-COVID (2016-2019),results/covid_era_spatial_resolution/pre/model_results.csv
hr,data/country_weather_by_era/pre/weather_era5_hr_uniform_0p5deg.csv,8760,7008,1752,2019-10-19 23:00:00+00:00,2019-12-31 22:00:00+00:00,regression,LightGBM,r2,-1.5746282905381208,-0.8717206773325461,0.7029076132055747,3.1661500000045635,0.5,uniform,annual,"2016,2017,2018,2019",data/capacity_weights_pre_and_covid_by_year,20260723T004508Z-92d6e1cf,8,31.95952012351829,27.29125574991565,4.668264373602639,pre,Pre-COVID (2016-2019),results/covid_era_spatial_resolution/pre/model_results.csv
ie,data/country_weather_by_era/pre/weather_era5_ie_uniform_0p5deg.csv,34879,27903,6976,2019-03-15 16:00:00+00:00,2019-12-31 23:00:00+00:00,regression,LightGBM,r2,0.0090073436277043,0.7901264977195506,0.7811191540918462,8.307980292011052,0.5,uniform,annual,"2016,2017,2018,2019",data/capacity_weights_pre_and_covid_by_year,20260723T004508Z-92d6e1cf,8,18.61247904793727,7.748024869483628,10.864454178453643,pre,Pre-COVID (2016-2019),results/covid_era_spatial_resolution/pre/model_results.csv
lt,data/country_weather_by_era/pre/weather_era5_lt_uniform_0p5deg.csv,34352,27481,6871,2019-03-19 09:00:00+00:00,2019-12-31 21:00:00+00:00,regression,LightGBM,r2,0.1032995827407636,0.7340398399356607,0.630740257194897,5.289308417006396,0.5,uniform,annual,"2016,2017,2018,2019",data/capacity_weights_pre_and_covid_by_year,20260723T004508Z-92d6e1cf,8,6.837820892996806,3.632204114042283,3.205616778954523,pre,Pre-COVID (2016-2019),results/covid_era_spatial_resolution/pre/model_results.csv
lv,data/country_weather_by_era/pre/weather_era5_lv_uniform_0p5deg.csv,34992,27993,6999,2019-03-14 06:00:00+00:00,2019-12-31 21:00:00+00:00,regression,LightGBM,r2,0.1593929777680786,-0.0754625811666418,-0.2348555589347204,9.282514500024265,0.5,uniform,annual,"2016,2017,2018,2019",data/capacity_weights_pre_and_covid_by_year,20260723T004508Z-92d6e1cf,8,20.9029849665924,22.849794615687948,-1.9468096490955489,pre,Pre-COVID (2016-2019),results/covid_era_spatial_resolution/pre/model_results.csv
nl,data/country_weather_by_era/pre/weather_era5_nl_uniform_0p5deg.csv,35063,28050,7013,2019-03-14 18:00:00+00:00,2019-12-31 22:00:00+00:00,regression,LightGBM,r2,-0.1895322465236899,0.4300139118048203,0.6195461583285102,0.6800804160302505,0.5,uniform,annual,"2016,2017,2018,2019",data/capacity_weights_pre_and_covid_by_year,20260723T004508Z-92d6e1cf,8,3.560543594210646,2.5351485388271113,1.0253950553835347,pre,Pre-COVID (2016-2019),results/covid_era_spatial_resolution/pre/model_results.csv
pt,data/country_weather_by_era/pre/weather_era5_pt_uniform_0p5deg.csv,35064,28051,7013,2019-03-14 19:00:00+00:00,2019-12-31 23:00:00+00:00,regression,LightGBM,r2,-0.0965457592553002,0.39465637992186,0.4912021391771602,8.52143566700397,0.5,uniform,annual,"2016,2017,2018,2019",data/capacity_weights_pre_and_covid_by_year,20260723T004508Z-92d6e1cf,8,17.977773831239762,13.08217345817023,4.8956003730695326,pre,Pre-COVID (2016-2019),results/covid_era_spatial_resolution/pre/model_results.csv
ro,data/country_weather_by_era/pre/weather_era5_ro_uniform_0p5deg.csv,35009,28007,7002,2019-03-15 04:00:00+00:00,2019-12-31 21:00:00+00:00,regression,LightGBM,r2,0.3697418788660437,0.5049299084772702,0.1351880296112264,9.135460791992957,0.5,uniform,annual,"2016,2017,2018,2019",data/capacity_weights_pre_and_covid_by_year,20260723T004508Z-92d6e1cf,8,9.806413017453664,8.339941646020662,1.4664713714330002,pre,Pre-COVID (2016-2019),results/covid_era_spatial_resolution/pre/model_results.csv
rs,data/country_weather_by_era/pre/weather_era5_rs_uniform_0p5deg.csv,26487,21189,5298,2019-05-25 05:00:00+00:00,2019-12-31 22:00:00+00:00,regression,LightGBM,r2,0.4543974202830947,0.3652290224734229,-0.0891683978096717,6.353129499999341,0.5,uniform,annual,"2016,2017,2018,2019",data/capacity_weights_pre_and_covid_by_year,20260723T004508Z-92d6e1cf,8,4.830805711253834,5.307977597855558,-0.4771718866017238,pre,Pre-COVID (2016-2019),results/covid_era_spatial_resolution/pre/model_results.csv
si,data/country_weather_by_era/pre/weather_era5_si_uniform_0p5deg.csv,35061,28048,7013,2019-03-14 18:00:00+00:00,2019-12-31 22:00:00+00:00,regression,LightGBM,r2,0.2199283081703911,0.1477539931353481,-0.072174315035043,9.041452958015723,0.5,uniform,annual,"2016,2017,2018,2019",data/capacity_weights_pre_and_covid_by_year,20260723T004508Z-92d6e1cf,8,10.8147348316079,11.184249671857756,-0.3695148402498578,pre,Pre-COVID (2016-2019),results/covid_era_spatial_resolution/pre/model_results.csv
sk,data/country_weather_by_era/pre/weather_era5_sk_uniform_0p5deg.csv,34873,27898,6975,2019-03-16 08:00:00+00:00,2019-12-31 22:00:00+00:00,regression,LightGBM,r2,0.1022179492662496,0.0697116991411054,-0.0325062501251441,0.7781477079843171,0.5,uniform,annual,"2016,2017,2018,2019",data/capacity_weights_pre_and_covid_by_year,20260723T004508Z-92d6e1cf,8,4.870492737101131,5.0158898555769955,-0.1453971184758646,pre,Pre-COVID (2016-2019),results/covid_era_spatial_resolution/pre/model_results.csv
at,data/country_weather_by_era/pre/weather_era5_at_uniform_1p0deg.csv,35063,28050,7013,2019-03-14 18:00:00+00:00,2019-12-31 22:00:00+00:00,regression,LightGBM,r2,0.497143965942786,0.5344606538856964,0.0373166879429104,8.138103541976307,1.0,uniform,annual,"2016,2017,2018,2019",data/capacity_weights_pre_and_covid_by_year,20260723T004508Z-92d6e1cf,8,13.87947901933043,13.239032228948144,0.6404467903822866,pre,Pre-COVID (2016-2019),results/covid_era_spatial_resolution/pre/model_results.csv
be,data/country_weather_by_era/pre/weather_era5_be_uniform_1p0deg.csv,35063,28050,7013,2019-03-14 18:00:00+00:00,2019-12-31 22:00:00+00:00,regression,LightGBM,r2,0.0817545259112659,0.6580549218638986,0.5763003959526326,0.7945197920198552,1.0,uniform,annual,"2016,2017,2018,2019",data/capacity_weights_pre_and_covid_by_year,20260723T004508Z-92d6e1cf,8,7.03113906003516,4.25919774585591,2.7719413141792506,pre,Pre-COVID (2016-2019),results/covid_era_spatial_resolution/pre/model_results.csv
bg,data/country_weather_by_era/pre/weather_era5_bg_uniform_1p0deg.csv,35062,28049,7013,2019-03-14 17:00:00+00:00,2019-12-31 21:00:00+00:00,regression,LightGBM,r2,0.4429260359842488,0.5228775670583905,0.0799515310741416,0.797733666957356,1.0,uniform,annual,"2016,2017,2018,2019",data/capacity_weights_pre_and_covid_by_year,20260723T004508Z-92d6e1cf,8,4.971137222874793,4.457852006608682,0.5132852162661106,pre,Pre-COVID (2016-2019),results/covid_era_spatial_resolution/pre/model_results.csv
cz,data/country_weather_by_era/pre/weather_era5_cz_uniform_1p0deg.csv,35041,28032,7009,2019-03-14 18:00:00+00:00,2019-12-31 22:00:00+00:00,regression,LightGBM,r2,0.6549204447046366,0.8274231088307875,0.1725026641261509,1.6771885000052862,1.0,uniform,annual,"2016,2017,2018,2019",data/capacity_weights_pre_and_covid_by_year,20260723T004508Z-92d6e1cf,8,2.1095662869423175,1.5901066603926306,0.5194596265496869,pre,Pre-COVID (2016-2019),results/covid_era_spatial_resolution/pre/model_results.csv
de,data/country_weather_by_era/pre/weather_era5_de_uniform_1p0deg.csv,35063,28050,7013,2019-03-14 18:00:00+00:00,2019-12-31 22:00:00+00:00,regression,LightGBM,r2,0.2437988614140794,0.7952497955994013,0.5514509341853219,9.403160083980763,1.0,uniform,annual,"2016,2017,2018,2019",data/capacity_weights_pre_and_covid_by_year,20260723T004508Z-92d6e1cf,8,11.695963307247968,5.927981003816763,5.767982303431204,pre,Pre-COVID (2016-2019),results/covid_era_spatial_resolution/pre/model_results.csv
dk,data/country_weather_by_era/pre/weather_era5_dk_uniform_1p0deg.csv,35063,28050,7013,2019-03-14 18:00:00+00:00,2019-12-31 22:00:00+00:00,regression,LightGBM,r2,0.0390657265717682,0.7634492463373712,0.724383519765603,8.947543458023574,1.0,uniform,annual,"2016,2017,2018,2019",data/capacity_weights_pre_and_covid_by_year,20260723T004508Z-92d6e1cf,8,25.532534006225067,11.910511931707347,13.62202207451772,pre,Pre-COVID (2016-2019),results/covid_era_spatial_resolution/pre/model_results.csv
es,data/country_weather_by_era/pre/weather_era5_es_uniform_1p0deg.csv,35054,28043,7011,2019-03-14 15:00:00+00:00,2019-12-31 22:00:00+00:00,regression,LightGBM,r2,-0.0895464056154353,0.4661038837611068,0.5556502893765422,8.373934582981747,1.0,uniform,annual,"2016,2017,2018,2019",data/capacity_weights_pre_and_covid_by_year,20260723T004508Z-92d6e1cf,8,10.323653026972869,7.505001168530641,2.8186518584422258,pre,Pre-COVID (2016-2019),results/covid_era_spatial_resolution/pre/model_results.csv
fr,data/country_weather_by_era/pre/weather_era5_fr_uniform_1p0deg.csv,35003,28002,7001,2019-03-14 21:00:00+00:00,2019-12-31 22:00:00+00:00,regression,LightGBM,r2,-0.3661378876432437,0.3201918737978625,0.6863297614411062,0.898930958006531,1.0,uniform,annual,"2016,2017,2018,2019",data/capacity_weights_pre_and_covid_by_year,20260723T004508Z-92d6e1cf,8,5.136435428379696,3.879431889562759,1.257003538816937,pre,Pre-COVID (2016-2019),results/covid_era_spatial_resolution/pre/model_results.csv
gr,data/country_weather_by_era/pre/weather_era5_gr_uniform_1p0deg.csv,35023,28018,7005,2019-03-14 23:00:00+00:00,2019-12-31 21:00:00+00:00,regression,LightGBM,r2,0.3810923628641166,0.6625915461621705,0.2814991832980539,6.419261500006542,1.0,uniform,annual,"2016,2017,2018,2019",data/capacity_weights_pre_and_covid_by_year,20260723T004508Z-92d6e1cf,8,6.915804002959841,4.965211067917845,1.950592935041996,pre,Pre-COVID (2016-2019),results/covid_era_spatial_resolution/pre/model_results.csv
hr,data/country_weather_by_era/pre/weather_era5_hr_uniform_1p0deg.csv,8760,7008,1752,2019-10-19 23:00:00+00:00,2019-12-31 22:00:00+00:00,regression,LightGBM,r2,-1.5746282905381208,-0.954846381274759,0.6197819092633619,3.2756930830073543,1.0,uniform,annual,"2016,2017,2018,2019",data/capacity_weights_pre_and_covid_by_year,20260723T004508Z-92d6e1cf,8,31.95952012351829,28.011238455268018,3.9482816682502744,pre,Pre-COVID (2016-2019),results/covid_era_spatial_resolution/pre/model_results.csv
ie,data/country_weather_by_era/pre/weather_era5_ie_uniform_1p0deg.csv,34879,27903,6976,2019-03-15 16:00:00+00:00,2019-12-31 23:00:00+00:00,regression,LightGBM,r2,0.0090073436277043,0.7518221117471241,0.7428147681194197,8.455639625026379,1.0,uniform,annual,"2016,2017,2018,2019",data/capacity_weights_pre_and_covid_by_year,20260723T004508Z-92d6e1cf,8,18.61247904793727,8.316135087674132,10.296343960263142,pre,Pre-COVID (2016-2019),results/covid_era_spatial_resolution/pre/model_results.csv
lt,data/country_weather_by_era/pre/weather_era5_lt_uniform_1p0deg.csv,34352,27481,6871,2019-03-19 09:00:00+00:00,2019-12-31 21:00:00+00:00,regression,LightGBM,r2,0.1032995827407636,0.7151560723802703,0.6118564896395067,5.347903916030191,1.0,uniform,annual,"2016,2017,2018,2019",data/capacity_weights_pre_and_covid_by_year,20260723T004508Z-92d6e1cf,8,6.837820892996806,3.734471967074267,3.103348925922538,pre,Pre-COVID (2016-2019),results/covid_era_spatial_resolution/pre/model_results.csv
lv,data/country_weather_by_era/pre/weather_era5_lv_uniform_1p0deg.csv,34992,27993,6999,2019-03-14 06:00:00+00:00,2019-12-31 21:00:00+00:00,regression,LightGBM,r2,0.1593929777680786,-0.0725679237639489,-0.2319609015320275,9.527937957958784,1.0,uniform,annual,"2016,2017,2018,2019",data/capacity_weights_pre_and_covid_by_year,20260723T004508Z-92d6e1cf,8,20.9029849665924,22.796486018473235,-1.893501051880836,pre,Pre-COVID (2016-2019),results/covid_era_spatial_resolution/pre/model_results.csv
nl,data/country_weather_by_era/pre/weather_era5_nl_uniform_1p0deg.csv,35063,28050,7013,2019-03-14 18:00:00+00:00,2019-12-31 22:00:00+00:00,regression,LightGBM,r2,-0.1895322465236899,0.4500992071279134,0.6396314536516033,0.7057271669618785,1.0,uniform,annual,"2016,2017,2018,2019",data/capacity_weights_pre_and_covid_by_year,20260723T004508Z-92d6e1cf,8,3.560543594210646,2.5115652228664387,1.0489783713442071,pre,Pre-COVID (2016-2019),results/covid_era_spatial_resolution/pre/model_results.csv
pt,data/country_weather_by_era/pre/weather_era5_pt_uniform_1p0deg.csv,35064,28051,7013,2019-03-14 19:00:00+00:00,2019-12-31 23:00:00+00:00,regression,LightGBM,r2,-0.0965457592553002,0.3928012632838177,0.489347022539118,8.61353745800443,1.0,uniform,annual,"2016,2017,2018,2019",data/capacity_weights_pre_and_covid_by_year,20260723T004508Z-92d6e1cf,8,17.977773831239762,13.120883244830544,4.85689058640922,pre,Pre-COVID (2016-2019),results/covid_era_spatial_resolution/pre/model_results.csv
ro,data/country_weather_by_era/pre/weather_era5_ro_uniform_1p0deg.csv,35009,28007,7002,2019-03-15 04:00:00+00:00,2019-12-31 21:00:00+00:00,regression,LightGBM,r2,0.3697418788660437,0.5022239717824821,0.1324820929164384,8.220594374986831,1.0,uniform,annual,"2016,2017,2018,2019",data/capacity_weights_pre_and_covid_by_year,20260723T004508Z-92d6e1cf,8,9.806413017453664,8.364271897216058,1.4421411202376042,pre,Pre-COVID (2016-2019),results/covid_era_spatial_resolution/pre/model_results.csv
rs,data/country_weather_by_era/pre/weather_era5_rs_uniform_1p0deg.csv,26487,21189,5298,2019-05-25 05:00:00+00:00,2019-12-31 22:00:00+00:00,regression,LightGBM,r2,0.4543974202830947,0.3643254123123618,-0.0900720079707328,6.644684209022671,1.0,uniform,annual,"2016,2017,2018,2019",data/capacity_weights_pre_and_covid_by_year,20260723T004508Z-92d6e1cf,8,4.830805711253834,5.3250791115120775,-0.4942734002582432,pre,Pre-COVID (2016-2019),results/covid_era_spatial_resolution/pre/model_results.csv
si,data/country_weather_by_era/pre/weather_era5_si_uniform_1p0deg.csv,35061,28048,7013,2019-03-14 18:00:00+00:00,2019-12-31 22:00:00+00:00,regression,LightGBM,r2,0.2199283081703911,0.1574835102206093,-0.0624447979497817,8.952246541972272,1.0,uniform,annual,"2016,2017,2018,2019",data/capacity_weights_pre_and_covid_by_year,20260723T004508Z-92d6e1cf,8,10.8147348316079,11.101072784254336,-0.286337952646436,pre,Pre-COVID (2016-2019),results/covid_era_spatial_resolution/pre/model_results.csv
sk,data/country_weather_by_era/pre/weather_era5_sk_uniform_1p0deg.csv,34873,27898,6975,2019-03-16 08:00:00+00:00,2019-12-31 22:00:00+00:00,regression,LightGBM,r2,0.1022179492662496,0.0681018547965387,-0.0341160944697108,0.8299432499916293,1.0,uniform,annual,"2016,2017,2018,2019",data/capacity_weights_pre_and_covid_by_year,20260723T004508Z-92d6e1cf,8,4.870492737101131,5.025386896790487,-0.1548941596893565,pre,Pre-COVID (2016-2019),results/covid_era_spatial_resolution/pre/model_results.csv
at,data/country_weather_by_era/pre/weather_era5_at_uniform_2p0deg.csv,35063,28050,7013,2019-03-14 18:00:00+00:00,2019-12-31 22:00:00+00:00,regression,LightGBM,r2,0.497143965942786,0.5536768254125899,0.0565328594698039,7.939237457991112,2.0,uniform,annual,"2016,2017,2018,2019",data/capacity_weights_pre_and_covid_by_year,20260723T004508Z-92d6e1cf,8,13.87947901933043,12.973219633813365,0.9062593855170658,pre,Pre-COVID (2016-2019),results/covid_era_spatial_resolution/pre/model_results.csv
be,data/country_weather_by_era/pre/weather_era5_be_uniform_2p0deg.csv,35063,28050,7013,2019-03-14 18:00:00+00:00,2019-12-31 22:00:00+00:00,regression,LightGBM,r2,0.0817545259112659,0.6520713763431525,0.5703168504318865,0.8462212500162423,2.0,uniform,annual,"2016,2017,2018,2019",data/capacity_weights_pre_and_covid_by_year,20260723T004508Z-92d6e1cf,8,7.03113906003516,4.305930518318723,2.7252085417164373,pre,Pre-COVID (2016-2019),results/covid_era_spatial_resolution/pre/model_results.csv
bg,data/country_weather_by_era/pre/weather_era5_bg_uniform_2p0deg.csv,35062,28049,7013,2019-03-14 17:00:00+00:00,2019-12-31 21:00:00+00:00,regression,LightGBM,r2,0.4429260359842488,0.5276643394400033,0.0847383034557545,0.8226451250375248,2.0,uniform,annual,"2016,2017,2018,2019",data/capacity_weights_pre_and_covid_by_year,20260723T004508Z-92d6e1cf,8,4.971137222874793,4.4044511868567735,0.5666860360180195,pre,Pre-COVID (2016-2019),results/covid_era_spatial_resolution/pre/model_results.csv
cz,data/country_weather_by_era/pre/weather_era5_cz_uniform_2p0deg.csv,35041,28032,7009,2019-03-14 18:00:00+00:00,2019-12-31 22:00:00+00:00,regression,LightGBM,r2,0.6549204447046366,0.830764011570136,0.1758435668654994,1.6140669169835746,2.0,uniform,annual,"2016,2017,2018,2019",data/capacity_weights_pre_and_covid_by_year,20260723T004508Z-92d6e1cf,8,2.1095662869423175,1.582498142663216,0.5270681442791016,pre,Pre-COVID (2016-2019),results/covid_era_spatial_resolution/pre/model_results.csv
de,data/country_weather_by_era/pre/weather_era5_de_uniform_2p0deg.csv,35063,28050,7013,2019-03-14 18:00:00+00:00,2019-12-31 22:00:00+00:00,regression,LightGBM,r2,0.2437988614140794,0.763966222122911,0.5201673607088315,9.173265290970448,2.0,uniform,annual,"2016,2017,2018,2019",data/capacity_weights_pre_and_covid_by_year,20260723T004508Z-92d6e1cf,8,11.695963307247968,6.382125282463349,5.3138380247846175,pre,Pre-COVID (2016-2019),results/covid_era_spatial_resolution/pre/model_results.csv
dk,data/country_weather_by_era/pre/weather_era5_dk_uniform_2p0deg.csv,35063,28050,7013,2019-03-14 18:00:00+00:00,2019-12-31 22:00:00+00:00,regression,LightGBM,r2,0.0390657265717682,0.7399669849696451,0.7009012583978769,9.150061000022106,2.0,uniform,annual,"2016,2017,2018,2019",data/capacity_weights_pre_and_covid_by_year,20260723T004508Z-92d6e1cf,8,25.532534006225067,12.47645761860306,13.056076387622008,pre,Pre-COVID (2016-2019),results/covid_era_spatial_resolution/pre/model_results.csv
es,data/country_weather_by_era/pre/weather_era5_es_uniform_2p0deg.csv,35054,28043,7011,2019-03-14 15:00:00+00:00,2019-12-31 22:00:00+00:00,regression,LightGBM,r2,-0.0895464056154353,0.4698336165684914,0.5593800221839268,8.292441500001587,2.0,uniform,annual,"2016,2017,2018,2019",data/capacity_weights_pre_and_covid_by_year,20260723T004508Z-92d6e1cf,8,10.323653026972869,7.479384220914763,2.8442688060581043,pre,Pre-COVID (2016-2019),results/covid_era_spatial_resolution/pre/model_results.csv
fr,data/country_weather_by_era/pre/weather_era5_fr_uniform_2p0deg.csv,35003,28002,7001,2019-03-14 21:00:00+00:00,2019-12-31 22:00:00+00:00,regression,LightGBM,r2,-0.3661378876432437,0.3056213268261036,0.6717592144693474,0.8910897090099752,2.0,uniform,annual,"2016,2017,2018,2019",data/capacity_weights_pre_and_covid_by_year,20260723T004508Z-92d6e1cf,8,5.136435428379696,3.924793250207394,1.2116421781723017,pre,Pre-COVID (2016-2019),results/covid_era_spatial_resolution/pre/model_results.csv
gr,data/country_weather_by_era/pre/weather_era5_gr_uniform_2p0deg.csv,35023,28018,7005,2019-03-14 23:00:00+00:00,2019-12-31 21:00:00+00:00,regression,LightGBM,r2,0.3810923628641166,0.6591479775768467,0.2780556147127301,6.401364582998212,2.0,uniform,annual,"2016,2017,2018,2019",data/capacity_weights_pre_and_covid_by_year,20260723T004508Z-92d6e1cf,8,6.915804002959841,5.001564709817066,1.9142392931427752,pre,Pre-COVID (2016-2019),results/covid_era_spatial_resolution/pre/model_results.csv
hr,data/country_weather_by_era/pre/weather_era5_hr_uniform_2p0deg.csv,8760,7008,1752,2019-10-19 23:00:00+00:00,2019-12-31 22:00:00+00:00,regression,LightGBM,r2,-1.5746282905381208,-0.9254125359137628,0.649215754624358,3.209089750016574,2.0,uniform,annual,"2016,2017,2018,2019",data/capacity_weights_pre_and_covid_by_year,20260723T004508Z-92d6e1cf,8,31.95952012351829,27.74736617673153,4.21215394678676,pre,Pre-COVID (2016-2019),results/covid_era_spatial_resolution/pre/model_results.csv
ie,data/country_weather_by_era/pre/weather_era5_ie_uniform_2p0deg.csv,34879,27903,6976,2019-03-15 16:00:00+00:00,2019-12-31 23:00:00+00:00,regression,LightGBM,r2,0.0090073436277043,0.694589820213683,0.6855824765859786,8.631270749960095,2.0,uniform,annual,"2016,2017,2018,2019",data/capacity_weights_pre_and_covid_by_year,20260723T004508Z-92d6e1cf,8,18.61247904793727,9.166664495143758,9.445814552793516,pre,Pre-COVID (2016-2019),results/covid_era_spatial_resolution/pre/model_results.csv
lt,data/country_weather_by_era/pre/weather_era5_lt_uniform_2p0deg.csv,34352,27481,6871,2019-03-19 09:00:00+00:00,2019-12-31 21:00:00+00:00,regression,LightGBM,r2,0.1032995827407636,0.677387562251779,0.5740879795110153,5.097947166999802,2.0,uniform,annual,"2016,2017,2018,2019",data/capacity_weights_pre_and_covid_by_year,20260723T004508Z-92d6e1cf,8,6.837820892996806,3.996780765165634,2.841040127831171,pre,Pre-COVID (2016-2019),results/covid_era_spatial_resolution/pre/model_results.csv
lv,data/country_weather_by_era/pre/weather_era5_lv_uniform_2p0deg.csv,34992,27993,6999,2019-03-14 06:00:00+00:00,2019-12-31 21:00:00+00:00,regression,LightGBM,r2,0.1593929777680786,-0.0902251112243586,-0.2496180889924372,9.18298500002129,2.0,uniform,annual,"2016,2017,2018,2019",data/capacity_weights_pre_and_covid_by_year,20260723T004508Z-92d6e1cf,8,20.9029849665924,22.9525180056577,-2.0495330390653024,pre,Pre-COVID (2016-2019),results/covid_era_spatial_resolution/pre/model_results.csv
nl,data/country_weather_by_era/pre/weather_era5_nl_uniform_2p0deg.csv,35063,28050,7013,2019-03-14 18:00:00+00:00,2019-12-31 22:00:00+00:00,regression,LightGBM,r2,-0.1895322465236899,0.4459804635466107,0.6355127100703006,0.7780091669992544,2.0,uniform,annual,"2016,2017,2018,2019",data/capacity_weights_pre_and_covid_by_year,20260723T004508Z-92d6e1cf,8,3.560543594210646,2.509826297343874,1.0507172968667722,pre,Pre-COVID (2016-2019),results/covid_era_spatial_resolution/pre/model_results.csv
pt,data/country_weather_by_era/pre/weather_era5_pt_uniform_2p0deg.csv,35064,28051,7013,2019-03-14 19:00:00+00:00,2019-12-31 23:00:00+00:00,regression,LightGBM,r2,-0.0965457592553002,0.3970344367903863,0.4935801960456866,8.412518208031543,2.0,uniform,annual,"2016,2017,2018,2019",data/capacity_weights_pre_and_covid_by_year,20260723T004508Z-92d6e1cf,8,17.977773831239762,13.080625919396764,4.897147911842998,pre,Pre-COVID (2016-2019),results/covid_era_spatial_resolution/pre/model_results.csv
ro,data/country_weather_by_era/pre/weather_era5_ro_uniform_2p0deg.csv,35009,28007,7002,2019-03-15 04:00:00+00:00,2019-12-31 21:00:00+00:00,regression,LightGBM,r2,0.3697418788660437,0.5170347957206829,0.1472929168546392,8.315366709022783,2.0,uniform,annual,"2016,2017,2018,2019",data/capacity_weights_pre_and_covid_by_year,20260723T004508Z-92d6e1cf,8,9.806413017453664,8.182969284276599,1.623443733177064,pre,Pre-COVID (2016-2019),results/covid_era_spatial_resolution/pre/model_results.csv
rs,data/country_weather_by_era/pre/weather_era5_rs_uniform_2p0deg.csv,26487,21189,5298,2019-05-25 05:00:00+00:00,2019-12-31 22:00:00+00:00,regression,LightGBM,r2,0.4543974202830947,0.3481219414373461,-0.1062754788457486,6.703281791007612,2.0,uniform,annual,"2016,2017,2018,2019",data/capacity_weights_pre_and_covid_by_year,20260723T004508Z-92d6e1cf,8,4.830805711253834,5.402248576417875,-0.5714428651640411,pre,Pre-COVID (2016-2019),results/covid_era_spatial_resolution/pre/model_results.csv
si,data/country_weather_by_era/pre/weather_era5_si_uniform_2p0deg.csv,35061,28048,7013,2019-03-14 18:00:00+00:00,2019-12-31 22:00:00+00:00,regression,LightGBM,r2,0.2199283081703911,0.1467197025632414,-0.0732086056071497,9.09364833397558,2.0,uniform,annual,"2016,2017,2018,2019",data/capacity_weights_pre_and_covid_by_year,20260723T004508Z-92d6e1cf,8,10.8147348316079,11.20206181427219,-0.3873269826642911,pre,Pre-COVID (2016-2019),results/covid_era_spatial_resolution/pre/model_results.csv
sk,data/country_weather_by_era/pre/weather_era5_sk_uniform_2p0deg.csv,34873,27898,6975,2019-03-16 08:00:00+00:00,2019-12-31 22:00:00+00:00,regression,LightGBM,r2,0.1022179492662496,0.0768130626068626,-0.025404886659387,0.8072712919674814,2.0,uniform,annual,"2016,2017,2018,2019",data/capacity_weights_pre_and_covid_by_year,20260723T004508Z-92d6e1cf,8,4.870492737101131,5.009484595460377,-0.1389918583592457,pre,Pre-COVID (2016-2019),results/covid_era_spatial_resolution/pre/model_results.csv
